route;date;hour;prediction
1;2025-11-01;0;6
1;2025-11-01;1;0
1;2025-11-01;2;0
1;2025-11-01;3;0
1;2025-11-01;4;7
1;2025-11-01;5;134
1;2025-11-01;6;530
1;2025-11-01;7;1493
1;2025-11-01;8;1811
1;2025-11-01;9;1417
1;2025-11-01;10;1276
1;2025-11-01;11;1377
1;2025-11-01;12;1364
1;2025-11-01;13;1427
1;2025-11-01;14;1345
1;2025-11-01;15;1488
1;2025-11-01;16;1552
1;2025-11-01;17;1671
1;2025-11-01;18;1524
1;2025-11-01;19;1181
1;2025-11-01;20;802
1;2025-11-01;21;511
1;2025-11-01;22;265
1;2025-11-01;23;52
1;2025-11-02;0;0
1;2025-11-02;1;0
1;2025-11-02;2;0
1;2025-11-02;3;0
1;2025-11-02;4;0
1;2025-11-02;5;26
1;2025-11-02;6;119
1;2025-11-02;7;250
1;2025-11-02;8;349
1;2025-11-02;9;563
1;2025-11-02;10;660
1;2025-11-02;11;621
1;2025-11-02;12;776
1;2025-11-02;13;792
1;2025-11-02;14;714
1;2025-11-02;15;646
1;2025-11-02;16;618
1;2025-11-02;17;564
1;2025-11-02;18;521
1;2025-11-02;19;449
1;2025-11-02;20;359
1;2025-11-02;21;262
1;2025-11-02;22;120
1;2025-11-02;23;34
1;2025-11-03;0;0
1;2025-11-03;1;0
1;2025-11-03;2;0
1;2025-11-03;3;0
1;2025-11-03;4;0
1;2025-11-03;5;26
1;2025-11-03;6;119
1;2025-11-03;7;250
1;2025-11-03;8;349
1;2025-11-03;9;563
1;2025-11-03;10;660
1;2025-11-03;11;621
1;2025-11-03;12;776
1;2025-11-03;13;792
1;2025-11-03;14;714
1;2025-11-03;15;646
1;2025-11-03;16;618
1;2025-11-03;17;564
1;2025-11-03;18;521
1;2025-11-03;19;449
1;2025-11-03;20;359
1;2025-11-03;21;262
1;2025-11-03;22;120
1;2025-11-03;23;34
1;2025-11-04;0;0
1;2025-11-04;1;0
1;2025-11-04;2;0
1;2025-11-04;3;0
1;2025-11-04;4;0
1;2025-11-04;5;26
1;2025-11-04;6;119
1;2025-11-04;7;250
1;2025-11-04;8;349
1;2025-11-04;9;563
1;2025-11-04;10;660
1;2025-11-04;11;621
1;2025-11-04;12;776
1;2025-11-04;13;792
1;2025-11-04;14;714
1;2025-11-04;15;646
1;2025-11-04;16;618
1;2025-11-04;17;564
1;2025-11-04;18;521
1;2025-11-04;19;449
1;2025-11-04;20;359
1;2025-11-04;21;262
1;2025-11-04;22;120
1;2025-11-04;23;34
1;2025-11-05;0;4
1;2025-11-05;1;0
1;2025-11-05;2;0
1;2025-11-05;3;0
1;2025-11-05;4;8
1;2025-11-05;5;138
1;2025-11-05;6;558
1;2025-11-05;7;1468
1;2025-11-05;8;1864
1;2025-11-05;9;1458
1;2025-11-05;10;1286
1;2025-11-05;11;1322
1;2025-11-05;12;1355
1;2025-11-05;13;1397
1;2025-11-05;14;1336
1;2025-11-05;15;1499
1;2025-11-05;16;1445
1;2025-11-05;17;1745
1;2025-11-05;18;1733
1;2025-11-05;19;1378
1;2025-11-05;20;863
1;2025-11-05;21;478
1;2025-11-05;22;263
1;2025-11-05;23;46
1;2025-11-06;0;5
1;2025-11-06;1;0
1;2025-11-06;2;0
1;2025-11-06;3;0
1;2025-11-06;4;8
1;2025-11-06;5;126
1;2025-11-06;6;527
1;2025-11-06;7;1505
1;2025-11-06;8;1922
1;2025-11-06;9;1475
1;2025-11-06;10;1311
1;2025-11-06;11;1355
1;2025-11-06;12;1391
1;2025-11-06;13;1414
1;2025-11-06;14;1355
1;2025-11-06;15;1499
1;2025-11-06;16;1507
1;2025-11-06;17;1750
1;2025-11-06;18;1755
1;2025-11-06;19;1378
1;2025-11-06;20;882
1;2025-11-06;21;503
1;2025-11-06;22;248
1;2025-11-06;23;56
1;2025-11-07;0;6
1;2025-11-07;1;0
1;2025-11-07;2;0
1;2025-11-07;3;0
1;2025-11-07;4;7
1;2025-11-07;5;134
1;2025-11-07;6;530
1;2025-11-07;7;1493
1;2025-11-07;8;1811
1;2025-11-07;9;1417
1;2025-11-07;10;1276
1;2025-11-07;11;1377
1;2025-11-07;12;1364
1;2025-11-07;13;1427
1;2025-11-07;14;1345
1;2025-11-07;15;1488
1;2025-11-07;16;1552
1;2025-11-07;17;1671
1;2025-11-07;18;1524
1;2025-11-07;19;1181
1;2025-11-07;20;802
1;2025-11-07;21;511
1;2025-11-07;22;265
1;2025-11-07;23;52
1;2025-11-08;0;5
1;2025-11-08;1;0
1;2025-11-08;2;0
1;2025-11-08;3;0
1;2025-11-08;4;0
1;2025-11-08;5;33
1;2025-11-08;6;168
1;2025-11-08;7;326
1;2025-11-08;8;441
1;2025-11-08;9;698
1;2025-11-08;10;789
1;2025-11-08;11;699
1;2025-11-08;12;888
1;2025-11-08;13;917
1;2025-11-08;14;824
1;2025-11-08;15;720
1;2025-11-08;16;715
1;2025-11-08;17;676
1;2025-11-08;18;597
1;2025-11-08;19;547
1;2025-11-08;20;408
1;2025-11-08;21;295
1;2025-11-08;22;135
1;2025-11-08;23;32
1;2025-11-09;0;0
1;2025-11-09;1;0
1;2025-11-09;2;0
1;2025-11-09;3;0
1;2025-11-09;4;0
1;2025-11-09;5;26
1;2025-11-09;6;119
1;2025-11-09;7;250
1;2025-11-09;8;349
1;2025-11-09;9;563
1;2025-11-09;10;660
1;2025-11-09;11;621
1;2025-11-09;12;776
1;2025-11-09;13;792
1;2025-11-09;14;714
1;2025-11-09;15;646
1;2025-11-09;16;618
1;2025-11-09;17;564
1;2025-11-09;18;521
1;2025-11-09;19;449
1;2025-11-09;20;359
1;2025-11-09;21;262
1;2025-11-09;22;120
1;2025-11-09;23;34
1;2025-11-10;0;0
1;2025-11-10;1;0
1;2025-11-10;2;0
1;2025-11-10;3;0
1;2025-11-10;4;8
1;2025-11-10;5;130
1;2025-11-10;6;528
1;2025-11-10;7;1448
1;2025-11-10;8;1836
1;2025-11-10;9;1365
1;2025-11-10;10;1218
1;2025-11-10;11;1245
1;2025-11-10;12;1308
1;2025-11-10;13;1297
1;2025-11-10;14;1236
1;2025-11-10;15;1441
1;2025-11-10;16;1448
1;2025-11-10;17;1698
1;2025-11-10;18;1823
1;2025-11-10;19;1414
1;2025-11-10;20;872
1;2025-11-10;21;460
1;2025-11-10;22;226
1;2025-11-10;23;42
1;2025-11-11;0;3
1;2025-11-11;1;0
1;2025-11-11;2;0
1;2025-11-11;3;0
1;2025-11-11;4;6
1;2025-11-11;5;140
1;2025-11-11;6;551
1;2025-11-11;7;1530
1;2025-11-11;8;1901
1;2025-11-11;9;1477
1;2025-11-11;10;1327
1;2025-11-11;11;1320
1;2025-11-11;12;1360
1;2025-11-11;13;1372
1;2025-11-11;14;1276
1;2025-11-11;15;1431
1;2025-11-11;16;1481
1;2025-11-11;17;1736
1;2025-11-11;18;1768
1;2025-11-11;19;1404
1;2025-11-11;20;910
1;2025-11-11;21;484
1;2025-11-11;22;241
1;2025-11-11;23;43
1;2025-11-12;0;4
1;2025-11-12;1;0
1;2025-11-12;2;0
1;2025-11-12;3;0
1;2025-11-12;4;8
1;2025-11-12;5;138
1;2025-11-12;6;558
1;2025-11-12;7;1468
1;2025-11-12;8;1864
1;2025-11-12;9;1458
1;2025-11-12;10;1286
1;2025-11-12;11;1322
1;2025-11-12;12;1355
1;2025-11-12;13;1397
1;2025-11-12;14;1336
1;2025-11-12;15;1499
1;2025-11-12;16;1445
1;2025-11-12;17;1745
1;2025-11-12;18;1733
1;2025-11-12;19;1378
1;2025-11-12;20;863
1;2025-11-12;21;478
1;2025-11-12;22;263
1;2025-11-12;23;46
1;2025-11-13;0;5
1;2025-11-13;1;0
1;2025-11-13;2;0
1;2025-11-13;3;0
1;2025-11-13;4;8
1;2025-11-13;5;126
1;2025-11-13;6;527
1;2025-11-13;7;1505
1;2025-11-13;8;1922
1;2025-11-13;9;1475
1;2025-11-13;10;1311
1;2025-11-13;11;1355
1;2025-11-13;12;1391
1;2025-11-13;13;1414
1;2025-11-13;14;1355
1;2025-11-13;15;1499
1;2025-11-13;16;1507
1;2025-11-13;17;1750
1;2025-11-13;18;1755
1;2025-11-13;19;1378
1;2025-11-13;20;882
1;2025-11-13;21;503
1;2025-11-13;22;248
1;2025-11-13;23;56
1;2025-11-14;0;6
1;2025-11-14;1;0
1;2025-11-14;2;0
1;2025-11-14;3;0
1;2025-11-14;4;7
1;2025-11-14;5;134
1;2025-11-14;6;530
1;2025-11-14;7;1493
1;2025-11-14;8;1811
1;2025-11-14;9;1417
1;2025-11-14;10;1276
1;2025-11-14;11;1377
1;2025-11-14;12;1364
1;2025-11-14;13;1427
1;2025-11-14;14;1345
1;2025-11-14;15;1488
1;2025-11-14;16;1552
1;2025-11-14;17;1671
1;2025-11-14;18;1524
1;2025-11-14;19;1181
1;2025-11-14;20;802
1;2025-11-14;21;511
1;2025-11-14;22;265
1;2025-11-14;23;52
1;2025-11-15;0;5
1;2025-11-15;1;0
1;2025-11-15;2;0
1;2025-11-15;3;0
1;2025-11-15;4;0
1;2025-11-15;5;33
1;2025-11-15;6;168
1;2025-11-15;7;326
1;2025-11-15;8;441
1;2025-11-15;9;698
1;2025-11-15;10;789
1;2025-11-15;11;699
1;2025-11-15;12;888
1;2025-11-15;13;917
1;2025-11-15;14;824
1;2025-11-15;15;720
1;2025-11-15;16;715
1;2025-11-15;17;676
1;2025-11-15;18;597
1;2025-11-15;19;547
1;2025-11-15;20;408
1;2025-11-15;21;295
1;2025-11-15;22;135
1;2025-11-15;23;32
1;2025-11-16;0;0
1;2025-11-16;1;0
1;2025-11-16;2;0
1;2025-11-16;3;0
1;2025-11-16;4;0
1;2025-11-16;5;26
1;2025-11-16;6;119
1;2025-11-16;7;250
1;2025-11-16;8;349
1;2025-11-16;9;563
1;2025-11-16;10;660
1;2025-11-16;11;621
1;2025-11-16;12;776
1;2025-11-16;13;792
1;2025-11-16;14;714
1;2025-11-16;15;646
1;2025-11-16;16;618
1;2025-11-16;17;564
1;2025-11-16;18;521
1;2025-11-16;19;449
1;2025-11-16;20;359
1;2025-11-16;21;262
1;2025-11-16;22;120
1;2025-11-16;23;34
1;2025-11-17;0;0
1;2025-11-17;1;0
1;2025-11-17;2;0
1;2025-11-17;3;0
1;2025-11-17;4;8
1;2025-11-17;5;130
1;2025-11-17;6;528
1;2025-11-17;7;1448
1;2025-11-17;8;1836
1;2025-11-17;9;1365
1;2025-11-17;10;1218
1;2025-11-17;11;1245
1;2025-11-17;12;1308
1;2025-11-17;13;1297
1;2025-11-17;14;1236
1;2025-11-17;15;1441
1;2025-11-17;16;1448
1;2025-11-17;17;1698
1;2025-11-17;18;1823
1;2025-11-17;19;1414
1;2025-11-17;20;872
1;2025-11-17;21;460
1;2025-11-17;22;226
1;2025-11-17;23;42
1;2025-11-18;0;3
1;2025-11-18;1;0
1;2025-11-18;2;0
1;2025-11-18;3;0
1;2025-11-18;4;6
1;2025-11-18;5;140
1;2025-11-18;6;551
1;2025-11-18;7;1530
1;2025-11-18;8;1901
1;2025-11-18;9;1477
1;2025-11-18;10;1327
1;2025-11-18;11;1320
1;2025-11-18;12;1360
1;2025-11-18;13;1372
1;2025-11-18;14;1276
1;2025-11-18;15;1431
1;2025-11-18;16;1481
1;2025-11-18;17;1736
1;2025-11-18;18;1768
1;2025-11-18;19;1404
1;2025-11-18;20;910
1;2025-11-18;21;484
1;2025-11-18;22;241
1;2025-11-18;23;43
1;2025-11-19;0;4
1;2025-11-19;1;0
1;2025-11-19;2;0
1;2025-11-19;3;0
1;2025-11-19;4;8
1;2025-11-19;5;138
1;2025-11-19;6;558
1;2025-11-19;7;1468
1;2025-11-19;8;1864
1;2025-11-19;9;1458
1;2025-11-19;10;1286
1;2025-11-19;11;1322
1;2025-11-19;12;1355
1;2025-11-19;13;1397
1;2025-11-19;14;1336
1;2025-11-19;15;1499
1;2025-11-19;16;1445
1;2025-11-19;17;1745
1;2025-11-19;18;1733
1;2025-11-19;19;1378
1;2025-11-19;20;863
1;2025-11-19;21;478
1;2025-11-19;22;263
1;2025-11-19;23;46
1;2025-11-20;0;5
1;2025-11-20;1;0
1;2025-11-20;2;0
1;2025-11-20;3;0
1;2025-11-20;4;8
1;2025-11-20;5;126
1;2025-11-20;6;527
1;2025-11-20;7;1505
1;2025-11-20;8;1922
1;2025-11-20;9;1475
1;2025-11-20;10;1311
1;2025-11-20;11;1355
1;2025-11-20;12;1391
1;2025-11-20;13;1414
1;2025-11-20;14;1355
1;2025-11-20;15;1499
1;2025-11-20;16;1507
1;2025-11-20;17;1750
1;2025-11-20;18;1755
1;2025-11-20;19;1378
1;2025-11-20;20;882
1;2025-11-20;21;503
1;2025-11-20;22;248
1;2025-11-20;23;56
1;2025-11-21;0;6
1;2025-11-21;1;0
1;2025-11-21;2;0
1;2025-11-21;3;0
1;2025-11-21;4;7
1;2025-11-21;5;134
1;2025-11-21;6;530
1;2025-11-21;7;1493
1;2025-11-21;8;1811
1;2025-11-21;9;1417
1;2025-11-21;10;1276
1;2025-11-21;11;1377
1;2025-11-21;12;1364
1;2025-11-21;13;1427
1;2025-11-21;14;1345
1;2025-11-21;15;1488
1;2025-11-21;16;1552
1;2025-11-21;17;1671
1;2025-11-21;18;1524
1;2025-11-21;19;1181
1;2025-11-21;20;802
1;2025-11-21;21;511
1;2025-11-21;22;265
1;2025-11-21;23;52
1;2025-11-22;0;5
1;2025-11-22;1;0
1;2025-11-22;2;0
1;2025-11-22;3;0
1;2025-11-22;4;0
1;2025-11-22;5;33
1;2025-11-22;6;168
1;2025-11-22;7;326
1;2025-11-22;8;441
1;2025-11-22;9;698
1;2025-11-22;10;789
1;2025-11-22;11;699
1;2025-11-22;12;888
1;2025-11-22;13;917
1;2025-11-22;14;824
1;2025-11-22;15;720
1;2025-11-22;16;715
1;2025-11-22;17;676
1;2025-11-22;18;597
1;2025-11-22;19;547
1;2025-11-22;20;408
1;2025-11-22;21;295
1;2025-11-22;22;135
1;2025-11-22;23;32
1;2025-11-23;0;0
1;2025-11-23;1;0
1;2025-11-23;2;0
1;2025-11-23;3;0
1;2025-11-23;4;0
1;2025-11-23;5;26
1;2025-11-23;6;119
1;2025-11-23;7;250
1;2025-11-23;8;349
1;2025-11-23;9;563
1;2025-11-23;10;660
1;2025-11-23;11;621
1;2025-11-23;12;776
1;2025-11-23;13;792
1;2025-11-23;14;714
1;2025-11-23;15;646
1;2025-11-23;16;618
1;2025-11-23;17;564
1;2025-11-23;18;521
1;2025-11-23;19;449
1;2025-11-23;20;359
1;2025-11-23;21;262
1;2025-11-23;22;120
1;2025-11-23;23;34
1;2025-11-24;0;0
1;2025-11-24;1;0
1;2025-11-24;2;0
1;2025-11-24;3;0
1;2025-11-24;4;8
1;2025-11-24;5;130
1;2025-11-24;6;528
1;2025-11-24;7;1448
1;2025-11-24;8;1836
1;2025-11-24;9;1365
1;2025-11-24;10;1218
1;2025-11-24;11;1245
1;2025-11-24;12;1308
1;2025-11-24;13;1297
1;2025-11-24;14;1236
1;2025-11-24;15;1441
1;2025-11-24;16;1448
1;2025-11-24;17;1698
1;2025-11-24;18;1823
1;2025-11-24;19;1414
1;2025-11-24;20;872
1;2025-11-24;21;460
1;2025-11-24;22;226
1;2025-11-24;23;42
1;2025-11-25;0;3
1;2025-11-25;1;0
1;2025-11-25;2;0
1;2025-11-25;3;0
1;2025-11-25;4;6
1;2025-11-25;5;140
1;2025-11-25;6;551
1;2025-11-25;7;1530
1;2025-11-25;8;1901
1;2025-11-25;9;1477
1;2025-11-25;10;1327
1;2025-11-25;11;1320
1;2025-11-25;12;1360
1;2025-11-25;13;1372
1;2025-11-25;14;1276
1;2025-11-25;15;1431
1;2025-11-25;16;1481
1;2025-11-25;17;1736
1;2025-11-25;18;1768
1;2025-11-25;19;1404
1;2025-11-25;20;910
1;2025-11-25;21;484
1;2025-11-25;22;241
1;2025-11-25;23;43
1;2025-11-26;0;4
1;2025-11-26;1;0
1;2025-11-26;2;0
1;2025-11-26;3;0
1;2025-11-26;4;8
1;2025-11-26;5;138
1;2025-11-26;6;558
1;2025-11-26;7;1468
1;2025-11-26;8;1864
1;2025-11-26;9;1458
1;2025-11-26;10;1286
1;2025-11-26;11;1322
1;2025-11-26;12;1355
1;2025-11-26;13;1397
1;2025-11-26;14;1336
1;2025-11-26;15;1499
1;2025-11-26;16;1445
1;2025-11-26;17;1745
1;2025-11-26;18;1733
1;2025-11-26;19;1378
1;2025-11-26;20;863
1;2025-11-26;21;478
1;2025-11-26;22;263
1;2025-11-26;23;46
1;2025-11-27;0;5
1;2025-11-27;1;0
1;2025-11-27;2;0
1;2025-11-27;3;0
1;2025-11-27;4;8
1;2025-11-27;5;126
1;2025-11-27;6;527
1;2025-11-27;7;1505
1;2025-11-27;8;1922
1;2025-11-27;9;1475
1;2025-11-27;10;1311
1;2025-11-27;11;1355
1;2025-11-27;12;1391
1;2025-11-27;13;1414
1;2025-11-27;14;1355
1;2025-11-27;15;1499
1;2025-11-27;16;1507
1;2025-11-27;17;1750
1;2025-11-27;18;1755
1;2025-11-27;19;1378
1;2025-11-27;20;882
1;2025-11-27;21;503
1;2025-11-27;22;248
1;2025-11-27;23;56
1;2025-11-28;0;6
1;2025-11-28;1;0
1;2025-11-28;2;0
1;2025-11-28;3;0
1;2025-11-28;4;7
1;2025-11-28;5;134
1;2025-11-28;6;530
1;2025-11-28;7;1493
1;2025-11-28;8;1811
1;2025-11-28;9;1417
1;2025-11-28;10;1276
1;2025-11-28;11;1377
1;2025-11-28;12;1364
1;2025-11-28;13;1427
1;2025-11-28;14;1345
1;2025-11-28;15;1488
1;2025-11-28;16;1552
1;2025-11-28;17;1671
1;2025-11-28;18;1524
1;2025-11-28;19;1181
1;2025-11-28;20;802
1;2025-11-28;21;511
1;2025-11-28;22;265
1;2025-11-28;23;52
1;2025-11-29;0;5
1;2025-11-29;1;0
1;2025-11-29;2;0
1;2025-11-29;3;0
1;2025-11-29;4;0
1;2025-11-29;5;33
1;2025-11-29;6;168
1;2025-11-29;7;326
1;2025-11-29;8;441
1;2025-11-29;9;698
1;2025-11-29;10;789
1;2025-11-29;11;699
1;2025-11-29;12;888
1;2025-11-29;13;917
1;2025-11-29;14;824
1;2025-11-29;15;720
1;2025-11-29;16;715
1;2025-11-29;17;676
1;2025-11-29;18;597
1;2025-11-29;19;547
1;2025-11-29;20;408
1;2025-11-29;21;295
1;2025-11-29;22;135
1;2025-11-29;23;32
1;2025-11-30;0;0
1;2025-11-30;1;0
1;2025-11-30;2;0
1;2025-11-30;3;0
1;2025-11-30;4;0
1;2025-11-30;5;26
1;2025-11-30;6;119
1;2025-11-30;7;250
1;2025-11-30;8;349
1;2025-11-30;9;563
1;2025-11-30;10;660
1;2025-11-30;11;621
1;2025-11-30;12;776
1;2025-11-30;13;792
1;2025-11-30;14;714
1;2025-11-30;15;646
1;2025-11-30;16;618
1;2025-11-30;17;564
1;2025-11-30;18;521
1;2025-11-30;19;449
1;2025-11-30;20;359
1;2025-11-30;21;262
1;2025-11-30;22;120
1;2025-11-30;23;34
1;2025-12-01;0;0
1;2025-12-01;1;0
1;2025-12-01;2;0
1;2025-12-01;3;0
1;2025-12-01;4;8
1;2025-12-01;5;130
1;2025-12-01;6;528
1;2025-12-01;7;1448
1;2025-12-01;8;1836
1;2025-12-01;9;1365
1;2025-12-01;10;1218
1;2025-12-01;11;1245
1;2025-12-01;12;1308
1;2025-12-01;13;1297
1;2025-12-01;14;1236
1;2025-12-01;15;1441
1;2025-12-01;16;1448
1;2025-12-01;17;1698
1;2025-12-01;18;1823
1;2025-12-01;19;1414
1;2025-12-01;20;872
1;2025-12-01;21;460
1;2025-12-01;22;226
1;2025-12-01;23;42
1;2025-12-02;0;3
1;2025-12-02;1;0
1;2025-12-02;2;0
1;2025-12-02;3;0
1;2025-12-02;4;6
1;2025-12-02;5;140
1;2025-12-02;6;551
1;2025-12-02;7;1530
1;2025-12-02;8;1901
1;2025-12-02;9;1477
1;2025-12-02;10;1327
1;2025-12-02;11;1320
1;2025-12-02;12;1360
1;2025-12-02;13;1372
1;2025-12-02;14;1276
1;2025-12-02;15;1431
1;2025-12-02;16;1481
1;2025-12-02;17;1736
1;2025-12-02;18;1768
1;2025-12-02;19;1404
1;2025-12-02;20;910
1;2025-12-02;21;484
1;2025-12-02;22;241
1;2025-12-02;23;43
1;2025-12-03;0;4
1;2025-12-03;1;0
1;2025-12-03;2;0
1;2025-12-03;3;0
1;2025-12-03;4;8
1;2025-12-03;5;138
1;2025-12-03;6;558
1;2025-12-03;7;1468
1;2025-12-03;8;1864
1;2025-12-03;9;1458
1;2025-12-03;10;1286
1;2025-12-03;11;1322
1;2025-12-03;12;1355
1;2025-12-03;13;1397
1;2025-12-03;14;1336
1;2025-12-03;15;1499
1;2025-12-03;16;1445
1;2025-12-03;17;1745
1;2025-12-03;18;1733
1;2025-12-03;19;1378
1;2025-12-03;20;863
1;2025-12-03;21;478
1;2025-12-03;22;263
1;2025-12-03;23;46
1;2025-12-04;0;5
1;2025-12-04;1;0
1;2025-12-04;2;0
1;2025-12-04;3;0
1;2025-12-04;4;8
1;2025-12-04;5;126
1;2025-12-04;6;527
1;2025-12-04;7;1505
1;2025-12-04;8;1922
1;2025-12-04;9;1475
1;2025-12-04;10;1311
1;2025-12-04;11;1355
1;2025-12-04;12;1391
1;2025-12-04;13;1414
1;2025-12-04;14;1355
1;2025-12-04;15;1499
1;2025-12-04;16;1507
1;2025-12-04;17;1750
1;2025-12-04;18;1755
1;2025-12-04;19;1378
1;2025-12-04;20;882
1;2025-12-04;21;503
1;2025-12-04;22;248
1;2025-12-04;23;56
1;2025-12-05;0;6
1;2025-12-05;1;0
1;2025-12-05;2;0
1;2025-12-05;3;0
1;2025-12-05;4;7
1;2025-12-05;5;134
1;2025-12-05;6;530
1;2025-12-05;7;1493
1;2025-12-05;8;1811
1;2025-12-05;9;1417
1;2025-12-05;10;1276
1;2025-12-05;11;1377
1;2025-12-05;12;1364
1;2025-12-05;13;1427
1;2025-12-05;14;1345
1;2025-12-05;15;1488
1;2025-12-05;16;1552
1;2025-12-05;17;1671
1;2025-12-05;18;1524
1;2025-12-05;19;1181
1;2025-12-05;20;802
1;2025-12-05;21;511
1;2025-12-05;22;265
1;2025-12-05;23;52
1;2025-12-06;0;5
1;2025-12-06;1;0
1;2025-12-06;2;0
1;2025-12-06;3;0
1;2025-12-06;4;0
1;2025-12-06;5;33
1;2025-12-06;6;168
1;2025-12-06;7;326
1;2025-12-06;8;441
1;2025-12-06;9;698
1;2025-12-06;10;789
1;2025-12-06;11;699
1;2025-12-06;12;888
1;2025-12-06;13;917
1;2025-12-06;14;824
1;2025-12-06;15;720
1;2025-12-06;16;715
1;2025-12-06;17;676
1;2025-12-06;18;597
1;2025-12-06;19;547
1;2025-12-06;20;408
1;2025-12-06;21;295
1;2025-12-06;22;135
1;2025-12-06;23;32
1;2025-12-07;0;0
1;2025-12-07;1;0
1;2025-12-07;2;0
1;2025-12-07;3;0
1;2025-12-07;4;0
1;2025-12-07;5;26
1;2025-12-07;6;119
1;2025-12-07;7;250
1;2025-12-07;8;349
1;2025-12-07;9;563
1;2025-12-07;10;660
1;2025-12-07;11;621
1;2025-12-07;12;776
1;2025-12-07;13;792
1;2025-12-07;14;714
1;2025-12-07;15;646
1;2025-12-07;16;618
1;2025-12-07;17;564
1;2025-12-07;18;521
1;2025-12-07;19;449
1;2025-12-07;20;359
1;2025-12-07;21;262
1;2025-12-07;22;120
1;2025-12-07;23;34
1;2025-12-08;0;0
1;2025-12-08;1;0
1;2025-12-08;2;0
1;2025-12-08;3;0
1;2025-12-08;4;8
1;2025-12-08;5;130
1;2025-12-08;6;528
1;2025-12-08;7;1448
1;2025-12-08;8;1836
1;2025-12-08;9;1365
1;2025-12-08;10;1218
1;2025-12-08;11;1245
1;2025-12-08;12;1308
1;2025-12-08;13;1297
1;2025-12-08;14;1236
1;2025-12-08;15;1441
1;2025-12-08;16;1448
1;2025-12-08;17;1698
1;2025-12-08;18;1823
1;2025-12-08;19;1414
1;2025-12-08;20;872
1;2025-12-08;21;460
1;2025-12-08;22;226
1;2025-12-08;23;42
1;2025-12-09;0;3
1;2025-12-09;1;0
1;2025-12-09;2;0
1;2025-12-09;3;0
1;2025-12-09;4;6
1;2025-12-09;5;140
1;2025-12-09;6;551
1;2025-12-09;7;1530
1;2025-12-09;8;1901
1;2025-12-09;9;1477
1;2025-12-09;10;1327
1;2025-12-09;11;1320
1;2025-12-09;12;1360
1;2025-12-09;13;1372
1;2025-12-09;14;1276
1;2025-12-09;15;1431
1;2025-12-09;16;1481
1;2025-12-09;17;1736
1;2025-12-09;18;1768
1;2025-12-09;19;1404
1;2025-12-09;20;910
1;2025-12-09;21;484
1;2025-12-09;22;241
1;2025-12-09;23;43
1;2025-12-10;0;4
1;2025-12-10;1;0
1;2025-12-10;2;0
1;2025-12-10;3;0
1;2025-12-10;4;8
1;2025-12-10;5;138
1;2025-12-10;6;558
1;2025-12-10;7;1468
1;2025-12-10;8;1864
1;2025-12-10;9;1458
1;2025-12-10;10;1286
1;2025-12-10;11;1322
1;2025-12-10;12;1355
1;2025-12-10;13;1397
1;2025-12-10;14;1336
1;2025-12-10;15;1499
1;2025-12-10;16;1445
1;2025-12-10;17;1745
1;2025-12-10;18;1733
1;2025-12-10;19;1378
1;2025-12-10;20;863
1;2025-12-10;21;478
1;2025-12-10;22;263
1;2025-12-10;23;46
1;2025-12-11;0;5
1;2025-12-11;1;0
1;2025-12-11;2;0
1;2025-12-11;3;0
1;2025-12-11;4;8
1;2025-12-11;5;126
1;2025-12-11;6;527
1;2025-12-11;7;1505
1;2025-12-11;8;1922
1;2025-12-11;9;1475
1;2025-12-11;10;1311
1;2025-12-11;11;1355
1;2025-12-11;12;1391
1;2025-12-11;13;1414
1;2025-12-11;14;1355
1;2025-12-11;15;1499
1;2025-12-11;16;1507
1;2025-12-11;17;1750
1;2025-12-11;18;1755
1;2025-12-11;19;1378
1;2025-12-11;20;882
1;2025-12-11;21;503
1;2025-12-11;22;248
1;2025-12-11;23;56
1;2025-12-12;0;6
1;2025-12-12;1;0
1;2025-12-12;2;0
1;2025-12-12;3;0
1;2025-12-12;4;7
1;2025-12-12;5;134
1;2025-12-12;6;530
1;2025-12-12;7;1493
1;2025-12-12;8;1811
1;2025-12-12;9;1417
1;2025-12-12;10;1276
1;2025-12-12;11;1377
1;2025-12-12;12;1364
1;2025-12-12;13;1427
1;2025-12-12;14;1345
1;2025-12-12;15;1488
1;2025-12-12;16;1552
1;2025-12-12;17;1671
1;2025-12-12;18;1524
1;2025-12-12;19;1181
1;2025-12-12;20;802
1;2025-12-12;21;511
1;2025-12-12;22;265
1;2025-12-12;23;52
1;2025-12-13;0;5
1;2025-12-13;1;0
1;2025-12-13;2;0
1;2025-12-13;3;0
1;2025-12-13;4;0
1;2025-12-13;5;33
1;2025-12-13;6;168
1;2025-12-13;7;326
1;2025-12-13;8;441
1;2025-12-13;9;698
1;2025-12-13;10;789
1;2025-12-13;11;699
1;2025-12-13;12;888
1;2025-12-13;13;917
1;2025-12-13;14;824
1;2025-12-13;15;720
1;2025-12-13;16;715
1;2025-12-13;17;676
1;2025-12-13;18;597
1;2025-12-13;19;547
1;2025-12-13;20;408
1;2025-12-13;21;295
1;2025-12-13;22;135
1;2025-12-13;23;32
1;2025-12-14;0;0
1;2025-12-14;1;0
1;2025-12-14;2;0
1;2025-12-14;3;0
1;2025-12-14;4;0
1;2025-12-14;5;26
1;2025-12-14;6;119
1;2025-12-14;7;250
1;2025-12-14;8;349
1;2025-12-14;9;563
1;2025-12-14;10;660
1;2025-12-14;11;621
1;2025-12-14;12;776
1;2025-12-14;13;792
1;2025-12-14;14;714
1;2025-12-14;15;646
1;2025-12-14;16;618
1;2025-12-14;17;564
1;2025-12-14;18;521
1;2025-12-14;19;449
1;2025-12-14;20;359
1;2025-12-14;21;262
1;2025-12-14;22;120
1;2025-12-14;23;34
1;2025-12-15;0;0
1;2025-12-15;1;0
1;2025-12-15;2;0
1;2025-12-15;3;0
1;2025-12-15;4;8
1;2025-12-15;5;130
1;2025-12-15;6;528
1;2025-12-15;7;1448
1;2025-12-15;8;1836
1;2025-12-15;9;1365
1;2025-12-15;10;1218
1;2025-12-15;11;1245
1;2025-12-15;12;1308
1;2025-12-15;13;1297
1;2025-12-15;14;1236
1;2025-12-15;15;1441
1;2025-12-15;16;1448
1;2025-12-15;17;1698
1;2025-12-15;18;1823
1;2025-12-15;19;1414
1;2025-12-15;20;872
1;2025-12-15;21;460
1;2025-12-15;22;226
1;2025-12-15;23;42
1;2025-12-16;0;3
1;2025-12-16;1;0
1;2025-12-16;2;0
1;2025-12-16;3;0
1;2025-12-16;4;6
1;2025-12-16;5;140
1;2025-12-16;6;551
1;2025-12-16;7;1530
1;2025-12-16;8;1901
1;2025-12-16;9;1477
1;2025-12-16;10;1327
1;2025-12-16;11;1320
1;2025-12-16;12;1360
1;2025-12-16;13;1372
1;2025-12-16;14;1276
1;2025-12-16;15;1431
1;2025-12-16;16;1481
1;2025-12-16;17;1736
1;2025-12-16;18;1768
1;2025-12-16;19;1404
1;2025-12-16;20;910
1;2025-12-16;21;484
1;2025-12-16;22;241
1;2025-12-16;23;43
1;2025-12-17;0;4
1;2025-12-17;1;0
1;2025-12-17;2;0
1;2025-12-17;3;0
1;2025-12-17;4;8
1;2025-12-17;5;138
1;2025-12-17;6;558
1;2025-12-17;7;1468
1;2025-12-17;8;1864
1;2025-12-17;9;1458
1;2025-12-17;10;1286
1;2025-12-17;11;1322
1;2025-12-17;12;1355
1;2025-12-17;13;1397
1;2025-12-17;14;1336
1;2025-12-17;15;1499
1;2025-12-17;16;1445
1;2025-12-17;17;1745
1;2025-12-17;18;1733
1;2025-12-17;19;1378
1;2025-12-17;20;863
1;2025-12-17;21;478
1;2025-12-17;22;263
1;2025-12-17;23;46
1;2025-12-18;0;5
1;2025-12-18;1;0
1;2025-12-18;2;0
1;2025-12-18;3;0
1;2025-12-18;4;8
1;2025-12-18;5;126
1;2025-12-18;6;527
1;2025-12-18;7;1505
1;2025-12-18;8;1922
1;2025-12-18;9;1475
1;2025-12-18;10;1311
1;2025-12-18;11;1355
1;2025-12-18;12;1391
1;2025-12-18;13;1414
1;2025-12-18;14;1355
1;2025-12-18;15;1499
1;2025-12-18;16;1507
1;2025-12-18;17;1750
1;2025-12-18;18;1755
1;2025-12-18;19;1378
1;2025-12-18;20;882
1;2025-12-18;21;503
1;2025-12-18;22;248
1;2025-12-18;23;56
1;2025-12-19;0;6
1;2025-12-19;1;0
1;2025-12-19;2;0
1;2025-12-19;3;0
1;2025-12-19;4;7
1;2025-12-19;5;134
1;2025-12-19;6;530
1;2025-12-19;7;1493
1;2025-12-19;8;1811
1;2025-12-19;9;1417
1;2025-12-19;10;1276
1;2025-12-19;11;1377
1;2025-12-19;12;1364
1;2025-12-19;13;1427
1;2025-12-19;14;1345
1;2025-12-19;15;1488
1;2025-12-19;16;1552
1;2025-12-19;17;1671
1;2025-12-19;18;1524
1;2025-12-19;19;1181
1;2025-12-19;20;802
1;2025-12-19;21;511
1;2025-12-19;22;265
1;2025-12-19;23;52
1;2025-12-20;0;5
1;2025-12-20;1;0
1;2025-12-20;2;0
1;2025-12-20;3;0
1;2025-12-20;4;0
1;2025-12-20;5;33
1;2025-12-20;6;168
1;2025-12-20;7;326
1;2025-12-20;8;441
1;2025-12-20;9;698
1;2025-12-20;10;789
1;2025-12-20;11;699
1;2025-12-20;12;888
1;2025-12-20;13;917
1;2025-12-20;14;824
1;2025-12-20;15;720
1;2025-12-20;16;715
1;2025-12-20;17;676
1;2025-12-20;18;597
1;2025-12-20;19;547
1;2025-12-20;20;408
1;2025-12-20;21;295
1;2025-12-20;22;135
1;2025-12-20;23;32
1;2025-12-21;0;0
1;2025-12-21;1;0
1;2025-12-21;2;0
1;2025-12-21;3;0
1;2025-12-21;4;0
1;2025-12-21;5;26
1;2025-12-21;6;119
1;2025-12-21;7;250
1;2025-12-21;8;349
1;2025-12-21;9;563
1;2025-12-21;10;660
1;2025-12-21;11;621
1;2025-12-21;12;776
1;2025-12-21;13;792
1;2025-12-21;14;714
1;2025-12-21;15;646
1;2025-12-21;16;618
1;2025-12-21;17;564
1;2025-12-21;18;521
1;2025-12-21;19;449
1;2025-12-21;20;359
1;2025-12-21;21;262
1;2025-12-21;22;120
1;2025-12-21;23;34
1;2025-12-22;0;0
1;2025-12-22;1;0
1;2025-12-22;2;0
1;2025-12-22;3;0
1;2025-12-22;4;8
1;2025-12-22;5;130
1;2025-12-22;6;528
1;2025-12-22;7;1448
1;2025-12-22;8;1836
1;2025-12-22;9;1365
1;2025-12-22;10;1218
1;2025-12-22;11;1245
1;2025-12-22;12;1308
1;2025-12-22;13;1297
1;2025-12-22;14;1236
1;2025-12-22;15;1441
1;2025-12-22;16;1448
1;2025-12-22;17;1698
1;2025-12-22;18;1823
1;2025-12-22;19;1414
1;2025-12-22;20;872
1;2025-12-22;21;460
1;2025-12-22;22;226
1;2025-12-22;23;42
1;2025-12-23;0;3
1;2025-12-23;1;0
1;2025-12-23;2;0
1;2025-12-23;3;0
1;2025-12-23;4;6
1;2025-12-23;5;140
1;2025-12-23;6;551
1;2025-12-23;7;1530
1;2025-12-23;8;1901
1;2025-12-23;9;1477
1;2025-12-23;10;1327
1;2025-12-23;11;1320
1;2025-12-23;12;1360
1;2025-12-23;13;1372
1;2025-12-23;14;1276
1;2025-12-23;15;1431
1;2025-12-23;16;1481
1;2025-12-23;17;1736
1;2025-12-23;18;1768
1;2025-12-23;19;1404
1;2025-12-23;20;910
1;2025-12-23;21;484
1;2025-12-23;22;241
1;2025-12-23;23;43
1;2025-12-24;0;4
1;2025-12-24;1;0
1;2025-12-24;2;0
1;2025-12-24;3;0
1;2025-12-24;4;8
1;2025-12-24;5;138
1;2025-12-24;6;558
1;2025-12-24;7;1468
1;2025-12-24;8;1864
1;2025-12-24;9;1458
1;2025-12-24;10;1286
1;2025-12-24;11;1322
1;2025-12-24;12;1355
1;2025-12-24;13;1397
1;2025-12-24;14;1336
1;2025-12-24;15;1499
1;2025-12-24;16;1445
1;2025-12-24;17;1745
1;2025-12-24;18;1733
1;2025-12-24;19;1378
1;2025-12-24;20;863
1;2025-12-24;21;478
1;2025-12-24;22;263
1;2025-12-24;23;46
1;2025-12-25;0;5
1;2025-12-25;1;0
1;2025-12-25;2;0
1;2025-12-25;3;0
1;2025-12-25;4;8
1;2025-12-25;5;126
1;2025-12-25;6;527
1;2025-12-25;7;1505
1;2025-12-25;8;1922
1;2025-12-25;9;1475
1;2025-12-25;10;1311
1;2025-12-25;11;1355
1;2025-12-25;12;1391
1;2025-12-25;13;1414
1;2025-12-25;14;1355
1;2025-12-25;15;1499
1;2025-12-25;16;1507
1;2025-12-25;17;1750
1;2025-12-25;18;1755
1;2025-12-25;19;1378
1;2025-12-25;20;882
1;2025-12-25;21;503
1;2025-12-25;22;248
1;2025-12-25;23;56
1;2025-12-26;0;6
1;2025-12-26;1;0
1;2025-12-26;2;0
1;2025-12-26;3;0
1;2025-12-26;4;7
1;2025-12-26;5;134
1;2025-12-26;6;530
1;2025-12-26;7;1493
1;2025-12-26;8;1811
1;2025-12-26;9;1417
1;2025-12-26;10;1276
1;2025-12-26;11;1377
1;2025-12-26;12;1364
1;2025-12-26;13;1427
1;2025-12-26;14;1345
1;2025-12-26;15;1488
1;2025-12-26;16;1552
1;2025-12-26;17;1671
1;2025-12-26;18;1524
1;2025-12-26;19;1181
1;2025-12-26;20;802
1;2025-12-26;21;511
1;2025-12-26;22;265
1;2025-12-26;23;52
1;2025-12-27;0;5
1;2025-12-27;1;0
1;2025-12-27;2;0
1;2025-12-27;3;0
1;2025-12-27;4;0
1;2025-12-27;5;33
1;2025-12-27;6;168
1;2025-12-27;7;326
1;2025-12-27;8;441
1;2025-12-27;9;698
1;2025-12-27;10;789
1;2025-12-27;11;699
1;2025-12-27;12;888
1;2025-12-27;13;917
1;2025-12-27;14;824
1;2025-12-27;15;720
1;2025-12-27;16;715
1;2025-12-27;17;676
1;2025-12-27;18;597
1;2025-12-27;19;547
1;2025-12-27;20;408
1;2025-12-27;21;295
1;2025-12-27;22;135
1;2025-12-27;23;32
1;2025-12-28;0;0
1;2025-12-28;1;0
1;2025-12-28;2;0
1;2025-12-28;3;0
1;2025-12-28;4;0
1;2025-12-28;5;26
1;2025-12-28;6;119
1;2025-12-28;7;250
1;2025-12-28;8;349
1;2025-12-28;9;563
1;2025-12-28;10;660
1;2025-12-28;11;621
1;2025-12-28;12;776
1;2025-12-28;13;792
1;2025-12-28;14;714
1;2025-12-28;15;646
1;2025-12-28;16;618
1;2025-12-28;17;564
1;2025-12-28;18;521
1;2025-12-28;19;449
1;2025-12-28;20;359
1;2025-12-28;21;262
1;2025-12-28;22;120
1;2025-12-28;23;34
1;2025-12-29;0;0
1;2025-12-29;1;0
1;2025-12-29;2;0
1;2025-12-29;3;0
1;2025-12-29;4;8
1;2025-12-29;5;130
1;2025-12-29;6;528
1;2025-12-29;7;1448
1;2025-12-29;8;1836
1;2025-12-29;9;1365
1;2025-12-29;10;1218
1;2025-12-29;11;1245
1;2025-12-29;12;1308
1;2025-12-29;13;1297
1;2025-12-29;14;1236
1;2025-12-29;15;1441
1;2025-12-29;16;1448
1;2025-12-29;17;1698
1;2025-12-29;18;1823
1;2025-12-29;19;1414
1;2025-12-29;20;872
1;2025-12-29;21;460
1;2025-12-29;22;226
1;2025-12-29;23;42
1;2025-12-30;0;3
1;2025-12-30;1;0
1;2025-12-30;2;0
1;2025-12-30;3;0
1;2025-12-30;4;6
1;2025-12-30;5;140
1;2025-12-30;6;551
1;2025-12-30;7;1530
1;2025-12-30;8;1901
1;2025-12-30;9;1477
1;2025-12-30;10;1327
1;2025-12-30;11;1320
1;2025-12-30;12;1360
1;2025-12-30;13;1372
1;2025-12-30;14;1276
1;2025-12-30;15;1431
1;2025-12-30;16;1481
1;2025-12-30;17;1736
1;2025-12-30;18;1768
1;2025-12-30;19;1404
1;2025-12-30;20;910
1;2025-12-30;21;484
1;2025-12-30;22;241
1;2025-12-30;23;43
1;2025-12-31;0;0
1;2025-12-31;1;0
1;2025-12-31;2;0
1;2025-12-31;3;0
1;2025-12-31;4;0
1;2025-12-31;5;26
1;2025-12-31;6;119
1;2025-12-31;7;250
1;2025-12-31;8;349
1;2025-12-31;9;563
1;2025-12-31;10;660
1;2025-12-31;11;621
1;2025-12-31;12;776
1;2025-12-31;13;792
1;2025-12-31;14;714
1;2025-12-31;15;646
1;2025-12-31;16;618
1;2025-12-31;17;564
1;2025-12-31;18;521
1;2025-12-31;19;449
1;2025-12-31;20;359
1;2025-12-31;21;262
1;2025-12-31;22;120
1;2025-12-31;23;34
5;2025-11-01;0;0
5;2025-11-01;1;0
5;2025-11-01;2;0
5;2025-11-01;3;0
5;2025-11-01;4;0
5;2025-11-01;5;0
5;2025-11-01;6;0
5;2025-11-01;7;0
5;2025-11-01;8;0
5;2025-11-01;9;0
5;2025-11-01;10;0
5;2025-11-01;11;0
5;2025-11-01;12;0
5;2025-11-01;13;0
5;2025-11-01;14;0
5;2025-11-01;15;0
5;2025-11-01;16;0
5;2025-11-01;17;0
5;2025-11-01;18;0
5;2025-11-01;19;0
5;2025-11-01;20;0
5;2025-11-01;21;0
5;2025-11-01;22;0
5;2025-11-01;23;0
5;2025-11-02;0;0
5;2025-11-02;1;0
5;2025-11-02;2;0
5;2025-11-02;3;0
5;2025-11-02;4;0
5;2025-11-02;5;0
5;2025-11-02;6;0
5;2025-11-02;7;0
5;2025-11-02;8;0
5;2025-11-02;9;0
5;2025-11-02;10;0
5;2025-11-02;11;0
5;2025-11-02;12;0
5;2025-11-02;13;0
5;2025-11-02;14;0
5;2025-11-02;15;0
5;2025-11-02;16;0
5;2025-11-02;17;0
5;2025-11-02;18;0
5;2025-11-02;19;0
5;2025-11-02;20;0
5;2025-11-02;21;0
5;2025-11-02;22;0
5;2025-11-02;23;0
5;2025-11-03;0;0
5;2025-11-03;1;0
5;2025-11-03;2;0
5;2025-11-03;3;0
5;2025-11-03;4;0
5;2025-11-03;5;0
5;2025-11-03;6;0
5;2025-11-03;7;0
5;2025-11-03;8;0
5;2025-11-03;9;0
5;2025-11-03;10;0
5;2025-11-03;11;0
5;2025-11-03;12;0
5;2025-11-03;13;0
5;2025-11-03;14;0
5;2025-11-03;15;0
5;2025-11-03;16;0
5;2025-11-03;17;0
5;2025-11-03;18;0
5;2025-11-03;19;0
5;2025-11-03;20;0
5;2025-11-03;21;0
5;2025-11-03;22;0
5;2025-11-03;23;0
5;2025-11-04;0;0
5;2025-11-04;1;0
5;2025-11-04;2;0
5;2025-11-04;3;0
5;2025-11-04;4;0
5;2025-11-04;5;0
5;2025-11-04;6;0
5;2025-11-04;7;0
5;2025-11-04;8;0
5;2025-11-04;9;0
5;2025-11-04;10;0
5;2025-11-04;11;0
5;2025-11-04;12;0
5;2025-11-04;13;0
5;2025-11-04;14;0
5;2025-11-04;15;0
5;2025-11-04;16;0
5;2025-11-04;17;0
5;2025-11-04;18;0
5;2025-11-04;19;0
5;2025-11-04;20;0
5;2025-11-04;21;0
5;2025-11-04;22;0
5;2025-11-04;23;0
5;2025-11-05;0;0
5;2025-11-05;1;0
5;2025-11-05;2;0
5;2025-11-05;3;0
5;2025-11-05;4;0
5;2025-11-05;5;0
5;2025-11-05;6;0
5;2025-11-05;7;0
5;2025-11-05;8;0
5;2025-11-05;9;0
5;2025-11-05;10;0
5;2025-11-05;11;0
5;2025-11-05;12;0
5;2025-11-05;13;0
5;2025-11-05;14;0
5;2025-11-05;15;0
5;2025-11-05;16;0
5;2025-11-05;17;0
5;2025-11-05;18;0
5;2025-11-05;19;0
5;2025-11-05;20;0
5;2025-11-05;21;0
5;2025-11-05;22;0
5;2025-11-05;23;0
5;2025-11-06;0;0
5;2025-11-06;1;0
5;2025-11-06;2;0
5;2025-11-06;3;0
5;2025-11-06;4;0
5;2025-11-06;5;0
5;2025-11-06;6;0
5;2025-11-06;7;0
5;2025-11-06;8;0
5;2025-11-06;9;0
5;2025-11-06;10;0
5;2025-11-06;11;0
5;2025-11-06;12;0
5;2025-11-06;13;0
5;2025-11-06;14;0
5;2025-11-06;15;0
5;2025-11-06;16;0
5;2025-11-06;17;0
5;2025-11-06;18;0
5;2025-11-06;19;0
5;2025-11-06;20;0
5;2025-11-06;21;0
5;2025-11-06;22;0
5;2025-11-06;23;0
5;2025-11-07;0;0
5;2025-11-07;1;0
5;2025-11-07;2;0
5;2025-11-07;3;0
5;2025-11-07;4;0
5;2025-11-07;5;0
5;2025-11-07;6;0
5;2025-11-07;7;0
5;2025-11-07;8;0
5;2025-11-07;9;0
5;2025-11-07;10;0
5;2025-11-07;11;0
5;2025-11-07;12;0
5;2025-11-07;13;0
5;2025-11-07;14;0
5;2025-11-07;15;0
5;2025-11-07;16;0
5;2025-11-07;17;0
5;2025-11-07;18;0
5;2025-11-07;19;0
5;2025-11-07;20;0
5;2025-11-07;21;0
5;2025-11-07;22;0
5;2025-11-07;23;0
5;2025-11-08;0;0
5;2025-11-08;1;0
5;2025-11-08;2;0
5;2025-11-08;3;0
5;2025-11-08;4;0
5;2025-11-08;5;0
5;2025-11-08;6;0
5;2025-11-08;7;0
5;2025-11-08;8;0
5;2025-11-08;9;0
5;2025-11-08;10;0
5;2025-11-08;11;0
5;2025-11-08;12;0
5;2025-11-08;13;0
5;2025-11-08;14;0
5;2025-11-08;15;0
5;2025-11-08;16;0
5;2025-11-08;17;0
5;2025-11-08;18;0
5;2025-11-08;19;0
5;2025-11-08;20;0
5;2025-11-08;21;0
5;2025-11-08;22;0
5;2025-11-08;23;0
5;2025-11-09;0;0
5;2025-11-09;1;0
5;2025-11-09;2;0
5;2025-11-09;3;0
5;2025-11-09;4;0
5;2025-11-09;5;0
5;2025-11-09;6;0
5;2025-11-09;7;0
5;2025-11-09;8;0
5;2025-11-09;9;0
5;2025-11-09;10;0
5;2025-11-09;11;0
5;2025-11-09;12;0
5;2025-11-09;13;0
5;2025-11-09;14;0
5;2025-11-09;15;0
5;2025-11-09;16;0
5;2025-11-09;17;0
5;2025-11-09;18;0
5;2025-11-09;19;0
5;2025-11-09;20;0
5;2025-11-09;21;0
5;2025-11-09;22;0
5;2025-11-09;23;0
5;2025-11-10;0;0
5;2025-11-10;1;0
5;2025-11-10;2;0
5;2025-11-10;3;0
5;2025-11-10;4;0
5;2025-11-10;5;0
5;2025-11-10;6;0
5;2025-11-10;7;0
5;2025-11-10;8;0
5;2025-11-10;9;0
5;2025-11-10;10;0
5;2025-11-10;11;0
5;2025-11-10;12;0
5;2025-11-10;13;0
5;2025-11-10;14;0
5;2025-11-10;15;0
5;2025-11-10;16;0
5;2025-11-10;17;0
5;2025-11-10;18;0
5;2025-11-10;19;0
5;2025-11-10;20;0
5;2025-11-10;21;0
5;2025-11-10;22;0
5;2025-11-10;23;0
5;2025-11-11;0;0
5;2025-11-11;1;0
5;2025-11-11;2;0
5;2025-11-11;3;0
5;2025-11-11;4;0
5;2025-11-11;5;0
5;2025-11-11;6;0
5;2025-11-11;7;0
5;2025-11-11;8;0
5;2025-11-11;9;0
5;2025-11-11;10;0
5;2025-11-11;11;0
5;2025-11-11;12;0
5;2025-11-11;13;0
5;2025-11-11;14;0
5;2025-11-11;15;0
5;2025-11-11;16;0
5;2025-11-11;17;0
5;2025-11-11;18;0
5;2025-11-11;19;0
5;2025-11-11;20;0
5;2025-11-11;21;0
5;2025-11-11;22;0
5;2025-11-11;23;0
5;2025-11-12;0;0
5;2025-11-12;1;0
5;2025-11-12;2;0
5;2025-11-12;3;0
5;2025-11-12;4;0
5;2025-11-12;5;0
5;2025-11-12;6;0
5;2025-11-12;7;0
5;2025-11-12;8;0
5;2025-11-12;9;0
5;2025-11-12;10;0
5;2025-11-12;11;0
5;2025-11-12;12;0
5;2025-11-12;13;0
5;2025-11-12;14;0
5;2025-11-12;15;0
5;2025-11-12;16;0
5;2025-11-12;17;0
5;2025-11-12;18;0
5;2025-11-12;19;0
5;2025-11-12;20;0
5;2025-11-12;21;0
5;2025-11-12;22;0
5;2025-11-12;23;0
5;2025-11-13;0;0
5;2025-11-13;1;0
5;2025-11-13;2;0
5;2025-11-13;3;0
5;2025-11-13;4;0
5;2025-11-13;5;0
5;2025-11-13;6;0
5;2025-11-13;7;0
5;2025-11-13;8;0
5;2025-11-13;9;0
5;2025-11-13;10;0
5;2025-11-13;11;0
5;2025-11-13;12;0
5;2025-11-13;13;0
5;2025-11-13;14;0
5;2025-11-13;15;0
5;2025-11-13;16;0
5;2025-11-13;17;0
5;2025-11-13;18;0
5;2025-11-13;19;0
5;2025-11-13;20;0
5;2025-11-13;21;0
5;2025-11-13;22;0
5;2025-11-13;23;0
5;2025-11-14;0;0
5;2025-11-14;1;0
5;2025-11-14;2;0
5;2025-11-14;3;0
5;2025-11-14;4;0
5;2025-11-14;5;0
5;2025-11-14;6;0
5;2025-11-14;7;0
5;2025-11-14;8;0
5;2025-11-14;9;0
5;2025-11-14;10;0
5;2025-11-14;11;0
5;2025-11-14;12;0
5;2025-11-14;13;0
5;2025-11-14;14;0
5;2025-11-14;15;0
5;2025-11-14;16;0
5;2025-11-14;17;0
5;2025-11-14;18;0
5;2025-11-14;19;0
5;2025-11-14;20;0
5;2025-11-14;21;0
5;2025-11-14;22;0
5;2025-11-14;23;0
5;2025-11-15;0;0
5;2025-11-15;1;0
5;2025-11-15;2;0
5;2025-11-15;3;0
5;2025-11-15;4;0
5;2025-11-15;5;0
5;2025-11-15;6;0
5;2025-11-15;7;0
5;2025-11-15;8;0
5;2025-11-15;9;0
5;2025-11-15;10;0
5;2025-11-15;11;0
5;2025-11-15;12;0
5;2025-11-15;13;0
5;2025-11-15;14;0
5;2025-11-15;15;0
5;2025-11-15;16;0
5;2025-11-15;17;0
5;2025-11-15;18;0
5;2025-11-15;19;0
5;2025-11-15;20;0
5;2025-11-15;21;0
5;2025-11-15;22;0
5;2025-11-15;23;0
5;2025-11-16;0;0
5;2025-11-16;1;0
5;2025-11-16;2;0
5;2025-11-16;3;0
5;2025-11-16;4;0
5;2025-11-16;5;0
5;2025-11-16;6;0
5;2025-11-16;7;0
5;2025-11-16;8;0
5;2025-11-16;9;0
5;2025-11-16;10;0
5;2025-11-16;11;0
5;2025-11-16;12;0
5;2025-11-16;13;0
5;2025-11-16;14;0
5;2025-11-16;15;0
5;2025-11-16;16;0
5;2025-11-16;17;0
5;2025-11-16;18;0
5;2025-11-16;19;0
5;2025-11-16;20;0
5;2025-11-16;21;0
5;2025-11-16;22;0
5;2025-11-16;23;0
5;2025-11-17;0;0
5;2025-11-17;1;0
5;2025-11-17;2;0
5;2025-11-17;3;0
5;2025-11-17;4;0
5;2025-11-17;5;0
5;2025-11-17;6;0
5;2025-11-17;7;0
5;2025-11-17;8;0
5;2025-11-17;9;0
5;2025-11-17;10;0
5;2025-11-17;11;0
5;2025-11-17;12;0
5;2025-11-17;13;0
5;2025-11-17;14;0
5;2025-11-17;15;0
5;2025-11-17;16;0
5;2025-11-17;17;0
5;2025-11-17;18;0
5;2025-11-17;19;0
5;2025-11-17;20;0
5;2025-11-17;21;0
5;2025-11-17;22;0
5;2025-11-17;23;0
5;2025-11-18;0;0
5;2025-11-18;1;0
5;2025-11-18;2;0
5;2025-11-18;3;0
5;2025-11-18;4;0
5;2025-11-18;5;0
5;2025-11-18;6;0
5;2025-11-18;7;0
5;2025-11-18;8;0
5;2025-11-18;9;0
5;2025-11-18;10;0
5;2025-11-18;11;0
5;2025-11-18;12;0
5;2025-11-18;13;0
5;2025-11-18;14;0
5;2025-11-18;15;0
5;2025-11-18;16;0
5;2025-11-18;17;0
5;2025-11-18;18;0
5;2025-11-18;19;0
5;2025-11-18;20;0
5;2025-11-18;21;0
5;2025-11-18;22;0
5;2025-11-18;23;0
5;2025-11-19;0;0
5;2025-11-19;1;0
5;2025-11-19;2;0
5;2025-11-19;3;0
5;2025-11-19;4;0
5;2025-11-19;5;0
5;2025-11-19;6;0
5;2025-11-19;7;0
5;2025-11-19;8;0
5;2025-11-19;9;0
5;2025-11-19;10;0
5;2025-11-19;11;0
5;2025-11-19;12;0
5;2025-11-19;13;0
5;2025-11-19;14;0
5;2025-11-19;15;0
5;2025-11-19;16;0
5;2025-11-19;17;0
5;2025-11-19;18;0
5;2025-11-19;19;0
5;2025-11-19;20;0
5;2025-11-19;21;0
5;2025-11-19;22;0
5;2025-11-19;23;0
5;2025-11-20;0;0
5;2025-11-20;1;0
5;2025-11-20;2;0
5;2025-11-20;3;0
5;2025-11-20;4;0
5;2025-11-20;5;0
5;2025-11-20;6;0
5;2025-11-20;7;0
5;2025-11-20;8;0
5;2025-11-20;9;0
5;2025-11-20;10;0
5;2025-11-20;11;0
5;2025-11-20;12;0
5;2025-11-20;13;0
5;2025-11-20;14;0
5;2025-11-20;15;0
5;2025-11-20;16;0
5;2025-11-20;17;0
5;2025-11-20;18;0
5;2025-11-20;19;0
5;2025-11-20;20;0
5;2025-11-20;21;0
5;2025-11-20;22;0
5;2025-11-20;23;0
5;2025-11-21;0;0
5;2025-11-21;1;0
5;2025-11-21;2;0
5;2025-11-21;3;0
5;2025-11-21;4;0
5;2025-11-21;5;0
5;2025-11-21;6;0
5;2025-11-21;7;0
5;2025-11-21;8;0
5;2025-11-21;9;0
5;2025-11-21;10;0
5;2025-11-21;11;0
5;2025-11-21;12;0
5;2025-11-21;13;0
5;2025-11-21;14;0
5;2025-11-21;15;0
5;2025-11-21;16;0
5;2025-11-21;17;0
5;2025-11-21;18;0
5;2025-11-21;19;0
5;2025-11-21;20;0
5;2025-11-21;21;0
5;2025-11-21;22;0
5;2025-11-21;23;0
5;2025-11-22;0;0
5;2025-11-22;1;0
5;2025-11-22;2;0
5;2025-11-22;3;0
5;2025-11-22;4;0
5;2025-11-22;5;0
5;2025-11-22;6;0
5;2025-11-22;7;0
5;2025-11-22;8;0
5;2025-11-22;9;0
5;2025-11-22;10;0
5;2025-11-22;11;0
5;2025-11-22;12;0
5;2025-11-22;13;0
5;2025-11-22;14;0
5;2025-11-22;15;0
5;2025-11-22;16;0
5;2025-11-22;17;0
5;2025-11-22;18;0
5;2025-11-22;19;0
5;2025-11-22;20;0
5;2025-11-22;21;0
5;2025-11-22;22;0
5;2025-11-22;23;0
5;2025-11-23;0;0
5;2025-11-23;1;0
5;2025-11-23;2;0
5;2025-11-23;3;0
5;2025-11-23;4;0
5;2025-11-23;5;0
5;2025-11-23;6;0
5;2025-11-23;7;0
5;2025-11-23;8;0
5;2025-11-23;9;0
5;2025-11-23;10;0
5;2025-11-23;11;0
5;2025-11-23;12;0
5;2025-11-23;13;0
5;2025-11-23;14;0
5;2025-11-23;15;0
5;2025-11-23;16;0
5;2025-11-23;17;0
5;2025-11-23;18;0
5;2025-11-23;19;0
5;2025-11-23;20;0
5;2025-11-23;21;0
5;2025-11-23;22;0
5;2025-11-23;23;0
5;2025-11-24;0;0
5;2025-11-24;1;0
5;2025-11-24;2;0
5;2025-11-24;3;0
5;2025-11-24;4;0
5;2025-11-24;5;0
5;2025-11-24;6;0
5;2025-11-24;7;0
5;2025-11-24;8;0
5;2025-11-24;9;0
5;2025-11-24;10;0
5;2025-11-24;11;0
5;2025-11-24;12;0
5;2025-11-24;13;0
5;2025-11-24;14;0
5;2025-11-24;15;0
5;2025-11-24;16;0
5;2025-11-24;17;0
5;2025-11-24;18;0
5;2025-11-24;19;0
5;2025-11-24;20;0
5;2025-11-24;21;0
5;2025-11-24;22;0
5;2025-11-24;23;0
5;2025-11-25;0;0
5;2025-11-25;1;0
5;2025-11-25;2;0
5;2025-11-25;3;0
5;2025-11-25;4;0
5;2025-11-25;5;0
5;2025-11-25;6;0
5;2025-11-25;7;0
5;2025-11-25;8;0
5;2025-11-25;9;0
5;2025-11-25;10;0
5;2025-11-25;11;0
5;2025-11-25;12;0
5;2025-11-25;13;0
5;2025-11-25;14;0
5;2025-11-25;15;0
5;2025-11-25;16;0
5;2025-11-25;17;0
5;2025-11-25;18;0
5;2025-11-25;19;0
5;2025-11-25;20;0
5;2025-11-25;21;0
5;2025-11-25;22;0
5;2025-11-25;23;0
5;2025-11-26;0;0
5;2025-11-26;1;0
5;2025-11-26;2;0
5;2025-11-26;3;0
5;2025-11-26;4;0
5;2025-11-26;5;0
5;2025-11-26;6;0
5;2025-11-26;7;0
5;2025-11-26;8;0
5;2025-11-26;9;0
5;2025-11-26;10;0
5;2025-11-26;11;0
5;2025-11-26;12;0
5;2025-11-26;13;0
5;2025-11-26;14;0
5;2025-11-26;15;0
5;2025-11-26;16;0
5;2025-11-26;17;0
5;2025-11-26;18;0
5;2025-11-26;19;0
5;2025-11-26;20;0
5;2025-11-26;21;0
5;2025-11-26;22;0
5;2025-11-26;23;0
5;2025-11-27;0;0
5;2025-11-27;1;0
5;2025-11-27;2;0
5;2025-11-27;3;0
5;2025-11-27;4;0
5;2025-11-27;5;0
5;2025-11-27;6;0
5;2025-11-27;7;0
5;2025-11-27;8;0
5;2025-11-27;9;0
5;2025-11-27;10;0
5;2025-11-27;11;0
5;2025-11-27;12;0
5;2025-11-27;13;0
5;2025-11-27;14;0
5;2025-11-27;15;0
5;2025-11-27;16;0
5;2025-11-27;17;0
5;2025-11-27;18;0
5;2025-11-27;19;0
5;2025-11-27;20;0
5;2025-11-27;21;0
5;2025-11-27;22;0
5;2025-11-27;23;0
5;2025-11-28;0;0
5;2025-11-28;1;0
5;2025-11-28;2;0
5;2025-11-28;3;0
5;2025-11-28;4;0
5;2025-11-28;5;0
5;2025-11-28;6;0
5;2025-11-28;7;0
5;2025-11-28;8;0
5;2025-11-28;9;0
5;2025-11-28;10;0
5;2025-11-28;11;0
5;2025-11-28;12;0
5;2025-11-28;13;0
5;2025-11-28;14;0
5;2025-11-28;15;0
5;2025-11-28;16;0
5;2025-11-28;17;0
5;2025-11-28;18;0
5;2025-11-28;19;0
5;2025-11-28;20;0
5;2025-11-28;21;0
5;2025-11-28;22;0
5;2025-11-28;23;0
5;2025-11-29;0;0
5;2025-11-29;1;0
5;2025-11-29;2;0
5;2025-11-29;3;0
5;2025-11-29;4;0
5;2025-11-29;5;0
5;2025-11-29;6;0
5;2025-11-29;7;0
5;2025-11-29;8;0
5;2025-11-29;9;0
5;2025-11-29;10;0
5;2025-11-29;11;0
5;2025-11-29;12;0
5;2025-11-29;13;0
5;2025-11-29;14;0
5;2025-11-29;15;0
5;2025-11-29;16;0
5;2025-11-29;17;0
5;2025-11-29;18;0
5;2025-11-29;19;0
5;2025-11-29;20;0
5;2025-11-29;21;0
5;2025-11-29;22;0
5;2025-11-29;23;0
5;2025-11-30;0;0
5;2025-11-30;1;0
5;2025-11-30;2;0
5;2025-11-30;3;0
5;2025-11-30;4;0
5;2025-11-30;5;0
5;2025-11-30;6;0
5;2025-11-30;7;0
5;2025-11-30;8;0
5;2025-11-30;9;0
5;2025-11-30;10;0
5;2025-11-30;11;0
5;2025-11-30;12;0
5;2025-11-30;13;0
5;2025-11-30;14;0
5;2025-11-30;15;0
5;2025-11-30;16;0
5;2025-11-30;17;0
5;2025-11-30;18;0
5;2025-11-30;19;0
5;2025-11-30;20;0
5;2025-11-30;21;0
5;2025-11-30;22;0
5;2025-11-30;23;0
5;2025-12-01;0;0
5;2025-12-01;1;0
5;2025-12-01;2;0
5;2025-12-01;3;0
5;2025-12-01;4;0
5;2025-12-01;5;0
5;2025-12-01;6;0
5;2025-12-01;7;0
5;2025-12-01;8;0
5;2025-12-01;9;0
5;2025-12-01;10;0
5;2025-12-01;11;0
5;2025-12-01;12;0
5;2025-12-01;13;0
5;2025-12-01;14;0
5;2025-12-01;15;0
5;2025-12-01;16;0
5;2025-12-01;17;0
5;2025-12-01;18;0
5;2025-12-01;19;0
5;2025-12-01;20;0
5;2025-12-01;21;0
5;2025-12-01;22;0
5;2025-12-01;23;0
5;2025-12-02;0;0
5;2025-12-02;1;0
5;2025-12-02;2;0
5;2025-12-02;3;0
5;2025-12-02;4;0
5;2025-12-02;5;0
5;2025-12-02;6;0
5;2025-12-02;7;0
5;2025-12-02;8;0
5;2025-12-02;9;0
5;2025-12-02;10;0
5;2025-12-02;11;0
5;2025-12-02;12;0
5;2025-12-02;13;0
5;2025-12-02;14;0
5;2025-12-02;15;0
5;2025-12-02;16;0
5;2025-12-02;17;0
5;2025-12-02;18;0
5;2025-12-02;19;0
5;2025-12-02;20;0
5;2025-12-02;21;0
5;2025-12-02;22;0
5;2025-12-02;23;0
5;2025-12-03;0;0
5;2025-12-03;1;0
5;2025-12-03;2;0
5;2025-12-03;3;0
5;2025-12-03;4;0
5;2025-12-03;5;0
5;2025-12-03;6;0
5;2025-12-03;7;0
5;2025-12-03;8;0
5;2025-12-03;9;0
5;2025-12-03;10;0
5;2025-12-03;11;0
5;2025-12-03;12;0
5;2025-12-03;13;0
5;2025-12-03;14;0
5;2025-12-03;15;0
5;2025-12-03;16;0
5;2025-12-03;17;0
5;2025-12-03;18;0
5;2025-12-03;19;0
5;2025-12-03;20;0
5;2025-12-03;21;0
5;2025-12-03;22;0
5;2025-12-03;23;0
5;2025-12-04;0;0
5;2025-12-04;1;0
5;2025-12-04;2;0
5;2025-12-04;3;0
5;2025-12-04;4;0
5;2025-12-04;5;0
5;2025-12-04;6;0
5;2025-12-04;7;0
5;2025-12-04;8;0
5;2025-12-04;9;0
5;2025-12-04;10;0
5;2025-12-04;11;0
5;2025-12-04;12;0
5;2025-12-04;13;0
5;2025-12-04;14;0
5;2025-12-04;15;0
5;2025-12-04;16;0
5;2025-12-04;17;0
5;2025-12-04;18;0
5;2025-12-04;19;0
5;2025-12-04;20;0
5;2025-12-04;21;0
5;2025-12-04;22;0
5;2025-12-04;23;0
5;2025-12-05;0;0
5;2025-12-05;1;0
5;2025-12-05;2;0
5;2025-12-05;3;0
5;2025-12-05;4;0
5;2025-12-05;5;0
5;2025-12-05;6;0
5;2025-12-05;7;0
5;2025-12-05;8;0
5;2025-12-05;9;0
5;2025-12-05;10;0
5;2025-12-05;11;0
5;2025-12-05;12;0
5;2025-12-05;13;0
5;2025-12-05;14;0
5;2025-12-05;15;0
5;2025-12-05;16;0
5;2025-12-05;17;0
5;2025-12-05;18;0
5;2025-12-05;19;0
5;2025-12-05;20;0
5;2025-12-05;21;0
5;2025-12-05;22;0
5;2025-12-05;23;0
5;2025-12-06;0;0
5;2025-12-06;1;0
5;2025-12-06;2;0
5;2025-12-06;3;0
5;2025-12-06;4;0
5;2025-12-06;5;0
5;2025-12-06;6;0
5;2025-12-06;7;0
5;2025-12-06;8;0
5;2025-12-06;9;0
5;2025-12-06;10;0
5;2025-12-06;11;0
5;2025-12-06;12;0
5;2025-12-06;13;0
5;2025-12-06;14;0
5;2025-12-06;15;0
5;2025-12-06;16;0
5;2025-12-06;17;0
5;2025-12-06;18;0
5;2025-12-06;19;0
5;2025-12-06;20;0
5;2025-12-06;21;0
5;2025-12-06;22;0
5;2025-12-06;23;0
5;2025-12-07;0;0
5;2025-12-07;1;0
5;2025-12-07;2;0
5;2025-12-07;3;0
5;2025-12-07;4;0
5;2025-12-07;5;0
5;2025-12-07;6;0
5;2025-12-07;7;0
5;2025-12-07;8;0
5;2025-12-07;9;0
5;2025-12-07;10;0
5;2025-12-07;11;0
5;2025-12-07;12;0
5;2025-12-07;13;0
5;2025-12-07;14;0
5;2025-12-07;15;0
5;2025-12-07;16;0
5;2025-12-07;17;0
5;2025-12-07;18;0
5;2025-12-07;19;0
5;2025-12-07;20;0
5;2025-12-07;21;0
5;2025-12-07;22;0
5;2025-12-07;23;0
5;2025-12-08;0;0
5;2025-12-08;1;0
5;2025-12-08;2;0
5;2025-12-08;3;0
5;2025-12-08;4;0
5;2025-12-08;5;0
5;2025-12-08;6;0
5;2025-12-08;7;0
5;2025-12-08;8;0
5;2025-12-08;9;0
5;2025-12-08;10;0
5;2025-12-08;11;0
5;2025-12-08;12;0
5;2025-12-08;13;0
5;2025-12-08;14;0
5;2025-12-08;15;0
5;2025-12-08;16;0
5;2025-12-08;17;0
5;2025-12-08;18;0
5;2025-12-08;19;0
5;2025-12-08;20;0
5;2025-12-08;21;0
5;2025-12-08;22;0
5;2025-12-08;23;0
5;2025-12-09;0;0
5;2025-12-09;1;0
5;2025-12-09;2;0
5;2025-12-09;3;0
5;2025-12-09;4;0
5;2025-12-09;5;0
5;2025-12-09;6;0
5;2025-12-09;7;0
5;2025-12-09;8;0
5;2025-12-09;9;0
5;2025-12-09;10;0
5;2025-12-09;11;0
5;2025-12-09;12;0
5;2025-12-09;13;0
5;2025-12-09;14;0
5;2025-12-09;15;0
5;2025-12-09;16;0
5;2025-12-09;17;0
5;2025-12-09;18;0
5;2025-12-09;19;0
5;2025-12-09;20;0
5;2025-12-09;21;0
5;2025-12-09;22;0
5;2025-12-09;23;0
5;2025-12-10;0;0
5;2025-12-10;1;0
5;2025-12-10;2;0
5;2025-12-10;3;0
5;2025-12-10;4;0
5;2025-12-10;5;0
5;2025-12-10;6;0
5;2025-12-10;7;0
5;2025-12-10;8;0
5;2025-12-10;9;0
5;2025-12-10;10;0
5;2025-12-10;11;0
5;2025-12-10;12;0
5;2025-12-10;13;0
5;2025-12-10;14;0
5;2025-12-10;15;0
5;2025-12-10;16;0
5;2025-12-10;17;0
5;2025-12-10;18;0
5;2025-12-10;19;0
5;2025-12-10;20;0
5;2025-12-10;21;0
5;2025-12-10;22;0
5;2025-12-10;23;0
5;2025-12-11;0;0
5;2025-12-11;1;0
5;2025-12-11;2;0
5;2025-12-11;3;0
5;2025-12-11;4;0
5;2025-12-11;5;0
5;2025-12-11;6;0
5;2025-12-11;7;0
5;2025-12-11;8;0
5;2025-12-11;9;0
5;2025-12-11;10;0
5;2025-12-11;11;0
5;2025-12-11;12;0
5;2025-12-11;13;0
5;2025-12-11;14;0
5;2025-12-11;15;0
5;2025-12-11;16;0
5;2025-12-11;17;0
5;2025-12-11;18;0
5;2025-12-11;19;0
5;2025-12-11;20;0
5;2025-12-11;21;0
5;2025-12-11;22;0
5;2025-12-11;23;0
5;2025-12-12;0;0
5;2025-12-12;1;0
5;2025-12-12;2;0
5;2025-12-12;3;0
5;2025-12-12;4;0
5;2025-12-12;5;0
5;2025-12-12;6;0
5;2025-12-12;7;0
5;2025-12-12;8;0
5;2025-12-12;9;0
5;2025-12-12;10;0
5;2025-12-12;11;0
5;2025-12-12;12;0
5;2025-12-12;13;0
5;2025-12-12;14;0
5;2025-12-12;15;0
5;2025-12-12;16;0
5;2025-12-12;17;0
5;2025-12-12;18;0
5;2025-12-12;19;0
5;2025-12-12;20;0
5;2025-12-12;21;0
5;2025-12-12;22;0
5;2025-12-12;23;0
5;2025-12-13;0;0
5;2025-12-13;1;0
5;2025-12-13;2;0
5;2025-12-13;3;0
5;2025-12-13;4;0
5;2025-12-13;5;0
5;2025-12-13;6;0
5;2025-12-13;7;0
5;2025-12-13;8;0
5;2025-12-13;9;0
5;2025-12-13;10;0
5;2025-12-13;11;0
5;2025-12-13;12;0
5;2025-12-13;13;0
5;2025-12-13;14;0
5;2025-12-13;15;0
5;2025-12-13;16;0
5;2025-12-13;17;0
5;2025-12-13;18;0
5;2025-12-13;19;0
5;2025-12-13;20;0
5;2025-12-13;21;0
5;2025-12-13;22;0
5;2025-12-13;23;0
5;2025-12-14;0;0
5;2025-12-14;1;0
5;2025-12-14;2;0
5;2025-12-14;3;0
5;2025-12-14;4;0
5;2025-12-14;5;0
5;2025-12-14;6;0
5;2025-12-14;7;0
5;2025-12-14;8;0
5;2025-12-14;9;0
5;2025-12-14;10;0
5;2025-12-14;11;0
5;2025-12-14;12;0
5;2025-12-14;13;0
5;2025-12-14;14;0
5;2025-12-14;15;0
5;2025-12-14;16;0
5;2025-12-14;17;0
5;2025-12-14;18;0
5;2025-12-14;19;0
5;2025-12-14;20;0
5;2025-12-14;21;0
5;2025-12-14;22;0
5;2025-12-14;23;0
5;2025-12-15;0;0
5;2025-12-15;1;0
5;2025-12-15;2;0
5;2025-12-15;3;0
5;2025-12-15;4;0
5;2025-12-15;5;0
5;2025-12-15;6;0
5;2025-12-15;7;0
5;2025-12-15;8;0
5;2025-12-15;9;0
5;2025-12-15;10;0
5;2025-12-15;11;0
5;2025-12-15;12;0
5;2025-12-15;13;0
5;2025-12-15;14;0
5;2025-12-15;15;0
5;2025-12-15;16;0
5;2025-12-15;17;0
5;2025-12-15;18;0
5;2025-12-15;19;0
5;2025-12-15;20;0
5;2025-12-15;21;0
5;2025-12-15;22;0
5;2025-12-15;23;0
5;2025-12-16;0;0
5;2025-12-16;1;0
5;2025-12-16;2;0
5;2025-12-16;3;0
5;2025-12-16;4;0
5;2025-12-16;5;0
5;2025-12-16;6;0
5;2025-12-16;7;0
5;2025-12-16;8;0
5;2025-12-16;9;0
5;2025-12-16;10;0
5;2025-12-16;11;0
5;2025-12-16;12;0
5;2025-12-16;13;0
5;2025-12-16;14;0
5;2025-12-16;15;0
5;2025-12-16;16;0
5;2025-12-16;17;0
5;2025-12-16;18;0
5;2025-12-16;19;0
5;2025-12-16;20;0
5;2025-12-16;21;0
5;2025-12-16;22;0
5;2025-12-16;23;0
5;2025-12-17;0;0
5;2025-12-17;1;0
5;2025-12-17;2;0
5;2025-12-17;3;0
5;2025-12-17;4;0
5;2025-12-17;5;0
5;2025-12-17;6;0
5;2025-12-17;7;0
5;2025-12-17;8;0
5;2025-12-17;9;0
5;2025-12-17;10;0
5;2025-12-17;11;0
5;2025-12-17;12;0
5;2025-12-17;13;0
5;2025-12-17;14;0
5;2025-12-17;15;0
5;2025-12-17;16;0
5;2025-12-17;17;0
5;2025-12-17;18;0
5;2025-12-17;19;0
5;2025-12-17;20;0
5;2025-12-17;21;0
5;2025-12-17;22;0
5;2025-12-17;23;0
5;2025-12-18;0;0
5;2025-12-18;1;0
5;2025-12-18;2;0
5;2025-12-18;3;0
5;2025-12-18;4;0
5;2025-12-18;5;0
5;2025-12-18;6;0
5;2025-12-18;7;0
5;2025-12-18;8;0
5;2025-12-18;9;0
5;2025-12-18;10;0
5;2025-12-18;11;0
5;2025-12-18;12;0
5;2025-12-18;13;0
5;2025-12-18;14;0
5;2025-12-18;15;0
5;2025-12-18;16;0
5;2025-12-18;17;0
5;2025-12-18;18;0
5;2025-12-18;19;0
5;2025-12-18;20;0
5;2025-12-18;21;0
5;2025-12-18;22;0
5;2025-12-18;23;0
5;2025-12-19;0;0
5;2025-12-19;1;0
5;2025-12-19;2;0
5;2025-12-19;3;0
5;2025-12-19;4;0
5;2025-12-19;5;0
5;2025-12-19;6;0
5;2025-12-19;7;0
5;2025-12-19;8;0
5;2025-12-19;9;0
5;2025-12-19;10;0
5;2025-12-19;11;0
5;2025-12-19;12;0
5;2025-12-19;13;0
5;2025-12-19;14;0
5;2025-12-19;15;0
5;2025-12-19;16;0
5;2025-12-19;17;0
5;2025-12-19;18;0
5;2025-12-19;19;0
5;2025-12-19;20;0
5;2025-12-19;21;0
5;2025-12-19;22;0
5;2025-12-19;23;0
5;2025-12-20;0;0
5;2025-12-20;1;0
5;2025-12-20;2;0
5;2025-12-20;3;0
5;2025-12-20;4;0
5;2025-12-20;5;0
5;2025-12-20;6;0
5;2025-12-20;7;0
5;2025-12-20;8;0
5;2025-12-20;9;0
5;2025-12-20;10;0
5;2025-12-20;11;0
5;2025-12-20;12;0
5;2025-12-20;13;0
5;2025-12-20;14;0
5;2025-12-20;15;0
5;2025-12-20;16;0
5;2025-12-20;17;0
5;2025-12-20;18;0
5;2025-12-20;19;0
5;2025-12-20;20;0
5;2025-12-20;21;0
5;2025-12-20;22;0
5;2025-12-20;23;0
5;2025-12-21;0;0
5;2025-12-21;1;0
5;2025-12-21;2;0
5;2025-12-21;3;0
5;2025-12-21;4;0
5;2025-12-21;5;0
5;2025-12-21;6;0
5;2025-12-21;7;0
5;2025-12-21;8;0
5;2025-12-21;9;0
5;2025-12-21;10;0
5;2025-12-21;11;0
5;2025-12-21;12;0
5;2025-12-21;13;0
5;2025-12-21;14;0
5;2025-12-21;15;0
5;2025-12-21;16;0
5;2025-12-21;17;0
5;2025-12-21;18;0
5;2025-12-21;19;0
5;2025-12-21;20;0
5;2025-12-21;21;0
5;2025-12-21;22;0
5;2025-12-21;23;0
5;2025-12-22;0;0
5;2025-12-22;1;0
5;2025-12-22;2;0
5;2025-12-22;3;0
5;2025-12-22;4;0
5;2025-12-22;5;0
5;2025-12-22;6;0
5;2025-12-22;7;0
5;2025-12-22;8;0
5;2025-12-22;9;0
5;2025-12-22;10;0
5;2025-12-22;11;0
5;2025-12-22;12;0
5;2025-12-22;13;0
5;2025-12-22;14;0
5;2025-12-22;15;0
5;2025-12-22;16;0
5;2025-12-22;17;0
5;2025-12-22;18;0
5;2025-12-22;19;0
5;2025-12-22;20;0
5;2025-12-22;21;0
5;2025-12-22;22;0
5;2025-12-22;23;0
5;2025-12-23;0;0
5;2025-12-23;1;0
5;2025-12-23;2;0
5;2025-12-23;3;0
5;2025-12-23;4;0
5;2025-12-23;5;0
5;2025-12-23;6;0
5;2025-12-23;7;0
5;2025-12-23;8;0
5;2025-12-23;9;0
5;2025-12-23;10;0
5;2025-12-23;11;0
5;2025-12-23;12;0
5;2025-12-23;13;0
5;2025-12-23;14;0
5;2025-12-23;15;0
5;2025-12-23;16;0
5;2025-12-23;17;0
5;2025-12-23;18;0
5;2025-12-23;19;0
5;2025-12-23;20;0
5;2025-12-23;21;0
5;2025-12-23;22;0
5;2025-12-23;23;0
5;2025-12-24;0;0
5;2025-12-24;1;0
5;2025-12-24;2;0
5;2025-12-24;3;0
5;2025-12-24;4;0
5;2025-12-24;5;0
5;2025-12-24;6;0
5;2025-12-24;7;0
5;2025-12-24;8;0
5;2025-12-24;9;0
5;2025-12-24;10;0
5;2025-12-24;11;0
5;2025-12-24;12;0
5;2025-12-24;13;0
5;2025-12-24;14;0
5;2025-12-24;15;0
5;2025-12-24;16;0
5;2025-12-24;17;0
5;2025-12-24;18;0
5;2025-12-24;19;0
5;2025-12-24;20;0
5;2025-12-24;21;0
5;2025-12-24;22;0
5;2025-12-24;23;0
5;2025-12-25;0;0
5;2025-12-25;1;0
5;2025-12-25;2;0
5;2025-12-25;3;0
5;2025-12-25;4;0
5;2025-12-25;5;0
5;2025-12-25;6;0
5;2025-12-25;7;0
5;2025-12-25;8;0
5;2025-12-25;9;0
5;2025-12-25;10;0
5;2025-12-25;11;0
5;2025-12-25;12;0
5;2025-12-25;13;0
5;2025-12-25;14;0
5;2025-12-25;15;0
5;2025-12-25;16;0
5;2025-12-25;17;0
5;2025-12-25;18;0
5;2025-12-25;19;0
5;2025-12-25;20;0
5;2025-12-25;21;0
5;2025-12-25;22;0
5;2025-12-25;23;0
5;2025-12-26;0;0
5;2025-12-26;1;0
5;2025-12-26;2;0
5;2025-12-26;3;0
5;2025-12-26;4;0
5;2025-12-26;5;0
5;2025-12-26;6;0
5;2025-12-26;7;0
5;2025-12-26;8;0
5;2025-12-26;9;0
5;2025-12-26;10;0
5;2025-12-26;11;0
5;2025-12-26;12;0
5;2025-12-26;13;0
5;2025-12-26;14;0
5;2025-12-26;15;0
5;2025-12-26;16;0
5;2025-12-26;17;0
5;2025-12-26;18;0
5;2025-12-26;19;0
5;2025-12-26;20;0
5;2025-12-26;21;0
5;2025-12-26;22;0
5;2025-12-26;23;0
5;2025-12-27;0;0
5;2025-12-27;1;0
5;2025-12-27;2;0
5;2025-12-27;3;0
5;2025-12-27;4;0
5;2025-12-27;5;0
5;2025-12-27;6;0
5;2025-12-27;7;0
5;2025-12-27;8;0
5;2025-12-27;9;0
5;2025-12-27;10;0
5;2025-12-27;11;0
5;2025-12-27;12;0
5;2025-12-27;13;0
5;2025-12-27;14;0
5;2025-12-27;15;0
5;2025-12-27;16;0
5;2025-12-27;17;0
5;2025-12-27;18;0
5;2025-12-27;19;0
5;2025-12-27;20;0
5;2025-12-27;21;0
5;2025-12-27;22;0
5;2025-12-27;23;0
5;2025-12-28;0;0
5;2025-12-28;1;0
5;2025-12-28;2;0
5;2025-12-28;3;0
5;2025-12-28;4;0
5;2025-12-28;5;0
5;2025-12-28;6;0
5;2025-12-28;7;0
5;2025-12-28;8;0
5;2025-12-28;9;0
5;2025-12-28;10;0
5;2025-12-28;11;0
5;2025-12-28;12;0
5;2025-12-28;13;0
5;2025-12-28;14;0
5;2025-12-28;15;0
5;2025-12-28;16;0
5;2025-12-28;17;0
5;2025-12-28;18;0
5;2025-12-28;19;0
5;2025-12-28;20;0
5;2025-12-28;21;0
5;2025-12-28;22;0
5;2025-12-28;23;0
5;2025-12-29;0;0
5;2025-12-29;1;0
5;2025-12-29;2;0
5;2025-12-29;3;0
5;2025-12-29;4;0
5;2025-12-29;5;0
5;2025-12-29;6;0
5;2025-12-29;7;0
5;2025-12-29;8;0
5;2025-12-29;9;0
5;2025-12-29;10;0
5;2025-12-29;11;0
5;2025-12-29;12;0
5;2025-12-29;13;0
5;2025-12-29;14;0
5;2025-12-29;15;0
5;2025-12-29;16;0
5;2025-12-29;17;0
5;2025-12-29;18;0
5;2025-12-29;19;0
5;2025-12-29;20;0
5;2025-12-29;21;0
5;2025-12-29;22;0
5;2025-12-29;23;0
5;2025-12-30;0;0
5;2025-12-30;1;0
5;2025-12-30;2;0
5;2025-12-30;3;0
5;2025-12-30;4;0
5;2025-12-30;5;0
5;2025-12-30;6;0
5;2025-12-30;7;0
5;2025-12-30;8;0
5;2025-12-30;9;0
5;2025-12-30;10;0
5;2025-12-30;11;0
5;2025-12-30;12;0
5;2025-12-30;13;0
5;2025-12-30;14;0
5;2025-12-30;15;0
5;2025-12-30;16;0
5;2025-12-30;17;0
5;2025-12-30;18;0
5;2025-12-30;19;0
5;2025-12-30;20;0
5;2025-12-30;21;0
5;2025-12-30;22;0
5;2025-12-30;23;0
5;2025-12-31;0;0
5;2025-12-31;1;0
5;2025-12-31;2;0
5;2025-12-31;3;0
5;2025-12-31;4;0
5;2025-12-31;5;0
5;2025-12-31;6;0
5;2025-12-31;7;0
5;2025-12-31;8;0
5;2025-12-31;9;0
5;2025-12-31;10;0
5;2025-12-31;11;0
5;2025-12-31;12;0
5;2025-12-31;13;0
5;2025-12-31;14;0
5;2025-12-31;15;0
5;2025-12-31;16;0
5;2025-12-31;17;0
5;2025-12-31;18;0
5;2025-12-31;19;0
5;2025-12-31;20;0
5;2025-12-31;21;0
5;2025-12-31;22;0
5;2025-12-31;23;0
7;2025-11-01;0;68
7;2025-11-01;1;14
7;2025-11-01;2;0
7;2025-11-01;3;0
7;2025-11-01;4;1
7;2025-11-01;5;184
7;2025-11-01;6;623
7;2025-11-01;7;1498
7;2025-11-01;8;2391
7;2025-11-01;9;1789
7;2025-11-01;10;1645
7;2025-11-01;11;1467
7;2025-11-01;12;1616
7;2025-11-01;13;1662
7;2025-11-01;14;1721
7;2025-11-01;15;1893
7;2025-11-01;16;1978
7;2025-11-01;17;2234
7;2025-11-01;18;2100
7;2025-11-01;19;1486
7;2025-11-01;20;1033
7;2025-11-01;21;614
7;2025-11-01;22;348
7;2025-11-01;23;234
7;2025-11-02;0;94
7;2025-11-02;1;19
7;2025-11-02;2;0
7;2025-11-02;3;0
7;2025-11-02;4;0
7;2025-11-02;5;46
7;2025-11-02;6;208
7;2025-11-02;7;353
7;2025-11-02;8;607
7;2025-11-02;9;680
7;2025-11-02;10;629
7;2025-11-02;11;750
7;2025-11-02;12;871
7;2025-11-02;13;888
7;2025-11-02;14;927
7;2025-11-02;15;874
7;2025-11-02;16;819
7;2025-11-02;17;897
7;2025-11-02;18;899
7;2025-11-02;19;711
7;2025-11-02;20;549
7;2025-11-02;21;414
7;2025-11-02;22;237
7;2025-11-02;23;147
7;2025-11-03;0;93
7;2025-11-03;1;18
7;2025-11-03;2;0
7;2025-11-03;3;0
7;2025-11-03;4;0
7;2025-11-03;5;46
7;2025-11-03;6;206
7;2025-11-03;7;351
7;2025-11-03;8;602
7;2025-11-03;9;661
7;2025-11-03;10;614
7;2025-11-03;11;721
7;2025-11-03;12;810
7;2025-11-03;13;815
7;2025-11-03;14;856
7;2025-11-03;15;830
7;2025-11-03;16;786
7;2025-11-03;17;855
7;2025-11-03;18;857
7;2025-11-03;19;673
7;2025-11-03;20;524
7;2025-11-03;21;396
7;2025-11-03;22;228
7;2025-11-03;23;141
7;2025-11-04;0;90
7;2025-11-04;1;16
7;2025-11-04;2;0
7;2025-11-04;3;0
7;2025-11-04;4;0
7;2025-11-04;5;44
7;2025-11-04;6;198
7;2025-11-04;7;335
7;2025-11-04;8;577
7;2025-11-04;9;635
7;2025-11-04;10;589
7;2025-11-04;11;690
7;2025-11-04;12;789
7;2025-11-04;13;824
7;2025-11-04;14;883
7;2025-11-04;15;836
7;2025-11-04;16;793
7;2025-11-04;17;861
7;2025-11-04;18;864
7;2025-11-04;19;683
7;2025-11-04;20;536
7;2025-11-04;21;406
7;2025-11-04;22;234
7;2025-11-04;23;144
7;2025-11-05;0;63
7;2025-11-05;1;9
7;2025-11-05;2;0
7;2025-11-05;3;0
7;2025-11-05;4;2
7;2025-11-05;5;196
7;2025-11-05;6;673
7;2025-11-05;7;1592
7;2025-11-05;8;2598
7;2025-11-05;9;1882
7;2025-11-05;10;1724
7;2025-11-05;11;1506
7;2025-11-05;12;1612
7;2025-11-05;13;1550
7;2025-11-05;14;1645
7;2025-11-05;15;1810
7;2025-11-05;16;1844
7;2025-11-05;17;2386
7;2025-11-05;18;2587
7;2025-11-05;19;1720
7;2025-11-05;20;1088
7;2025-11-05;21;651
7;2025-11-05;22;347
7;2025-11-05;23;211
7;2025-11-06;0;67
7;2025-11-06;1;11
7;2025-11-06;2;0
7;2025-11-06;3;0
7;2025-11-06;4;1
7;2025-11-06;5;188
7;2025-11-06;6;661
7;2025-11-06;7;1625
7;2025-11-06;8;2545
7;2025-11-06;9;1844
7;2025-11-06;10;1554
7;2025-11-06;11;1489
7;2025-11-06;12;1610
7;2025-11-06;13;1540
7;2025-11-06;14;1677
7;2025-11-06;15;1671
7;2025-11-06;16;1799
7;2025-11-06;17;2291
7;2025-11-06;18;2584
7;2025-11-06;19;1662
7;2025-11-06;20;1057
7;2025-11-06;21;638
7;2025-11-06;22;317
7;2025-11-06;23;202
7;2025-11-07;0;69
7;2025-11-07;1;14
7;2025-11-07;2;0
7;2025-11-07;3;0
7;2025-11-07;4;1
7;2025-11-07;5;186
7;2025-11-07;6;629
7;2025-11-07;7;1520
7;2025-11-07;8;2421
7;2025-11-07;9;1801
7;2025-11-07;10;1659
7;2025-11-07;11;1481
7;2025-11-07;12;1626
7;2025-11-07;13;1669
7;2025-11-07;14;1710
7;2025-11-07;15;1877
7;2025-11-07;16;1961
7;2025-11-07;17;2215
7;2025-11-07;18;2089
7;2025-11-07;19;1479
7;2025-11-07;20;1029
7;2025-11-07;21;609
7;2025-11-07;22;345
7;2025-11-07;23;232
7;2025-11-08;0;97
7;2025-11-08;1;18
7;2025-11-08;2;0
7;2025-11-08;3;0
7;2025-11-08;4;0
7;2025-11-08;5;65
7;2025-11-08;6;276
7;2025-11-08;7;450
7;2025-11-08;8;784
7;2025-11-08;9;717
7;2025-11-08;10;742
7;2025-11-08;11;835
7;2025-11-08;12;968
7;2025-11-08;13;946
7;2025-11-08;14;934
7;2025-11-08;15;976
7;2025-11-08;16;902
7;2025-11-08;17;903
7;2025-11-08;18;942
7;2025-11-08;19;836
7;2025-11-08;20;607
7;2025-11-08;21;461
7;2025-11-08;22;251
7;2025-11-08;23;174
7;2025-11-09;0;93
7;2025-11-09;1;18
7;2025-11-09;2;0
7;2025-11-09;3;0
7;2025-11-09;4;0
7;2025-11-09;5;44
7;2025-11-09;6;201
7;2025-11-09;7;343
7;2025-11-09;8;587
7;2025-11-09;9;652
7;2025-11-09;10;611
7;2025-11-09;11;728
7;2025-11-09;12;851
7;2025-11-09;13;858
7;2025-11-09;14;895
7;2025-11-09;15;847
7;2025-11-09;16;796
7;2025-11-09;17;861
7;2025-11-09;18;857
7;2025-11-09;19;675
7;2025-11-09;20;534
7;2025-11-09;21;400
7;2025-11-09;22;229
7;2025-11-09;23;143
7;2025-11-10;0;66
7;2025-11-10;1;12
7;2025-11-10;2;0
7;2025-11-10;3;0
7;2025-11-10;4;1
7;2025-11-10;5;190
7;2025-11-10;6;646
7;2025-11-10;7;1593
7;2025-11-10;8;2493
7;2025-11-10;9;1802
7;2025-11-10;10;1551
7;2025-11-10;11;1386
7;2025-11-10;12;1548
7;2025-11-10;13;1569
7;2025-11-10;14;1604
7;2025-11-10;15;1716
7;2025-11-10;16;1805
7;2025-11-10;17;2307
7;2025-11-10;18;2554
7;2025-11-10;19;1751
7;2025-11-10;20;1073
7;2025-11-10;21;609
7;2025-11-10;22;303
7;2025-11-10;23;177
7;2025-11-11;0;57
7;2025-11-11;1;11
7;2025-11-11;2;0
7;2025-11-11;3;0
7;2025-11-11;4;2
7;2025-11-11;5;201
7;2025-11-11;6;691
7;2025-11-11;7;1694
7;2025-11-11;8;2528
7;2025-11-11;9;1851
7;2025-11-11;10;1625
7;2025-11-11;11;1560
7;2025-11-11;12;1732
7;2025-11-11;13;1643
7;2025-11-11;14;1690
7;2025-11-11;15;1842
7;2025-11-11;16;1913
7;2025-11-11;17;2373
7;2025-11-11;18;2715
7;2025-11-11;19;1846
7;2025-11-11;20;1143
7;2025-11-11;21;697
7;2025-11-11;22;333
7;2025-11-11;23;203
7;2025-11-12;0;63
7;2025-11-12;1;10
7;2025-11-12;2;0
7;2025-11-12;3;0
7;2025-11-12;4;2
7;2025-11-12;5;199
7;2025-11-12;6;684
7;2025-11-12;7;1617
7;2025-11-12;8;2637
7;2025-11-12;9;1917
7;2025-11-12;10;1752
7;2025-11-12;11;1531
7;2025-11-12;12;1639
7;2025-11-12;13;1576
7;2025-11-12;14;1674
7;2025-11-12;15;1837
7;2025-11-12;16;1868
7;2025-11-12;17;2425
7;2025-11-12;18;2633
7;2025-11-12;19;1751
7;2025-11-12;20;1101
7;2025-11-12;21;662
7;2025-11-12;22;350
7;2025-11-12;23;213
7;2025-11-13;0;67
7;2025-11-13;1;12
7;2025-11-13;2;0
7;2025-11-13;3;0
7;2025-11-13;4;1
7;2025-11-13;5;191
7;2025-11-13;6;671
7;2025-11-13;7;1647
7;2025-11-13;8;2582
7;2025-11-13;9;1881
7;2025-11-13;10;1587
7;2025-11-13;11;1519
7;2025-11-13;12;1643
7;2025-11-13;13;1567
7;2025-11-13;14;1719
7;2025-11-13;15;1736
7;2025-11-13;16;1828
7;2025-11-13;17;2330
7;2025-11-13;18;2622
7;2025-11-13;19;1689
7;2025-11-13;20;1071
7;2025-11-13;21;643
7;2025-11-13;22;319
7;2025-11-13;23;204
7;2025-11-14;0;69
7;2025-11-14;1;15
7;2025-11-14;2;0
7;2025-11-14;3;0
7;2025-11-14;4;1
7;2025-11-14;5;186
7;2025-11-14;6;629
7;2025-11-14;7;1520
7;2025-11-14;8;2426
7;2025-11-14;9;1804
7;2025-11-14;10;1659
7;2025-11-14;11;1480
7;2025-11-14;12;1628
7;2025-11-14;13;1671
7;2025-11-14;14;1709
7;2025-11-14;15;1879
7;2025-11-14;16;1963
7;2025-11-14;17;2220
7;2025-11-14;18;2093
7;2025-11-14;19;1480
7;2025-11-14;20;1033
7;2025-11-14;21;610
7;2025-11-14;22;346
7;2025-11-14;23;232
7;2025-11-15;0;95
7;2025-11-15;1;16
7;2025-11-15;2;0
7;2025-11-15;3;0
7;2025-11-15;4;0
7;2025-11-15;5;62
7;2025-11-15;6;262
7;2025-11-15;7;433
7;2025-11-15;8;749
7;2025-11-15;9;676
7;2025-11-15;10;691
7;2025-11-15;11;771
7;2025-11-15;12;908
7;2025-11-15;13;904
7;2025-11-15;14;896
7;2025-11-15;15;940
7;2025-11-15;16;866
7;2025-11-15;17;871
7;2025-11-15;18;912
7;2025-11-15;19;809
7;2025-11-15;20;596
7;2025-11-15;21;452
7;2025-11-15;22;246
7;2025-11-15;23;170
7;2025-11-16;0;91
7;2025-11-16;1;17
7;2025-11-16;2;0
7;2025-11-16;3;0
7;2025-11-16;4;0
7;2025-11-16;5;44
7;2025-11-16;6;198
7;2025-11-16;7;343
7;2025-11-16;8;596
7;2025-11-16;9;670
7;2025-11-16;10;635
7;2025-11-16;11;757
7;2025-11-16;12;888
7;2025-11-16;13;912
7;2025-11-16;14;950
7;2025-11-16;15;880
7;2025-11-16;16;825
7;2025-11-16;17;897
7;2025-11-16;18;895
7;2025-11-16;19;702
7;2025-11-16;20;541
7;2025-11-16;21;407
7;2025-11-16;22;233
7;2025-11-16;23;146
7;2025-11-17;0;67
7;2025-11-17;1;13
7;2025-11-17;2;0
7;2025-11-17;3;0
7;2025-11-17;4;1
7;2025-11-17;5;191
7;2025-11-17;6;646
7;2025-11-17;7;1593
7;2025-11-17;8;2493
7;2025-11-17;9;1802
7;2025-11-17;10;1552
7;2025-11-17;11;1385
7;2025-11-17;12;1550
7;2025-11-17;13;1560
7;2025-11-17;14;1585
7;2025-11-17;15;1705
7;2025-11-17;16;1802
7;2025-11-17;17;2308
7;2025-11-17;18;2555
7;2025-11-17;19;1751
7;2025-11-17;20;1070
7;2025-11-17;21;609
7;2025-11-17;22;301
7;2025-11-17;23;177
7;2025-11-18;0;57
7;2025-11-18;1;11
7;2025-11-18;2;0
7;2025-11-18;3;0
7;2025-11-18;4;2
7;2025-11-18;5;197
7;2025-11-18;6;679
7;2025-11-18;7;1669
7;2025-11-18;8;2481
7;2025-11-18;9;1821
7;2025-11-18;10;1606
7;2025-11-18;11;1535
7;2025-11-18;12;1657
7;2025-11-18;13;1595
7;2025-11-18;14;1628
7;2025-11-18;15;1781
7;2025-11-18;16;1857
7;2025-11-18;17;2303
7;2025-11-18;18;2633
7;2025-11-18;19;1791
7;2025-11-18;20;1111
7;2025-11-18;21;679
7;2025-11-18;22;325
7;2025-11-18;23;199
7;2025-11-19;0;62
7;2025-11-19;1;9
7;2025-11-19;2;0
7;2025-11-19;3;0
7;2025-11-19;4;2
7;2025-11-19;5;198
7;2025-11-19;6;679
7;2025-11-19;7;1603
7;2025-11-19;8;2634
7;2025-11-19;9;1917
7;2025-11-19;10;1753
7;2025-11-19;11;1533
7;2025-11-19;12;1641
7;2025-11-19;13;1578
7;2025-11-19;14;1675
7;2025-11-19;15;1838
7;2025-11-19;16;1869
7;2025-11-19;17;2425
7;2025-11-19;18;2632
7;2025-11-19;19;1753
7;2025-11-19;20;1107
7;2025-11-19;21;662
7;2025-11-19;22;351
7;2025-11-19;23;213
7;2025-11-20;0;68
7;2025-11-20;1;12
7;2025-11-20;2;0
7;2025-11-20;3;0
7;2025-11-20;4;1
7;2025-11-20;5;192
7;2025-11-20;6;671
7;2025-11-20;7;1647
7;2025-11-20;8;2582
7;2025-11-20;9;1881
7;2025-11-20;10;1588
7;2025-11-20;11;1522
7;2025-11-20;12;1644
7;2025-11-20;13;1569
7;2025-11-20;14;1720
7;2025-11-20;15;1739
7;2025-11-20;16;1833
7;2025-11-20;17;2339
7;2025-11-20;18;2637
7;2025-11-20;19;1700
7;2025-11-20;20;1076
7;2025-11-20;21;649
7;2025-11-20;22;320
7;2025-11-20;23;205
7;2025-11-21;0;70
7;2025-11-21;1;15
7;2025-11-21;2;0
7;2025-11-21;3;0
7;2025-11-21;4;1
7;2025-11-21;5;189
7;2025-11-21;6;638
7;2025-11-21;7;1541
7;2025-11-21;8;2459
7;2025-11-21;9;1839
7;2025-11-21;10;1692
7;2025-11-21;11;1509
7;2025-11-21;12;1660
7;2025-11-21;13;1696
7;2025-11-21;14;1736
7;2025-11-21;15;1909
7;2025-11-21;16;1990
7;2025-11-21;17;2262
7;2025-11-21;18;2133
7;2025-11-21;19;1511
7;2025-11-21;20;1049
7;2025-11-21;21;622
7;2025-11-21;22;350
7;2025-11-21;23;235
7;2025-11-22;0;98
7;2025-11-22;1;18
7;2025-11-22;2;0
7;2025-11-22;3;0
7;2025-11-22;4;0
7;2025-11-22;5;65
7;2025-11-22;6;278
7;2025-11-22;7;454
7;2025-11-22;8;784
7;2025-11-22;9;731
7;2025-11-22;10;752
7;2025-11-22;11;850
7;2025-11-22;12;984
7;2025-11-22;13;959
7;2025-11-22;14;946
7;2025-11-22;15;990
7;2025-11-22;16;913
7;2025-11-22;17;916
7;2025-11-22;18;955
7;2025-11-22;19;849
7;2025-11-22;20;614
7;2025-11-22;21;465
7;2025-11-22;22;248
7;2025-11-22;23;172
7;2025-11-23;0;90
7;2025-11-23;1;17
7;2025-11-23;2;0
7;2025-11-23;3;0
7;2025-11-23;4;0
7;2025-11-23;5;45
7;2025-11-23;6;205
7;2025-11-23;7;348
7;2025-11-23;8;596
7;2025-11-23;9;662
7;2025-11-23;10;622
7;2025-11-23;11;741
7;2025-11-23;12;866
7;2025-11-23;13;879
7;2025-11-23;14;917
7;2025-11-23;15;865
7;2025-11-23;16;812
7;2025-11-23;17;882
7;2025-11-23;18;884
7;2025-11-23;19;698
7;2025-11-23;20;551
7;2025-11-23;21;408
7;2025-11-23;22;233
7;2025-11-23;23;143
7;2025-11-24;0;66
7;2025-11-24;1;13
7;2025-11-24;2;0
7;2025-11-24;3;0
7;2025-11-24;4;1
7;2025-11-24;5;190
7;2025-11-24;6;640
7;2025-11-24;7;1571
7;2025-11-24;8;2466
7;2025-11-24;9;1785
7;2025-11-24;10;1538
7;2025-11-24;11;1374
7;2025-11-24;12;1527
7;2025-11-24;13;1548
7;2025-11-24;14;1553
7;2025-11-24;15;1702
7;2025-11-24;16;1790
7;2025-11-24;17;2291
7;2025-11-24;18;2537
7;2025-11-24;19;1741
7;2025-11-24;20;1064
7;2025-11-24;21;603
7;2025-11-24;22;299
7;2025-11-24;23;176
7;2025-11-25;0;57
7;2025-11-25;1;11
7;2025-11-25;2;0
7;2025-11-25;3;0
7;2025-11-25;4;2
7;2025-11-25;5;200
7;2025-11-25;6;690
7;2025-11-25;7;1691
7;2025-11-25;8;2523
7;2025-11-25;9;1851
7;2025-11-25;10;1625
7;2025-11-25;11;1560
7;2025-11-25;12;1731
7;2025-11-25;13;1641
7;2025-11-25;14;1685
7;2025-11-25;15;1839
7;2025-11-25;16;1912
7;2025-11-25;17;2372
7;2025-11-25;18;2714
7;2025-11-25;19;1846
7;2025-11-25;20;1143
7;2025-11-25;21;697
7;2025-11-25;22;333
7;2025-11-25;23;203
7;2025-11-26;0;63
7;2025-11-26;1;10
7;2025-11-26;2;0
7;2025-11-26;3;0
7;2025-11-26;4;2
7;2025-11-26;5;198
7;2025-11-26;6;680
7;2025-11-26;7;1614
7;2025-11-26;8;2636
7;2025-11-26;9;1918
7;2025-11-26;10;1754
7;2025-11-26;11;1529
7;2025-11-26;12;1629
7;2025-11-26;13;1564
7;2025-11-26;14;1649
7;2025-11-26;15;1820
7;2025-11-26;16;1851
7;2025-11-26;17;2414
7;2025-11-26;18;2617
7;2025-11-26;19;1740
7;2025-11-26;20;1094
7;2025-11-26;21;658
7;2025-11-26;22;348
7;2025-11-26;23;212
7;2025-11-27;0;67
7;2025-11-27;1;12
7;2025-11-27;2;0
7;2025-11-27;3;0
7;2025-11-27;4;1
7;2025-11-27;5;190
7;2025-11-27;6;666
7;2025-11-27;7;1633
7;2025-11-27;8;2565
7;2025-11-27;9;1881
7;2025-11-27;10;1588
7;2025-11-27;11;1520
7;2025-11-27;12;1645
7;2025-11-27;13;1567
7;2025-11-27;14;1715
7;2025-11-27;15;1732
7;2025-11-27;16;1828
7;2025-11-27;17;2339
7;2025-11-27;18;2637
7;2025-11-27;19;1700
7;2025-11-27;20;1067
7;2025-11-27;21;645
7;2025-11-27;22;319
7;2025-11-27;23;204
7;2025-11-28;0;68
7;2025-11-28;1;14
7;2025-11-28;2;0
7;2025-11-28;3;0
7;2025-11-28;4;1
7;2025-11-28;5;187
7;2025-11-28;6;632
7;2025-11-28;7;1522
7;2025-11-28;8;2431
7;2025-11-28;9;1818
7;2025-11-28;10;1672
7;2025-11-28;11;1491
7;2025-11-28;12;1639
7;2025-11-28;13;1679
7;2025-11-28;14;1720
7;2025-11-28;15;1891
7;2025-11-28;16;1974
7;2025-11-28;17;2241
7;2025-11-28;18;2113
7;2025-11-28;19;1497
7;2025-11-28;20;1041
7;2025-11-28;21;616
7;2025-11-28;22;350
7;2025-11-28;23;235
7;2025-11-29;0;98
7;2025-11-29;1;18
7;2025-11-29;2;0
7;2025-11-29;3;0
7;2025-11-29;4;0
7;2025-11-29;5;66
7;2025-11-29;6;282
7;2025-11-29;7;460
7;2025-11-29;8;804
7;2025-11-29;9;742
7;2025-11-29;10;761
7;2025-11-29;11;855
7;2025-11-29;12;995
7;2025-11-29;13;974
7;2025-11-29;14;961
7;2025-11-29;15;1006
7;2025-11-29;16;928
7;2025-11-29;17;931
7;2025-11-29;18;971
7;2025-11-29;19;863
7;2025-11-29;20;621
7;2025-11-29;21;471
7;2025-11-29;22;256
7;2025-11-29;23;177
7;2025-11-30;0;94
7;2025-11-30;1;19
7;2025-11-30;2;0
7;2025-11-30;3;0
7;2025-11-30;4;0
7;2025-11-30;5;46
7;2025-11-30;6;206
7;2025-11-30;7;349
7;2025-11-30;8;599
7;2025-11-30;9;672
7;2025-11-30;10;625
7;2025-11-30;11;746
7;2025-11-30;12;871
7;2025-11-30;13;887
7;2025-11-30;14;910
7;2025-11-30;15;858
7;2025-11-30;16;804
7;2025-11-30;17;876
7;2025-11-30;18;872
7;2025-11-30;19;696
7;2025-11-30;20;551
7;2025-11-30;21;412
7;2025-11-30;22;233
7;2025-11-30;23;145
7;2025-12-01;0;66
7;2025-12-01;1;13
7;2025-12-01;2;0
7;2025-12-01;3;0
7;2025-12-01;4;1
7;2025-12-01;5;191
7;2025-12-01;6;646
7;2025-12-01;7;1593
7;2025-12-01;8;2493
7;2025-12-01;9;1802
7;2025-12-01;10;1551
7;2025-12-01;11;1385
7;2025-12-01;12;1549
7;2025-12-01;13;1567
7;2025-12-01;14;1601
7;2025-12-01;15;1713
7;2025-12-01;16;1802
7;2025-12-01;17;2310
7;2025-12-01;18;2557
7;2025-12-01;19;1752
7;2025-12-01;20;1070
7;2025-12-01;21;609
7;2025-12-01;22;301
7;2025-12-01;23;177
7;2025-12-02;0;57
7;2025-12-02;1;11
7;2025-12-02;2;0
7;2025-12-02;3;0
7;2025-12-02;4;2
7;2025-12-02;5;200
7;2025-12-02;6;691
7;2025-12-02;7;1692
7;2025-12-02;8;2524
7;2025-12-02;9;1851
7;2025-12-02;10;1624
7;2025-12-02;11;1558
7;2025-12-02;12;1732
7;2025-12-02;13;1639
7;2025-12-02;14;1682
7;2025-12-02;15;1834
7;2025-12-02;16;1907
7;2025-12-02;17;2372
7;2025-12-02;18;2714
7;2025-12-02;19;1846
7;2025-12-02;20;1141
7;2025-12-02;21;697
7;2025-12-02;22;332
7;2025-12-02;23;203
7;2025-12-03;0;63
7;2025-12-03;1;10
7;2025-12-03;2;0
7;2025-12-03;3;0
7;2025-12-03;4;2
7;2025-12-03;5;199
7;2025-12-03;6;684
7;2025-12-03;7;1615
7;2025-12-03;8;2638
7;2025-12-03;9;1918
7;2025-12-03;10;1754
7;2025-12-03;11;1530
7;2025-12-03;12;1640
7;2025-12-03;13;1576
7;2025-12-03;14;1674
7;2025-12-03;15;1838
7;2025-12-03;16;1871
7;2025-12-03;17;2427
7;2025-12-03;18;2634
7;2025-12-03;19;1753
7;2025-12-03;20;1103
7;2025-12-03;21;663
7;2025-12-03;22;351
7;2025-12-03;23;213
7;2025-12-04;0;68
7;2025-12-04;1;12
7;2025-12-04;2;0
7;2025-12-04;3;0
7;2025-12-04;4;1
7;2025-12-04;5;191
7;2025-12-04;6;671
7;2025-12-04;7;1647
7;2025-12-04;8;2583
7;2025-12-04;9;1880
7;2025-12-04;10;1588
7;2025-12-04;11;1523
7;2025-12-04;12;1645
7;2025-12-04;13;1569
7;2025-12-04;14;1720
7;2025-12-04;15;1737
7;2025-12-04;16;1834
7;2025-12-04;17;2341
7;2025-12-04;18;2638
7;2025-12-04;19;1701
7;2025-12-04;20;1081
7;2025-12-04;21;650
7;2025-12-04;22;322
7;2025-12-04;23;206
7;2025-12-05;0;70
7;2025-12-05;1;15
7;2025-12-05;2;0
7;2025-12-05;3;0
7;2025-12-05;4;1
7;2025-12-05;5;189
7;2025-12-05;6;640
7;2025-12-05;7;1543
7;2025-12-05;8;2465
7;2025-12-05;9;1842
7;2025-12-05;10;1693
7;2025-12-05;11;1511
7;2025-12-05;12;1661
7;2025-12-05;13;1700
7;2025-12-05;14;1743
7;2025-12-05;15;1918
7;2025-12-05;16;1999
7;2025-12-05;17;2265
7;2025-12-05;18;2135
7;2025-12-05;19;1513
7;2025-12-05;20;1053
7;2025-12-05;21;623
7;2025-12-05;22;351
7;2025-12-05;23;235
7;2025-12-06;0;99
7;2025-12-06;1;19
7;2025-12-06;2;0
7;2025-12-06;3;0
7;2025-12-06;4;0
7;2025-12-06;5;67
7;2025-12-06;6;282
7;2025-12-06;7;460
7;2025-12-06;8;804
7;2025-12-06;9;742
7;2025-12-06;10;761
7;2025-12-06;11;855
7;2025-12-06;12;996
7;2025-12-06;13;974
7;2025-12-06;14;961
7;2025-12-06;15;1006
7;2025-12-06;16;928
7;2025-12-06;17;931
7;2025-12-06;18;971
7;2025-12-06;19;863
7;2025-12-06;20;628
7;2025-12-06;21;471
7;2025-12-06;22;256
7;2025-12-06;23;177
7;2025-12-07;0;94
7;2025-12-07;1;19
7;2025-12-07;2;0
7;2025-12-07;3;0
7;2025-12-07;4;0
7;2025-12-07;5;46
7;2025-12-07;6;206
7;2025-12-07;7;349
7;2025-12-07;8;598
7;2025-12-07;9;671
7;2025-12-07;10;626
7;2025-12-07;11;746
7;2025-12-07;12;872
7;2025-12-07;13;888
7;2025-12-07;14;926
7;2025-12-07;15;873
7;2025-12-07;16;819
7;2025-12-07;17;891
7;2025-12-07;18;887
7;2025-12-07;19;703
7;2025-12-07;20;550
7;2025-12-07;21;414
7;2025-12-07;22;237
7;2025-12-07;23;147
7;2025-12-08;0;66
7;2025-12-08;1;13
7;2025-12-08;2;0
7;2025-12-08;3;0
7;2025-12-08;4;1
7;2025-12-08;5;191
7;2025-12-08;6;647
7;2025-12-08;7;1595
7;2025-12-08;8;2495
7;2025-12-08;9;1802
7;2025-12-08;10;1552
7;2025-12-08;11;1387
7;2025-12-08;12;1550
7;2025-12-08;13;1571
7;2025-12-08;14;1606
7;2025-12-08;15;1719
7;2025-12-08;16;1808
7;2025-12-08;17;2311
7;2025-12-08;18;2558
7;2025-12-08;19;1753
7;2025-12-08;20;1072
7;2025-12-08;21;608
7;2025-12-08;22;302
7;2025-12-08;23;177
7;2025-12-09;0;57
7;2025-12-09;1;11
7;2025-12-09;2;0
7;2025-12-09;3;0
7;2025-12-09;4;2
7;2025-12-09;5;200
7;2025-12-09;6;690
7;2025-12-09;7;1689
7;2025-12-09;8;2523
7;2025-12-09;9;1849
7;2025-12-09;10;1621
7;2025-12-09;11;1558
7;2025-12-09;12;1729
7;2025-12-09;13;1639
7;2025-12-09;14;1684
7;2025-12-09;15;1836
7;2025-12-09;16;1909
7;2025-12-09;17;2368
7;2025-12-09;18;2710
7;2025-12-09;19;1844
7;2025-12-09;20;1143
7;2025-12-09;21;697
7;2025-12-09;22;333
7;2025-12-09;23;203
7;2025-12-10;0;63
7;2025-12-10;1;10
7;2025-12-10;2;0
7;2025-12-10;3;0
7;2025-12-10;4;2
7;2025-12-10;5;199
7;2025-12-10;6;682
7;2025-12-10;7;1613
7;2025-12-10;8;2634
7;2025-12-10;9;1917
7;2025-12-10;10;1753
7;2025-12-10;11;1531
7;2025-12-10;12;1639
7;2025-12-10;13;1575
7;2025-12-10;14;1674
7;2025-12-10;15;1835
7;2025-12-10;16;1866
7;2025-12-10;17;2424
7;2025-12-10;18;2631
7;2025-12-10;19;1750
7;2025-12-10;20;1105
7;2025-12-10;21;662
7;2025-12-10;22;350
7;2025-12-10;23;213
7;2025-12-11;0;67
7;2025-12-11;1;12
7;2025-12-11;2;0
7;2025-12-11;3;0
7;2025-12-11;4;1
7;2025-12-11;5;191
7;2025-12-11;6;670
7;2025-12-11;7;1642
7;2025-12-11;8;2576
7;2025-12-11;9;1873
7;2025-12-11;10;1563
7;2025-12-11;11;1515
7;2025-12-11;12;1640
7;2025-12-11;13;1563
7;2025-12-11;14;1710
7;2025-12-11;15;1730
7;2025-12-11;16;1826
7;2025-12-11;17;2338
7;2025-12-11;18;2638
7;2025-12-11;19;1692
7;2025-12-11;20;1076
7;2025-12-11;21;649
7;2025-12-11;22;320
7;2025-12-11;23;206
7;2025-12-12;0;69
7;2025-12-12;1;15
7;2025-12-12;2;0
7;2025-12-12;3;0
7;2025-12-12;4;1
7;2025-12-12;5;188
7;2025-12-12;6;634
7;2025-12-12;7;1526
7;2025-12-12;8;2454
7;2025-12-12;9;1838
7;2025-12-12;10;1691
7;2025-12-12;11;1508
7;2025-12-12;12;1659
7;2025-12-12;13;1698
7;2025-12-12;14;1689
7;2025-12-12;15;1870
7;2025-12-12;16;1951
7;2025-12-12;17;2228
7;2025-12-12;18;2099
7;2025-12-12;19;1489
7;2025-12-12;20;1039
7;2025-12-12;21;619
7;2025-12-12;22;350
7;2025-12-12;23;235
7;2025-12-13;0;97
7;2025-12-13;1;18
7;2025-12-13;2;0
7;2025-12-13;3;0
7;2025-12-13;4;0
7;2025-12-13;5;65
7;2025-12-13;6;274
7;2025-12-13;7;450
7;2025-12-13;8;786
7;2025-12-13;9;726
7;2025-12-13;10;743
7;2025-12-13;11;835
7;2025-12-13;12;973
7;2025-12-13;13;945
7;2025-12-13;14;931
7;2025-12-13;15;976
7;2025-12-13;16;907
7;2025-12-13;17;918
7;2025-12-13;18;961
7;2025-12-13;19;852
7;2025-12-13;20;616
7;2025-12-13;21;465
7;2025-12-13;22;252
7;2025-12-13;23;175
7;2025-12-14;0;93
7;2025-12-14;1;18
7;2025-12-14;2;0
7;2025-12-14;3;0
7;2025-12-14;4;0
7;2025-12-14;5;45
7;2025-12-14;6;205
7;2025-12-14;7;348
7;2025-12-14;8;606
7;2025-12-14;9;679
7;2025-12-14;10;620
7;2025-12-14;11;739
7;2025-12-14;12;862
7;2025-12-14;13;875
7;2025-12-14;14;911
7;2025-12-14;15;866
7;2025-12-14;16;826
7;2025-12-14;17;898
7;2025-12-14;18;899
7;2025-12-14;19;710
7;2025-12-14;20;558
7;2025-12-14;21;417
7;2025-12-14;22;239
7;2025-12-14;23;148
7;2025-12-15;0;67
7;2025-12-15;1;13
7;2025-12-15;2;0
7;2025-12-15;3;0
7;2025-12-15;4;1
7;2025-12-15;5;191
7;2025-12-15;6;648
7;2025-12-15;7;1599
7;2025-12-15;8;2501
7;2025-12-15;9;1808
7;2025-12-15;10;1556
7;2025-12-15;11;1390
7;2025-12-15;12;1554
7;2025-12-15;13;1576
7;2025-12-15;14;1610
7;2025-12-15;15;1722
7;2025-12-15;16;1811
7;2025-12-15;17;2315
7;2025-12-15;18;2562
7;2025-12-15;19;1755
7;2025-12-15;20;1075
7;2025-12-15;21;610
7;2025-12-15;22;302
7;2025-12-15;23;178
7;2025-12-16;0;58
7;2025-12-16;1;11
7;2025-12-16;2;0
7;2025-12-16;3;0
7;2025-12-16;4;2
7;2025-12-16;5;201
7;2025-12-16;6;694
7;2025-12-16;7;1700
7;2025-12-16;8;2537
7;2025-12-16;9;1862
7;2025-12-16;10;1633
7;2025-12-16;11;1556
7;2025-12-16;12;1719
7;2025-12-16;13;1637
7;2025-12-16;14;1689
7;2025-12-16;15;1841
7;2025-12-16;16;1915
7;2025-12-16;17;2384
7;2025-12-16;18;2727
7;2025-12-16;19;1845
7;2025-12-16;20;1141
7;2025-12-16;21;697
7;2025-12-16;22;332
7;2025-12-16;23;203
7;2025-12-17;0;63
7;2025-12-17;1;10
7;2025-12-17;2;0
7;2025-12-17;3;0
7;2025-12-17;4;2
7;2025-12-17;5;199
7;2025-12-17;6;683
7;2025-12-17;7;1614
7;2025-12-17;8;2637
7;2025-12-17;9;1918
7;2025-12-17;10;1753
7;2025-12-17;11;1530
7;2025-12-17;12;1640
7;2025-12-17;13;1577
7;2025-12-17;14;1675
7;2025-12-17;15;1838
7;2025-12-17;16;1869
7;2025-12-17;17;2423
7;2025-12-17;18;2632
7;2025-12-17;19;1751
7;2025-12-17;20;1102
7;2025-12-17;21;662
7;2025-12-17;22;350
7;2025-12-17;23;213
7;2025-12-18;0;67
7;2025-12-18;1;12
7;2025-12-18;2;0
7;2025-12-18;3;0
7;2025-12-18;4;1
7;2025-12-18;5;191
7;2025-12-18;6;671
7;2025-12-18;7;1645
7;2025-12-18;8;2580
7;2025-12-18;9;1881
7;2025-12-18;10;1587
7;2025-12-18;11;1520
7;2025-12-18;12;1645
7;2025-12-18;13;1569
7;2025-12-18;14;1719
7;2025-12-18;15;1735
7;2025-12-18;16;1826
7;2025-12-18;17;2338
7;2025-12-18;18;2637
7;2025-12-18;19;1700
7;2025-12-18;20;1079
7;2025-12-18;21;649
7;2025-12-18;22;321
7;2025-12-18;23;205
7;2025-12-19;0;70
7;2025-12-19;1;15
7;2025-12-19;2;0
7;2025-12-19;3;0
7;2025-12-19;4;1
7;2025-12-19;5;189
7;2025-12-19;6;640
7;2025-12-19;7;1542
7;2025-12-19;8;2463
7;2025-12-19;9;1841
7;2025-12-19;10;1692
7;2025-12-19;11;1510
7;2025-12-19;12;1660
7;2025-12-19;13;1698
7;2025-12-19;14;1741
7;2025-12-19;15;1915
7;2025-12-19;16;1997
7;2025-12-19;17;2263
7;2025-12-19;18;2134
7;2025-12-19;19;1512
7;2025-12-19;20;1052
7;2025-12-19;21;622
7;2025-12-19;22;351
7;2025-12-19;23;235
7;2025-12-20;0;99
7;2025-12-20;1;19
7;2025-12-20;2;0
7;2025-12-20;3;0
7;2025-12-20;4;0
7;2025-12-20;5;66
7;2025-12-20;6;282
7;2025-12-20;7;460
7;2025-12-20;8;804
7;2025-12-20;9;742
7;2025-12-20;10;760
7;2025-12-20;11;849
7;2025-12-20;12;976
7;2025-12-20;13;974
7;2025-12-20;14;961
7;2025-12-20;15;986
7;2025-12-20;16;925
7;2025-12-20;17;904
7;2025-12-20;18;945
7;2025-12-20;19;840
7;2025-12-20;20;606
7;2025-12-20;21;461
7;2025-12-20;22;251
7;2025-12-20;23;174
7;2025-12-21;0;93
7;2025-12-21;1;19
7;2025-12-21;2;0
7;2025-12-21;3;0
7;2025-12-21;4;0
7;2025-12-21;5;45
7;2025-12-21;6;203
7;2025-12-21;7;342
7;2025-12-21;8;588
7;2025-12-21;9;662
7;2025-12-21;10;618
7;2025-12-21;11;737
7;2025-12-21;12;861
7;2025-12-21;13;873
7;2025-12-21;14;911
7;2025-12-21;15;858
7;2025-12-21;16;804
7;2025-12-21;17;876
7;2025-12-21;18;881
7;2025-12-21;19;691
7;2025-12-21;20;543
7;2025-12-21;21;408
7;2025-12-21;22;233
7;2025-12-21;23;145
7;2025-12-22;0;66
7;2025-12-22;1;13
7;2025-12-22;2;0
7;2025-12-22;3;0
7;2025-12-22;4;1
7;2025-12-22;5;190
7;2025-12-22;6;646
7;2025-12-22;7;1594
7;2025-12-22;8;2494
7;2025-12-22;9;1803
7;2025-12-22;10;1552
7;2025-12-22;11;1385
7;2025-12-22;12;1550
7;2025-12-22;13;1568
7;2025-12-22;14;1601
7;2025-12-22;15;1708
7;2025-12-22;16;1801
7;2025-12-22;17;2300
7;2025-12-22;18;2552
7;2025-12-22;19;1749
7;2025-12-22;20;1071
7;2025-12-22;21;609
7;2025-12-22;22;302
7;2025-12-22;23;177
7;2025-12-23;0;57
7;2025-12-23;1;11
7;2025-12-23;2;0
7;2025-12-23;3;0
7;2025-12-23;4;2
7;2025-12-23;5;200
7;2025-12-23;6;693
7;2025-12-23;7;1698
7;2025-12-23;8;2533
7;2025-12-23;9;1861
7;2025-12-23;10;1633
7;2025-12-23;11;1570
7;2025-12-23;12;1742
7;2025-12-23;13;1653
7;2025-12-23;14;1695
7;2025-12-23;15;1847
7;2025-12-23;16;1921
7;2025-12-23;17;2355
7;2025-12-23;18;2693
7;2025-12-23;19;1832
7;2025-12-23;20;1135
7;2025-12-23;21;693
7;2025-12-23;22;331
7;2025-12-23;23;202
7;2025-12-24;0;63
7;2025-12-24;1;10
7;2025-12-24;2;0
7;2025-12-24;3;0
7;2025-12-24;4;2
7;2025-12-24;5;198
7;2025-12-24;6;679
7;2025-12-24;7;1603
7;2025-12-24;8;2618
7;2025-12-24;9;1905
7;2025-12-24;10;1741
7;2025-12-24;11;1520
7;2025-12-24;12;1626
7;2025-12-24;13;1563
7;2025-12-24;14;1660
7;2025-12-24;15;1821
7;2025-12-24;16;1853
7;2025-12-24;17;2404
7;2025-12-24;18;2609
7;2025-12-24;19;1737
7;2025-12-24;20;1095
7;2025-12-24;21;658
7;2025-12-24;22;348
7;2025-12-24;23;212
7;2025-12-25;0;67
7;2025-12-25;1;12
7;2025-12-25;2;0
7;2025-12-25;3;0
7;2025-12-25;4;1
7;2025-12-25;5;192
7;2025-12-25;6;676
7;2025-12-25;7;1659
7;2025-12-25;8;2601
7;2025-12-25;9;1896
7;2025-12-25;10;1600
7;2025-12-25;11;1534
7;2025-12-25;12;1656
7;2025-12-25;13;1578
7;2025-12-25;14;1728
7;2025-12-25;15;1745
7;2025-12-25;16;1842
7;2025-12-25;17;2352
7;2025-12-25;18;2651
7;2025-12-25;19;1709
7;2025-12-25;20;1076
7;2025-12-25;21;643
7;2025-12-25;22;317
7;2025-12-25;23;203
7;2025-12-26;0;68
7;2025-12-26;1;14
7;2025-12-26;2;0
7;2025-12-26;3;0
7;2025-12-26;4;1
7;2025-12-26;5;186
7;2025-12-26;6;628
7;2025-12-26;7;1516
7;2025-12-26;8;2420
7;2025-12-26;9;1809
7;2025-12-26;10;1664
7;2025-12-26;11;1482
7;2025-12-26;12;1632
7;2025-12-26;13;1668
7;2025-12-26;14;1709
7;2025-12-26;15;1883
7;2025-12-26;16;1967
7;2025-12-26;17;2226
7;2025-12-26;18;2102
7;2025-12-26;19;1490
7;2025-12-26;20;1031
7;2025-12-26;21;612
7;2025-12-26;22;346
7;2025-12-26;23;232
7;2025-12-27;0;95
7;2025-12-27;1;17
7;2025-12-27;2;0
7;2025-12-27;3;0
7;2025-12-27;4;0
7;2025-12-27;5;64
7;2025-12-27;6;273
7;2025-12-27;7;444
7;2025-12-27;8;777
7;2025-12-27;9;718
7;2025-12-27;10;751
7;2025-12-27;11;844
7;2025-12-27;12;983
7;2025-12-27;13;963
7;2025-12-27;14;946
7;2025-12-27;15;989
7;2025-12-27;16;912
7;2025-12-27;17;916
7;2025-12-27;18;955
7;2025-12-27;19;848
7;2025-12-27;20;613
7;2025-12-27;21;465
7;2025-12-27;22;252
7;2025-12-27;23;175
7;2025-12-28;0;93
7;2025-12-28;1;18
7;2025-12-28;2;0
7;2025-12-28;3;0
7;2025-12-28;4;0
7;2025-12-28;5;45
7;2025-12-28;6;203
7;2025-12-28;7;342
7;2025-12-28;8;588
7;2025-12-28;9;661
7;2025-12-28;10;617
7;2025-12-28;11;736
7;2025-12-28;12;860
7;2025-12-28;13;873
7;2025-12-28;14;910
7;2025-12-28;15;858
7;2025-12-28;16;803
7;2025-12-28;17;874
7;2025-12-28;18;871
7;2025-12-28;19;690
7;2025-12-28;20;541
7;2025-12-28;21;408
7;2025-12-28;22;233
7;2025-12-28;23;145
7;2025-12-29;0;66
7;2025-12-29;1;13
7;2025-12-29;2;0
7;2025-12-29;3;0
7;2025-12-29;4;1
7;2025-12-29;5;190
7;2025-12-29;6;646
7;2025-12-29;7;1593
7;2025-12-29;8;2493
7;2025-12-29;9;1802
7;2025-12-29;10;1555
7;2025-12-29;11;1390
7;2025-12-29;12;1553
7;2025-12-29;13;1573
7;2025-12-29;14;1608
7;2025-12-29;15;1720
7;2025-12-29;16;1810
7;2025-12-29;17;2314
7;2025-12-29;18;2561
7;2025-12-29;19;1754
7;2025-12-29;20;1072
7;2025-12-29;21;610
7;2025-12-29;22;302
7;2025-12-29;23;178
7;2025-12-30;0;57
7;2025-12-30;1;11
7;2025-12-30;2;0
7;2025-12-30;3;0
7;2025-12-30;4;2
7;2025-12-30;5;201
7;2025-12-30;6;694
7;2025-12-30;7;1700
7;2025-12-30;8;2536
7;2025-12-30;9;1861
7;2025-12-30;10;1633
7;2025-12-30;11;1568
7;2025-12-30;12;1740
7;2025-12-30;13;1648
7;2025-12-30;14;1692
7;2025-12-30;15;1844
7;2025-12-30;16;1918
7;2025-12-30;17;2383
7;2025-12-30;18;2726
7;2025-12-30;19;1854
7;2025-12-30;20;1149
7;2025-12-30;21;701
7;2025-12-30;22;334
7;2025-12-30;23;204
7;2025-12-31;0;92
7;2025-12-31;1;18
7;2025-12-31;2;0
7;2025-12-31;3;0
7;2025-12-31;4;0
7;2025-12-31;5;45
7;2025-12-31;6;204
7;2025-12-31;7;346
7;2025-12-31;8;594
7;2025-12-31;9;664
7;2025-12-31;10;611
7;2025-12-31;11;730
7;2025-12-31;12;853
7;2025-12-31;13;865
7;2025-12-31;14;902
7;2025-12-31;15;850
7;2025-12-31;16;803
7;2025-12-31;17;875
7;2025-12-31;18;877
7;2025-12-31;19;695
7;2025-12-31;20;543
7;2025-12-31;21;409
7;2025-12-31;22;235
7;2025-12-31;23;145
11;2025-11-01;0;78
11;2025-11-01;1;1
11;2025-11-01;2;0
11;2025-11-01;3;0
11;2025-11-01;4;0
11;2025-11-01;5;287
11;2025-11-01;6;1316
11;2025-11-01;7;2297
11;2025-11-01;8;3057
11;2025-11-01;9;2359
11;2025-11-01;10;1898
11;2025-11-01;11;1888
11;2025-11-01;12;1906
11;2025-11-01;13;1966
11;2025-11-01;14;2046
11;2025-11-01;15;2216
11;2025-11-01;16;2459
11;2025-11-01;17;2913
11;2025-11-01;18;2617
11;2025-11-01;19;2097
11;2025-11-01;20;1443
11;2025-11-01;21;871
11;2025-11-01;22;484
11;2025-11-01;23;289
11;2025-11-02;0;101
11;2025-11-02;1;9
11;2025-11-02;2;0
11;2025-11-02;3;0
11;2025-11-02;4;2
11;2025-11-02;5;153
11;2025-11-02;6;667
11;2025-11-02;7;856
11;2025-11-02;8;1118
11;2025-11-02;9;1168
11;2025-11-02;10;1143
11;2025-11-02;11;1448
11;2025-11-02;12;1582
11;2025-11-02;13;1480
11;2025-11-02;14;1567
11;2025-11-02;15;1646
11;2025-11-02;16;1612
11;2025-11-02;17;1782
11;2025-11-02;18;1574
11;2025-11-02;19;1346
11;2025-11-02;20;1011
11;2025-11-02;21;716
11;2025-11-02;22;400
11;2025-11-02;23;257
11;2025-11-03;0;101
11;2025-11-03;1;9
11;2025-11-03;2;0
11;2025-11-03;3;0
11;2025-11-03;4;2
11;2025-11-03;5;153
11;2025-11-03;6;667
11;2025-11-03;7;856
11;2025-11-03;8;1118
11;2025-11-03;9;1168
11;2025-11-03;10;1143
11;2025-11-03;11;1448
11;2025-11-03;12;1582
11;2025-11-03;13;1480
11;2025-11-03;14;1567
11;2025-11-03;15;1646
11;2025-11-03;16;1612
11;2025-11-03;17;1782
11;2025-11-03;18;1574
11;2025-11-03;19;1346
11;2025-11-03;20;1011
11;2025-11-03;21;716
11;2025-11-03;22;400
11;2025-11-03;23;257
11;2025-11-04;0;101
11;2025-11-04;1;9
11;2025-11-04;2;0
11;2025-11-04;3;0
11;2025-11-04;4;2
11;2025-11-04;5;153
11;2025-11-04;6;667
11;2025-11-04;7;856
11;2025-11-04;8;1118
11;2025-11-04;9;1168
11;2025-11-04;10;1143
11;2025-11-04;11;1448
11;2025-11-04;12;1582
11;2025-11-04;13;1480
11;2025-11-04;14;1567
11;2025-11-04;15;1646
11;2025-11-04;16;1612
11;2025-11-04;17;1782
11;2025-11-04;18;1574
11;2025-11-04;19;1346
11;2025-11-04;20;1011
11;2025-11-04;21;716
11;2025-11-04;22;400
11;2025-11-04;23;257
11;2025-11-05;0;66
11;2025-11-05;1;0
11;2025-11-05;2;0
11;2025-11-05;3;0
11;2025-11-05;4;0
11;2025-11-05;5;291
11;2025-11-05;6;1305
11;2025-11-05;7;2376
11;2025-11-05;8;3162
11;2025-11-05;9;2373
11;2025-11-05;10;1817
11;2025-11-05;11;1857
11;2025-11-05;12;1898
11;2025-11-05;13;1980
11;2025-11-05;14;1956
11;2025-11-05;15;2025
11;2025-11-05;16;2163
11;2025-11-05;17;2757
11;2025-11-05;18;3012
11;2025-11-05;19;2308
11;2025-11-05;20;1518
11;2025-11-05;21;919
11;2025-11-05;22;437
11;2025-11-05;23;255
11;2025-11-06;0;70
11;2025-11-06;1;1
11;2025-11-06;2;0
11;2025-11-06;3;0
11;2025-11-06;4;0
11;2025-11-06;5;285
11;2025-11-06;6;1327
11;2025-11-06;7;2352
11;2025-11-06;8;3060
11;2025-11-06;9;2438
11;2025-11-06;10;1937
11;2025-11-06;11;1846
11;2025-11-06;12;1911
11;2025-11-06;13;2015
11;2025-11-06;14;1943
11;2025-11-06;15;2073
11;2025-11-06;16;2329
11;2025-11-06;17;2774
11;2025-11-06;18;3078
11;2025-11-06;19;2286
11;2025-11-06;20;1502
11;2025-11-06;21;942
11;2025-11-06;22;465
11;2025-11-06;23;257
11;2025-11-07;0;78
11;2025-11-07;1;1
11;2025-11-07;2;0
11;2025-11-07;3;0
11;2025-11-07;4;0
11;2025-11-07;5;287
11;2025-11-07;6;1316
11;2025-11-07;7;2297
11;2025-11-07;8;3057
11;2025-11-07;9;2359
11;2025-11-07;10;1898
11;2025-11-07;11;1888
11;2025-11-07;12;1906
11;2025-11-07;13;1966
11;2025-11-07;14;2046
11;2025-11-07;15;2216
11;2025-11-07;16;2459
11;2025-11-07;17;2913
11;2025-11-07;18;2617
11;2025-11-07;19;2097
11;2025-11-07;20;1443
11;2025-11-07;21;871
11;2025-11-07;22;484
11;2025-11-07;23;289
11;2025-11-08;0;97
11;2025-11-08;1;2
11;2025-11-08;2;0
11;2025-11-08;3;0
11;2025-11-08;4;2
11;2025-11-08;5;212
11;2025-11-08;6;912
11;2025-11-08;7;1013
11;2025-11-08;8;1359
11;2025-11-08;9;1341
11;2025-11-08;10;1329
11;2025-11-08;11;1648
11;2025-11-08;12;1843
11;2025-11-08;13;1682
11;2025-11-08;14;1748
11;2025-11-08;15;1727
11;2025-11-08;16;1811
11;2025-11-08;17;1958
11;2025-11-08;18;1763
11;2025-11-08;19;1606
11;2025-11-08;20;1204
11;2025-11-08;21;811
11;2025-11-08;22;452
11;2025-11-08;23;305
11;2025-11-09;0;101
11;2025-11-09;1;9
11;2025-11-09;2;0
11;2025-11-09;3;0
11;2025-11-09;4;2
11;2025-11-09;5;153
11;2025-11-09;6;667
11;2025-11-09;7;856
11;2025-11-09;8;1118
11;2025-11-09;9;1168
11;2025-11-09;10;1143
11;2025-11-09;11;1448
11;2025-11-09;12;1582
11;2025-11-09;13;1480
11;2025-11-09;14;1567
11;2025-11-09;15;1646
11;2025-11-09;16;1612
11;2025-11-09;17;1782
11;2025-11-09;18;1574
11;2025-11-09;19;1346
11;2025-11-09;20;1011
11;2025-11-09;21;716
11;2025-11-09;22;400
11;2025-11-09;23;257
11;2025-11-10;0;76
11;2025-11-10;1;5
11;2025-11-10;2;0
11;2025-11-10;3;0
11;2025-11-10;4;0
11;2025-11-10;5;286
11;2025-11-10;6;1327
11;2025-11-10;7;2325
11;2025-11-10;8;3056
11;2025-11-10;9;2341
11;2025-11-10;10;1784
11;2025-11-10;11;1811
11;2025-11-10;12;1746
11;2025-11-10;13;1883
11;2025-11-10;14;1874
11;2025-11-10;15;1973
11;2025-11-10;16;2186
11;2025-11-10;17;2753
11;2025-11-10;18;3043
11;2025-11-10;19;2301
11;2025-11-10;20;1530
11;2025-11-10;21;868
11;2025-11-10;22;453
11;2025-11-10;23;223
11;2025-11-11;0;68
11;2025-11-11;1;1
11;2025-11-11;2;0
11;2025-11-11;3;0
11;2025-11-11;4;0
11;2025-11-11;5;283
11;2025-11-11;6;1339
11;2025-11-11;7;2363
11;2025-11-11;8;3146
11;2025-11-11;9;2440
11;2025-11-11;10;1847
11;2025-11-11;11;1826
11;2025-11-11;12;1821
11;2025-11-11;13;1976
11;2025-11-11;14;1993
11;2025-11-11;15;2057
11;2025-11-11;16;2227
11;2025-11-11;17;2777
11;2025-11-11;18;2990
11;2025-11-11;19;2278
11;2025-11-11;20;1491
11;2025-11-11;21;880
11;2025-11-11;22;454
11;2025-11-11;23;226
11;2025-11-12;0;66
11;2025-11-12;1;0
11;2025-11-12;2;0
11;2025-11-12;3;0
11;2025-11-12;4;0
11;2025-11-12;5;291
11;2025-11-12;6;1305
11;2025-11-12;7;2376
11;2025-11-12;8;3162
11;2025-11-12;9;2373
11;2025-11-12;10;1817
11;2025-11-12;11;1857
11;2025-11-12;12;1898
11;2025-11-12;13;1980
11;2025-11-12;14;1956
11;2025-11-12;15;2025
11;2025-11-12;16;2163
11;2025-11-12;17;2757
11;2025-11-12;18;3012
11;2025-11-12;19;2308
11;2025-11-12;20;1518
11;2025-11-12;21;919
11;2025-11-12;22;437
11;2025-11-12;23;255
11;2025-11-13;0;70
11;2025-11-13;1;1
11;2025-11-13;2;0
11;2025-11-13;3;0
11;2025-11-13;4;0
11;2025-11-13;5;285
11;2025-11-13;6;1327
11;2025-11-13;7;2352
11;2025-11-13;8;3060
11;2025-11-13;9;2438
11;2025-11-13;10;1937
11;2025-11-13;11;1846
11;2025-11-13;12;1911
11;2025-11-13;13;2015
11;2025-11-13;14;1943
11;2025-11-13;15;2073
11;2025-11-13;16;2329
11;2025-11-13;17;2774
11;2025-11-13;18;3078
11;2025-11-13;19;2286
11;2025-11-13;20;1502
11;2025-11-13;21;942
11;2025-11-13;22;465
11;2025-11-13;23;257
11;2025-11-14;0;78
11;2025-11-14;1;1
11;2025-11-14;2;0
11;2025-11-14;3;0
11;2025-11-14;4;0
11;2025-11-14;5;287
11;2025-11-14;6;1316
11;2025-11-14;7;2297
11;2025-11-14;8;3057
11;2025-11-14;9;2359
11;2025-11-14;10;1898
11;2025-11-14;11;1888
11;2025-11-14;12;1906
11;2025-11-14;13;1966
11;2025-11-14;14;2046
11;2025-11-14;15;2216
11;2025-11-14;16;2459
11;2025-11-14;17;2913
11;2025-11-14;18;2617
11;2025-11-14;19;2097
11;2025-11-14;20;1443
11;2025-11-14;21;871
11;2025-11-14;22;484
11;2025-11-14;23;289
11;2025-11-15;0;97
11;2025-11-15;1;2
11;2025-11-15;2;0
11;2025-11-15;3;0
11;2025-11-15;4;2
11;2025-11-15;5;212
11;2025-11-15;6;912
11;2025-11-15;7;1013
11;2025-11-15;8;1359
11;2025-11-15;9;1341
11;2025-11-15;10;1329
11;2025-11-15;11;1648
11;2025-11-15;12;1843
11;2025-11-15;13;1682
11;2025-11-15;14;1748
11;2025-11-15;15;1727
11;2025-11-15;16;1811
11;2025-11-15;17;1958
11;2025-11-15;18;1763
11;2025-11-15;19;1606
11;2025-11-15;20;1204
11;2025-11-15;21;811
11;2025-11-15;22;452
11;2025-11-15;23;305
11;2025-11-16;0;101
11;2025-11-16;1;9
11;2025-11-16;2;0
11;2025-11-16;3;0
11;2025-11-16;4;2
11;2025-11-16;5;153
11;2025-11-16;6;667
11;2025-11-16;7;856
11;2025-11-16;8;1118
11;2025-11-16;9;1168
11;2025-11-16;10;1143
11;2025-11-16;11;1448
11;2025-11-16;12;1582
11;2025-11-16;13;1480
11;2025-11-16;14;1567
11;2025-11-16;15;1646
11;2025-11-16;16;1612
11;2025-11-16;17;1782
11;2025-11-16;18;1574
11;2025-11-16;19;1346
11;2025-11-16;20;1011
11;2025-11-16;21;716
11;2025-11-16;22;400
11;2025-11-16;23;257
11;2025-11-17;0;76
11;2025-11-17;1;5
11;2025-11-17;2;0
11;2025-11-17;3;0
11;2025-11-17;4;0
11;2025-11-17;5;286
11;2025-11-17;6;1327
11;2025-11-17;7;2325
11;2025-11-17;8;3056
11;2025-11-17;9;2341
11;2025-11-17;10;1784
11;2025-11-17;11;1811
11;2025-11-17;12;1746
11;2025-11-17;13;1883
11;2025-11-17;14;1874
11;2025-11-17;15;1973
11;2025-11-17;16;2186
11;2025-11-17;17;2753
11;2025-11-17;18;3043
11;2025-11-17;19;2301
11;2025-11-17;20;1530
11;2025-11-17;21;868
11;2025-11-17;22;453
11;2025-11-17;23;223
11;2025-11-18;0;68
11;2025-11-18;1;1
11;2025-11-18;2;0
11;2025-11-18;3;0
11;2025-11-18;4;0
11;2025-11-18;5;283
11;2025-11-18;6;1339
11;2025-11-18;7;2363
11;2025-11-18;8;3146
11;2025-11-18;9;2440
11;2025-11-18;10;1847
11;2025-11-18;11;1826
11;2025-11-18;12;1821
11;2025-11-18;13;1976
11;2025-11-18;14;1993
11;2025-11-18;15;2057
11;2025-11-18;16;2227
11;2025-11-18;17;2777
11;2025-11-18;18;2990
11;2025-11-18;19;2278
11;2025-11-18;20;1491
11;2025-11-18;21;880
11;2025-11-18;22;454
11;2025-11-18;23;226
11;2025-11-19;0;66
11;2025-11-19;1;0
11;2025-11-19;2;0
11;2025-11-19;3;0
11;2025-11-19;4;0
11;2025-11-19;5;291
11;2025-11-19;6;1305
11;2025-11-19;7;2376
11;2025-11-19;8;3162
11;2025-11-19;9;2373
11;2025-11-19;10;1817
11;2025-11-19;11;1857
11;2025-11-19;12;1898
11;2025-11-19;13;1980
11;2025-11-19;14;1956
11;2025-11-19;15;2025
11;2025-11-19;16;2163
11;2025-11-19;17;2757
11;2025-11-19;18;3012
11;2025-11-19;19;2308
11;2025-11-19;20;1518
11;2025-11-19;21;919
11;2025-11-19;22;437
11;2025-11-19;23;255
11;2025-11-20;0;70
11;2025-11-20;1;1
11;2025-11-20;2;0
11;2025-11-20;3;0
11;2025-11-20;4;0
11;2025-11-20;5;285
11;2025-11-20;6;1327
11;2025-11-20;7;2352
11;2025-11-20;8;3060
11;2025-11-20;9;2438
11;2025-11-20;10;1937
11;2025-11-20;11;1846
11;2025-11-20;12;1911
11;2025-11-20;13;2015
11;2025-11-20;14;1943
11;2025-11-20;15;2073
11;2025-11-20;16;2329
11;2025-11-20;17;2774
11;2025-11-20;18;3078
11;2025-11-20;19;2286
11;2025-11-20;20;1502
11;2025-11-20;21;942
11;2025-11-20;22;465
11;2025-11-20;23;257
11;2025-11-21;0;78
11;2025-11-21;1;1
11;2025-11-21;2;0
11;2025-11-21;3;0
11;2025-11-21;4;0
11;2025-11-21;5;287
11;2025-11-21;6;1316
11;2025-11-21;7;2297
11;2025-11-21;8;3057
11;2025-11-21;9;2359
11;2025-11-21;10;1898
11;2025-11-21;11;1888
11;2025-11-21;12;1906
11;2025-11-21;13;1966
11;2025-11-21;14;2046
11;2025-11-21;15;2216
11;2025-11-21;16;2459
11;2025-11-21;17;2913
11;2025-11-21;18;2617
11;2025-11-21;19;2097
11;2025-11-21;20;1443
11;2025-11-21;21;871
11;2025-11-21;22;484
11;2025-11-21;23;289
11;2025-11-22;0;97
11;2025-11-22;1;2
11;2025-11-22;2;0
11;2025-11-22;3;0
11;2025-11-22;4;2
11;2025-11-22;5;212
11;2025-11-22;6;912
11;2025-11-22;7;1013
11;2025-11-22;8;1359
11;2025-11-22;9;1341
11;2025-11-22;10;1329
11;2025-11-22;11;1648
11;2025-11-22;12;1843
11;2025-11-22;13;1682
11;2025-11-22;14;1748
11;2025-11-22;15;1727
11;2025-11-22;16;1811
11;2025-11-22;17;1958
11;2025-11-22;18;1763
11;2025-11-22;19;1606
11;2025-11-22;20;1204
11;2025-11-22;21;811
11;2025-11-22;22;452
11;2025-11-22;23;305
11;2025-11-23;0;101
11;2025-11-23;1;9
11;2025-11-23;2;0
11;2025-11-23;3;0
11;2025-11-23;4;2
11;2025-11-23;5;153
11;2025-11-23;6;667
11;2025-11-23;7;856
11;2025-11-23;8;1118
11;2025-11-23;9;1168
11;2025-11-23;10;1143
11;2025-11-23;11;1448
11;2025-11-23;12;1582
11;2025-11-23;13;1480
11;2025-11-23;14;1567
11;2025-11-23;15;1646
11;2025-11-23;16;1612
11;2025-11-23;17;1782
11;2025-11-23;18;1574
11;2025-11-23;19;1346
11;2025-11-23;20;1011
11;2025-11-23;21;716
11;2025-11-23;22;400
11;2025-11-23;23;257
11;2025-11-24;0;76
11;2025-11-24;1;5
11;2025-11-24;2;0
11;2025-11-24;3;0
11;2025-11-24;4;0
11;2025-11-24;5;286
11;2025-11-24;6;1327
11;2025-11-24;7;2325
11;2025-11-24;8;3056
11;2025-11-24;9;2341
11;2025-11-24;10;1784
11;2025-11-24;11;1811
11;2025-11-24;12;1746
11;2025-11-24;13;1883
11;2025-11-24;14;1874
11;2025-11-24;15;1973
11;2025-11-24;16;2186
11;2025-11-24;17;2753
11;2025-11-24;18;3043
11;2025-11-24;19;2301
11;2025-11-24;20;1530
11;2025-11-24;21;868
11;2025-11-24;22;453
11;2025-11-24;23;223
11;2025-11-25;0;68
11;2025-11-25;1;1
11;2025-11-25;2;0
11;2025-11-25;3;0
11;2025-11-25;4;0
11;2025-11-25;5;283
11;2025-11-25;6;1339
11;2025-11-25;7;2363
11;2025-11-25;8;3146
11;2025-11-25;9;2440
11;2025-11-25;10;1847
11;2025-11-25;11;1826
11;2025-11-25;12;1821
11;2025-11-25;13;1976
11;2025-11-25;14;1993
11;2025-11-25;15;2057
11;2025-11-25;16;2227
11;2025-11-25;17;2777
11;2025-11-25;18;2990
11;2025-11-25;19;2278
11;2025-11-25;20;1491
11;2025-11-25;21;880
11;2025-11-25;22;454
11;2025-11-25;23;226
11;2025-11-26;0;66
11;2025-11-26;1;0
11;2025-11-26;2;0
11;2025-11-26;3;0
11;2025-11-26;4;0
11;2025-11-26;5;291
11;2025-11-26;6;1305
11;2025-11-26;7;2376
11;2025-11-26;8;3162
11;2025-11-26;9;2373
11;2025-11-26;10;1817
11;2025-11-26;11;1857
11;2025-11-26;12;1898
11;2025-11-26;13;1980
11;2025-11-26;14;1956
11;2025-11-26;15;2025
11;2025-11-26;16;2163
11;2025-11-26;17;2757
11;2025-11-26;18;3012
11;2025-11-26;19;2308
11;2025-11-26;20;1518
11;2025-11-26;21;919
11;2025-11-26;22;437
11;2025-11-26;23;255
11;2025-11-27;0;70
11;2025-11-27;1;1
11;2025-11-27;2;0
11;2025-11-27;3;0
11;2025-11-27;4;0
11;2025-11-27;5;285
11;2025-11-27;6;1327
11;2025-11-27;7;2352
11;2025-11-27;8;3060
11;2025-11-27;9;2438
11;2025-11-27;10;1937
11;2025-11-27;11;1846
11;2025-11-27;12;1911
11;2025-11-27;13;2015
11;2025-11-27;14;1943
11;2025-11-27;15;2073
11;2025-11-27;16;2329
11;2025-11-27;17;2774
11;2025-11-27;18;3078
11;2025-11-27;19;2286
11;2025-11-27;20;1502
11;2025-11-27;21;942
11;2025-11-27;22;465
11;2025-11-27;23;257
11;2025-11-28;0;78
11;2025-11-28;1;1
11;2025-11-28;2;0
11;2025-11-28;3;0
11;2025-11-28;4;0
11;2025-11-28;5;287
11;2025-11-28;6;1316
11;2025-11-28;7;2297
11;2025-11-28;8;3057
11;2025-11-28;9;2359
11;2025-11-28;10;1898
11;2025-11-28;11;1888
11;2025-11-28;12;1906
11;2025-11-28;13;1966
11;2025-11-28;14;2046
11;2025-11-28;15;2216
11;2025-11-28;16;2459
11;2025-11-28;17;2913
11;2025-11-28;18;2617
11;2025-11-28;19;2097
11;2025-11-28;20;1443
11;2025-11-28;21;871
11;2025-11-28;22;484
11;2025-11-28;23;289
11;2025-11-29;0;97
11;2025-11-29;1;2
11;2025-11-29;2;0
11;2025-11-29;3;0
11;2025-11-29;4;2
11;2025-11-29;5;212
11;2025-11-29;6;912
11;2025-11-29;7;1013
11;2025-11-29;8;1359
11;2025-11-29;9;1341
11;2025-11-29;10;1329
11;2025-11-29;11;1648
11;2025-11-29;12;1843
11;2025-11-29;13;1682
11;2025-11-29;14;1748
11;2025-11-29;15;1727
11;2025-11-29;16;1811
11;2025-11-29;17;1958
11;2025-11-29;18;1763
11;2025-11-29;19;1606
11;2025-11-29;20;1204
11;2025-11-29;21;811
11;2025-11-29;22;452
11;2025-11-29;23;305
11;2025-11-30;0;101
11;2025-11-30;1;9
11;2025-11-30;2;0
11;2025-11-30;3;0
11;2025-11-30;4;2
11;2025-11-30;5;153
11;2025-11-30;6;667
11;2025-11-30;7;856
11;2025-11-30;8;1118
11;2025-11-30;9;1168
11;2025-11-30;10;1143
11;2025-11-30;11;1448
11;2025-11-30;12;1582
11;2025-11-30;13;1480
11;2025-11-30;14;1567
11;2025-11-30;15;1646
11;2025-11-30;16;1612
11;2025-11-30;17;1782
11;2025-11-30;18;1574
11;2025-11-30;19;1346
11;2025-11-30;20;1011
11;2025-11-30;21;716
11;2025-11-30;22;400
11;2025-11-30;23;257
11;2025-12-01;0;76
11;2025-12-01;1;5
11;2025-12-01;2;0
11;2025-12-01;3;0
11;2025-12-01;4;0
11;2025-12-01;5;286
11;2025-12-01;6;1327
11;2025-12-01;7;2325
11;2025-12-01;8;3056
11;2025-12-01;9;2341
11;2025-12-01;10;1784
11;2025-12-01;11;1811
11;2025-12-01;12;1746
11;2025-12-01;13;1883
11;2025-12-01;14;1874
11;2025-12-01;15;1973
11;2025-12-01;16;2186
11;2025-12-01;17;2753
11;2025-12-01;18;3043
11;2025-12-01;19;2301
11;2025-12-01;20;1530
11;2025-12-01;21;868
11;2025-12-01;22;453
11;2025-12-01;23;223
11;2025-12-02;0;68
11;2025-12-02;1;1
11;2025-12-02;2;0
11;2025-12-02;3;0
11;2025-12-02;4;0
11;2025-12-02;5;283
11;2025-12-02;6;1339
11;2025-12-02;7;2363
11;2025-12-02;8;3146
11;2025-12-02;9;2440
11;2025-12-02;10;1847
11;2025-12-02;11;1826
11;2025-12-02;12;1821
11;2025-12-02;13;1976
11;2025-12-02;14;1993
11;2025-12-02;15;2057
11;2025-12-02;16;2227
11;2025-12-02;17;2777
11;2025-12-02;18;2990
11;2025-12-02;19;2278
11;2025-12-02;20;1491
11;2025-12-02;21;880
11;2025-12-02;22;454
11;2025-12-02;23;226
11;2025-12-03;0;66
11;2025-12-03;1;0
11;2025-12-03;2;0
11;2025-12-03;3;0
11;2025-12-03;4;0
11;2025-12-03;5;291
11;2025-12-03;6;1305
11;2025-12-03;7;2376
11;2025-12-03;8;3162
11;2025-12-03;9;2373
11;2025-12-03;10;1817
11;2025-12-03;11;1857
11;2025-12-03;12;1898
11;2025-12-03;13;1980
11;2025-12-03;14;1956
11;2025-12-03;15;2025
11;2025-12-03;16;2163
11;2025-12-03;17;2757
11;2025-12-03;18;3012
11;2025-12-03;19;2308
11;2025-12-03;20;1518
11;2025-12-03;21;919
11;2025-12-03;22;437
11;2025-12-03;23;255
11;2025-12-04;0;70
11;2025-12-04;1;1
11;2025-12-04;2;0
11;2025-12-04;3;0
11;2025-12-04;4;0
11;2025-12-04;5;285
11;2025-12-04;6;1327
11;2025-12-04;7;2352
11;2025-12-04;8;3060
11;2025-12-04;9;2438
11;2025-12-04;10;1937
11;2025-12-04;11;1846
11;2025-12-04;12;1911
11;2025-12-04;13;2015
11;2025-12-04;14;1943
11;2025-12-04;15;2073
11;2025-12-04;16;2329
11;2025-12-04;17;2774
11;2025-12-04;18;3078
11;2025-12-04;19;2286
11;2025-12-04;20;1502
11;2025-12-04;21;942
11;2025-12-04;22;465
11;2025-12-04;23;257
11;2025-12-05;0;78
11;2025-12-05;1;1
11;2025-12-05;2;0
11;2025-12-05;3;0
11;2025-12-05;4;0
11;2025-12-05;5;287
11;2025-12-05;6;1316
11;2025-12-05;7;2297
11;2025-12-05;8;3057
11;2025-12-05;9;2359
11;2025-12-05;10;1898
11;2025-12-05;11;1888
11;2025-12-05;12;1906
11;2025-12-05;13;1966
11;2025-12-05;14;2046
11;2025-12-05;15;2216
11;2025-12-05;16;2459
11;2025-12-05;17;2913
11;2025-12-05;18;2617
11;2025-12-05;19;2097
11;2025-12-05;20;1443
11;2025-12-05;21;871
11;2025-12-05;22;484
11;2025-12-05;23;289
11;2025-12-06;0;97
11;2025-12-06;1;2
11;2025-12-06;2;0
11;2025-12-06;3;0
11;2025-12-06;4;2
11;2025-12-06;5;212
11;2025-12-06;6;912
11;2025-12-06;7;1013
11;2025-12-06;8;1359
11;2025-12-06;9;1341
11;2025-12-06;10;1329
11;2025-12-06;11;1648
11;2025-12-06;12;1843
11;2025-12-06;13;1682
11;2025-12-06;14;1748
11;2025-12-06;15;1727
11;2025-12-06;16;1811
11;2025-12-06;17;1958
11;2025-12-06;18;1763
11;2025-12-06;19;1606
11;2025-12-06;20;1204
11;2025-12-06;21;811
11;2025-12-06;22;452
11;2025-12-06;23;305
11;2025-12-07;0;101
11;2025-12-07;1;9
11;2025-12-07;2;0
11;2025-12-07;3;0
11;2025-12-07;4;2
11;2025-12-07;5;153
11;2025-12-07;6;667
11;2025-12-07;7;856
11;2025-12-07;8;1118
11;2025-12-07;9;1168
11;2025-12-07;10;1143
11;2025-12-07;11;1448
11;2025-12-07;12;1582
11;2025-12-07;13;1480
11;2025-12-07;14;1567
11;2025-12-07;15;1646
11;2025-12-07;16;1612
11;2025-12-07;17;1782
11;2025-12-07;18;1574
11;2025-12-07;19;1346
11;2025-12-07;20;1011
11;2025-12-07;21;716
11;2025-12-07;22;400
11;2025-12-07;23;257
11;2025-12-08;0;76
11;2025-12-08;1;5
11;2025-12-08;2;0
11;2025-12-08;3;0
11;2025-12-08;4;0
11;2025-12-08;5;286
11;2025-12-08;6;1327
11;2025-12-08;7;2325
11;2025-12-08;8;3056
11;2025-12-08;9;2341
11;2025-12-08;10;1784
11;2025-12-08;11;1811
11;2025-12-08;12;1746
11;2025-12-08;13;1883
11;2025-12-08;14;1874
11;2025-12-08;15;1973
11;2025-12-08;16;2186
11;2025-12-08;17;2753
11;2025-12-08;18;3043
11;2025-12-08;19;2301
11;2025-12-08;20;1530
11;2025-12-08;21;868
11;2025-12-08;22;453
11;2025-12-08;23;223
11;2025-12-09;0;68
11;2025-12-09;1;1
11;2025-12-09;2;0
11;2025-12-09;3;0
11;2025-12-09;4;0
11;2025-12-09;5;283
11;2025-12-09;6;1339
11;2025-12-09;7;2363
11;2025-12-09;8;3146
11;2025-12-09;9;2440
11;2025-12-09;10;1847
11;2025-12-09;11;1826
11;2025-12-09;12;1821
11;2025-12-09;13;1976
11;2025-12-09;14;1993
11;2025-12-09;15;2057
11;2025-12-09;16;2227
11;2025-12-09;17;2777
11;2025-12-09;18;2990
11;2025-12-09;19;2278
11;2025-12-09;20;1491
11;2025-12-09;21;880
11;2025-12-09;22;454
11;2025-12-09;23;226
11;2025-12-10;0;66
11;2025-12-10;1;0
11;2025-12-10;2;0
11;2025-12-10;3;0
11;2025-12-10;4;0
11;2025-12-10;5;291
11;2025-12-10;6;1305
11;2025-12-10;7;2376
11;2025-12-10;8;3162
11;2025-12-10;9;2373
11;2025-12-10;10;1817
11;2025-12-10;11;1857
11;2025-12-10;12;1898
11;2025-12-10;13;1980
11;2025-12-10;14;1956
11;2025-12-10;15;2025
11;2025-12-10;16;2163
11;2025-12-10;17;2757
11;2025-12-10;18;3012
11;2025-12-10;19;2308
11;2025-12-10;20;1518
11;2025-12-10;21;919
11;2025-12-10;22;437
11;2025-12-10;23;255
11;2025-12-11;0;70
11;2025-12-11;1;1
11;2025-12-11;2;0
11;2025-12-11;3;0
11;2025-12-11;4;0
11;2025-12-11;5;285
11;2025-12-11;6;1327
11;2025-12-11;7;2352
11;2025-12-11;8;3060
11;2025-12-11;9;2438
11;2025-12-11;10;1937
11;2025-12-11;11;1846
11;2025-12-11;12;1911
11;2025-12-11;13;2015
11;2025-12-11;14;1943
11;2025-12-11;15;2073
11;2025-12-11;16;2329
11;2025-12-11;17;2774
11;2025-12-11;18;3078
11;2025-12-11;19;2286
11;2025-12-11;20;1502
11;2025-12-11;21;942
11;2025-12-11;22;465
11;2025-12-11;23;257
11;2025-12-12;0;78
11;2025-12-12;1;1
11;2025-12-12;2;0
11;2025-12-12;3;0
11;2025-12-12;4;0
11;2025-12-12;5;287
11;2025-12-12;6;1316
11;2025-12-12;7;2297
11;2025-12-12;8;3057
11;2025-12-12;9;2359
11;2025-12-12;10;1898
11;2025-12-12;11;1888
11;2025-12-12;12;1906
11;2025-12-12;13;1966
11;2025-12-12;14;2046
11;2025-12-12;15;2216
11;2025-12-12;16;2459
11;2025-12-12;17;2913
11;2025-12-12;18;2617
11;2025-12-12;19;2097
11;2025-12-12;20;1443
11;2025-12-12;21;871
11;2025-12-12;22;484
11;2025-12-12;23;289
11;2025-12-13;0;97
11;2025-12-13;1;2
11;2025-12-13;2;0
11;2025-12-13;3;0
11;2025-12-13;4;2
11;2025-12-13;5;212
11;2025-12-13;6;912
11;2025-12-13;7;1013
11;2025-12-13;8;1359
11;2025-12-13;9;1341
11;2025-12-13;10;1329
11;2025-12-13;11;1648
11;2025-12-13;12;1843
11;2025-12-13;13;1682
11;2025-12-13;14;1748
11;2025-12-13;15;1727
11;2025-12-13;16;1811
11;2025-12-13;17;1958
11;2025-12-13;18;1763
11;2025-12-13;19;1606
11;2025-12-13;20;1204
11;2025-12-13;21;811
11;2025-12-13;22;452
11;2025-12-13;23;305
11;2025-12-14;0;101
11;2025-12-14;1;9
11;2025-12-14;2;0
11;2025-12-14;3;0
11;2025-12-14;4;2
11;2025-12-14;5;153
11;2025-12-14;6;667
11;2025-12-14;7;856
11;2025-12-14;8;1118
11;2025-12-14;9;1168
11;2025-12-14;10;1143
11;2025-12-14;11;1448
11;2025-12-14;12;1582
11;2025-12-14;13;1480
11;2025-12-14;14;1567
11;2025-12-14;15;1646
11;2025-12-14;16;1612
11;2025-12-14;17;1782
11;2025-12-14;18;1574
11;2025-12-14;19;1346
11;2025-12-14;20;1011
11;2025-12-14;21;716
11;2025-12-14;22;400
11;2025-12-14;23;257
11;2025-12-15;0;76
11;2025-12-15;1;5
11;2025-12-15;2;0
11;2025-12-15;3;0
11;2025-12-15;4;0
11;2025-12-15;5;286
11;2025-12-15;6;1327
11;2025-12-15;7;2325
11;2025-12-15;8;3056
11;2025-12-15;9;2341
11;2025-12-15;10;1784
11;2025-12-15;11;1811
11;2025-12-15;12;1746
11;2025-12-15;13;1883
11;2025-12-15;14;1874
11;2025-12-15;15;1973
11;2025-12-15;16;2186
11;2025-12-15;17;2753
11;2025-12-15;18;3043
11;2025-12-15;19;2301
11;2025-12-15;20;1530
11;2025-12-15;21;868
11;2025-12-15;22;453
11;2025-12-15;23;223
11;2025-12-16;0;68
11;2025-12-16;1;1
11;2025-12-16;2;0
11;2025-12-16;3;0
11;2025-12-16;4;0
11;2025-12-16;5;283
11;2025-12-16;6;1339
11;2025-12-16;7;2363
11;2025-12-16;8;3146
11;2025-12-16;9;2440
11;2025-12-16;10;1847
11;2025-12-16;11;1826
11;2025-12-16;12;1821
11;2025-12-16;13;1976
11;2025-12-16;14;1993
11;2025-12-16;15;2057
11;2025-12-16;16;2227
11;2025-12-16;17;2777
11;2025-12-16;18;2990
11;2025-12-16;19;2278
11;2025-12-16;20;1491
11;2025-12-16;21;880
11;2025-12-16;22;454
11;2025-12-16;23;226
11;2025-12-17;0;66
11;2025-12-17;1;0
11;2025-12-17;2;0
11;2025-12-17;3;0
11;2025-12-17;4;0
11;2025-12-17;5;291
11;2025-12-17;6;1305
11;2025-12-17;7;2376
11;2025-12-17;8;3162
11;2025-12-17;9;2373
11;2025-12-17;10;1817
11;2025-12-17;11;1857
11;2025-12-17;12;1898
11;2025-12-17;13;1980
11;2025-12-17;14;1956
11;2025-12-17;15;2025
11;2025-12-17;16;2163
11;2025-12-17;17;2757
11;2025-12-17;18;3012
11;2025-12-17;19;2308
11;2025-12-17;20;1518
11;2025-12-17;21;919
11;2025-12-17;22;437
11;2025-12-17;23;255
11;2025-12-18;0;70
11;2025-12-18;1;1
11;2025-12-18;2;0
11;2025-12-18;3;0
11;2025-12-18;4;0
11;2025-12-18;5;285
11;2025-12-18;6;1327
11;2025-12-18;7;2352
11;2025-12-18;8;3060
11;2025-12-18;9;2438
11;2025-12-18;10;1937
11;2025-12-18;11;1846
11;2025-12-18;12;1911
11;2025-12-18;13;2015
11;2025-12-18;14;1943
11;2025-12-18;15;2073
11;2025-12-18;16;2329
11;2025-12-18;17;2774
11;2025-12-18;18;3078
11;2025-12-18;19;2286
11;2025-12-18;20;1502
11;2025-12-18;21;942
11;2025-12-18;22;465
11;2025-12-18;23;257
11;2025-12-19;0;78
11;2025-12-19;1;1
11;2025-12-19;2;0
11;2025-12-19;3;0
11;2025-12-19;4;0
11;2025-12-19;5;287
11;2025-12-19;6;1316
11;2025-12-19;7;2297
11;2025-12-19;8;3057
11;2025-12-19;9;2359
11;2025-12-19;10;1898
11;2025-12-19;11;1888
11;2025-12-19;12;1906
11;2025-12-19;13;1966
11;2025-12-19;14;2046
11;2025-12-19;15;2216
11;2025-12-19;16;2459
11;2025-12-19;17;2913
11;2025-12-19;18;2617
11;2025-12-19;19;2097
11;2025-12-19;20;1443
11;2025-12-19;21;871
11;2025-12-19;22;484
11;2025-12-19;23;289
11;2025-12-20;0;97
11;2025-12-20;1;2
11;2025-12-20;2;0
11;2025-12-20;3;0
11;2025-12-20;4;2
11;2025-12-20;5;212
11;2025-12-20;6;912
11;2025-12-20;7;1013
11;2025-12-20;8;1359
11;2025-12-20;9;1341
11;2025-12-20;10;1329
11;2025-12-20;11;1648
11;2025-12-20;12;1843
11;2025-12-20;13;1682
11;2025-12-20;14;1748
11;2025-12-20;15;1727
11;2025-12-20;16;1811
11;2025-12-20;17;1958
11;2025-12-20;18;1763
11;2025-12-20;19;1606
11;2025-12-20;20;1204
11;2025-12-20;21;811
11;2025-12-20;22;452
11;2025-12-20;23;305
11;2025-12-21;0;101
11;2025-12-21;1;9
11;2025-12-21;2;0
11;2025-12-21;3;0
11;2025-12-21;4;2
11;2025-12-21;5;153
11;2025-12-21;6;667
11;2025-12-21;7;856
11;2025-12-21;8;1118
11;2025-12-21;9;1168
11;2025-12-21;10;1143
11;2025-12-21;11;1448
11;2025-12-21;12;1582
11;2025-12-21;13;1480
11;2025-12-21;14;1567
11;2025-12-21;15;1646
11;2025-12-21;16;1612
11;2025-12-21;17;1782
11;2025-12-21;18;1574
11;2025-12-21;19;1346
11;2025-12-21;20;1011
11;2025-12-21;21;716
11;2025-12-21;22;400
11;2025-12-21;23;257
11;2025-12-22;0;76
11;2025-12-22;1;5
11;2025-12-22;2;0
11;2025-12-22;3;0
11;2025-12-22;4;0
11;2025-12-22;5;286
11;2025-12-22;6;1327
11;2025-12-22;7;2325
11;2025-12-22;8;3056
11;2025-12-22;9;2341
11;2025-12-22;10;1784
11;2025-12-22;11;1811
11;2025-12-22;12;1746
11;2025-12-22;13;1883
11;2025-12-22;14;1874
11;2025-12-22;15;1973
11;2025-12-22;16;2186
11;2025-12-22;17;2753
11;2025-12-22;18;3043
11;2025-12-22;19;2301
11;2025-12-22;20;1530
11;2025-12-22;21;868
11;2025-12-22;22;453
11;2025-12-22;23;223
11;2025-12-23;0;68
11;2025-12-23;1;1
11;2025-12-23;2;0
11;2025-12-23;3;0
11;2025-12-23;4;0
11;2025-12-23;5;283
11;2025-12-23;6;1339
11;2025-12-23;7;2363
11;2025-12-23;8;3146
11;2025-12-23;9;2440
11;2025-12-23;10;1847
11;2025-12-23;11;1826
11;2025-12-23;12;1821
11;2025-12-23;13;1976
11;2025-12-23;14;1993
11;2025-12-23;15;2057
11;2025-12-23;16;2227
11;2025-12-23;17;2777
11;2025-12-23;18;2990
11;2025-12-23;19;2278
11;2025-12-23;20;1491
11;2025-12-23;21;880
11;2025-12-23;22;454
11;2025-12-23;23;226
11;2025-12-24;0;66
11;2025-12-24;1;0
11;2025-12-24;2;0
11;2025-12-24;3;0
11;2025-12-24;4;0
11;2025-12-24;5;291
11;2025-12-24;6;1305
11;2025-12-24;7;2376
11;2025-12-24;8;3162
11;2025-12-24;9;2373
11;2025-12-24;10;1817
11;2025-12-24;11;1857
11;2025-12-24;12;1898
11;2025-12-24;13;1980
11;2025-12-24;14;1956
11;2025-12-24;15;2025
11;2025-12-24;16;2163
11;2025-12-24;17;2757
11;2025-12-24;18;3012
11;2025-12-24;19;2308
11;2025-12-24;20;1518
11;2025-12-24;21;919
11;2025-12-24;22;437
11;2025-12-24;23;255
11;2025-12-25;0;70
11;2025-12-25;1;1
11;2025-12-25;2;0
11;2025-12-25;3;0
11;2025-12-25;4;0
11;2025-12-25;5;285
11;2025-12-25;6;1327
11;2025-12-25;7;2352
11;2025-12-25;8;3060
11;2025-12-25;9;2438
11;2025-12-25;10;1937
11;2025-12-25;11;1846
11;2025-12-25;12;1911
11;2025-12-25;13;2015
11;2025-12-25;14;1943
11;2025-12-25;15;2073
11;2025-12-25;16;2329
11;2025-12-25;17;2774
11;2025-12-25;18;3078
11;2025-12-25;19;2286
11;2025-12-25;20;1502
11;2025-12-25;21;942
11;2025-12-25;22;465
11;2025-12-25;23;257
11;2025-12-26;0;78
11;2025-12-26;1;1
11;2025-12-26;2;0
11;2025-12-26;3;0
11;2025-12-26;4;0
11;2025-12-26;5;287
11;2025-12-26;6;1316
11;2025-12-26;7;2297
11;2025-12-26;8;3057
11;2025-12-26;9;2359
11;2025-12-26;10;1898
11;2025-12-26;11;1888
11;2025-12-26;12;1906
11;2025-12-26;13;1966
11;2025-12-26;14;2046
11;2025-12-26;15;2216
11;2025-12-26;16;2459
11;2025-12-26;17;2913
11;2025-12-26;18;2617
11;2025-12-26;19;2097
11;2025-12-26;20;1443
11;2025-12-26;21;871
11;2025-12-26;22;484
11;2025-12-26;23;289
11;2025-12-27;0;97
11;2025-12-27;1;2
11;2025-12-27;2;0
11;2025-12-27;3;0
11;2025-12-27;4;2
11;2025-12-27;5;212
11;2025-12-27;6;912
11;2025-12-27;7;1013
11;2025-12-27;8;1359
11;2025-12-27;9;1341
11;2025-12-27;10;1329
11;2025-12-27;11;1648
11;2025-12-27;12;1843
11;2025-12-27;13;1682
11;2025-12-27;14;1748
11;2025-12-27;15;1727
11;2025-12-27;16;1811
11;2025-12-27;17;1958
11;2025-12-27;18;1763
11;2025-12-27;19;1606
11;2025-12-27;20;1204
11;2025-12-27;21;811
11;2025-12-27;22;452
11;2025-12-27;23;305
11;2025-12-28;0;101
11;2025-12-28;1;9
11;2025-12-28;2;0
11;2025-12-28;3;0
11;2025-12-28;4;2
11;2025-12-28;5;153
11;2025-12-28;6;667
11;2025-12-28;7;856
11;2025-12-28;8;1118
11;2025-12-28;9;1168
11;2025-12-28;10;1143
11;2025-12-28;11;1448
11;2025-12-28;12;1582
11;2025-12-28;13;1480
11;2025-12-28;14;1567
11;2025-12-28;15;1646
11;2025-12-28;16;1612
11;2025-12-28;17;1782
11;2025-12-28;18;1574
11;2025-12-28;19;1346
11;2025-12-28;20;1011
11;2025-12-28;21;716
11;2025-12-28;22;400
11;2025-12-28;23;257
11;2025-12-29;0;76
11;2025-12-29;1;5
11;2025-12-29;2;0
11;2025-12-29;3;0
11;2025-12-29;4;0
11;2025-12-29;5;286
11;2025-12-29;6;1327
11;2025-12-29;7;2325
11;2025-12-29;8;3056
11;2025-12-29;9;2341
11;2025-12-29;10;1784
11;2025-12-29;11;1811
11;2025-12-29;12;1746
11;2025-12-29;13;1883
11;2025-12-29;14;1874
11;2025-12-29;15;1973
11;2025-12-29;16;2186
11;2025-12-29;17;2753
11;2025-12-29;18;3043
11;2025-12-29;19;2301
11;2025-12-29;20;1530
11;2025-12-29;21;868
11;2025-12-29;22;453
11;2025-12-29;23;223
11;2025-12-30;0;68
11;2025-12-30;1;1
11;2025-12-30;2;0
11;2025-12-30;3;0
11;2025-12-30;4;0
11;2025-12-30;5;283
11;2025-12-30;6;1339
11;2025-12-30;7;2363
11;2025-12-30;8;3146
11;2025-12-30;9;2440
11;2025-12-30;10;1847
11;2025-12-30;11;1826
11;2025-12-30;12;1821
11;2025-12-30;13;1976
11;2025-12-30;14;1993
11;2025-12-30;15;2057
11;2025-12-30;16;2227
11;2025-12-30;17;2777
11;2025-12-30;18;2990
11;2025-12-30;19;2278
11;2025-12-30;20;1491
11;2025-12-30;21;880
11;2025-12-30;22;454
11;2025-12-30;23;226
11;2025-12-31;0;101
11;2025-12-31;1;9
11;2025-12-31;2;0
11;2025-12-31;3;0
11;2025-12-31;4;2
11;2025-12-31;5;153
11;2025-12-31;6;667
11;2025-12-31;7;856
11;2025-12-31;8;1118
11;2025-12-31;9;1168
11;2025-12-31;10;1143
11;2025-12-31;11;1448
11;2025-12-31;12;1582
11;2025-12-31;13;1480
11;2025-12-31;14;1567
11;2025-12-31;15;1646
11;2025-12-31;16;1612
11;2025-12-31;17;1782
11;2025-12-31;18;1574
11;2025-12-31;19;1346
11;2025-12-31;20;1011
11;2025-12-31;21;716
11;2025-12-31;22;400
11;2025-12-31;23;257
12;2025-11-01;0;58
12;2025-11-01;1;2
12;2025-11-01;2;0
12;2025-11-01;3;0
12;2025-11-01;4;6
12;2025-11-01;5;323
12;2025-11-01;6;1386
12;2025-11-01;7;2664
12;2025-11-01;8;3462
12;2025-11-01;9;2379
12;2025-11-01;10;1946
12;2025-11-01;11;2012
12;2025-11-01;12;2007
12;2025-11-01;13;2030
12;2025-11-01;14;2082
12;2025-11-01;15;2380
12;2025-11-01;16;3011
12;2025-11-01;17;2985
12;2025-11-01;18;2654
12;2025-11-01;19;2310
12;2025-11-01;20;1510
12;2025-11-01;21;1027
12;2025-11-01;22;534
12;2025-11-01;23;301
12;2025-11-02;0;83
12;2025-11-02;1;6
12;2025-11-02;2;0
12;2025-11-02;3;0
12;2025-11-02;4;2
12;2025-11-02;5;184
12;2025-11-02;6;618
12;2025-11-02;7;826
12;2025-11-02;8;962
12;2025-11-02;9;1005
12;2025-11-02;10;1134
12;2025-11-02;11;1275
12;2025-11-02;12;1288
12;2025-11-02;13;1512
12;2025-11-02;14;1451
12;2025-11-02;15;1346
12;2025-11-02;16;1486
12;2025-11-02;17;1544
12;2025-11-02;18;1367
12;2025-11-02;19;1158
12;2025-11-02;20;844
12;2025-11-02;21;634
12;2025-11-02;22;398
12;2025-11-02;23;221
12;2025-11-03;0;83
12;2025-11-03;1;6
12;2025-11-03;2;0
12;2025-11-03;3;0
12;2025-11-03;4;2
12;2025-11-03;5;184
12;2025-11-03;6;618
12;2025-11-03;7;826
12;2025-11-03;8;962
12;2025-11-03;9;1005
12;2025-11-03;10;1134
12;2025-11-03;11;1275
12;2025-11-03;12;1288
12;2025-11-03;13;1512
12;2025-11-03;14;1451
12;2025-11-03;15;1346
12;2025-11-03;16;1486
12;2025-11-03;17;1544
12;2025-11-03;18;1367
12;2025-11-03;19;1158
12;2025-11-03;20;844
12;2025-11-03;21;634
12;2025-11-03;22;398
12;2025-11-03;23;221
12;2025-11-04;0;83
12;2025-11-04;1;6
12;2025-11-04;2;0
12;2025-11-04;3;0
12;2025-11-04;4;2
12;2025-11-04;5;184
12;2025-11-04;6;618
12;2025-11-04;7;826
12;2025-11-04;8;962
12;2025-11-04;9;1005
12;2025-11-04;10;1134
12;2025-11-04;11;1275
12;2025-11-04;12;1288
12;2025-11-04;13;1512
12;2025-11-04;14;1451
12;2025-11-04;15;1346
12;2025-11-04;16;1486
12;2025-11-04;17;1544
12;2025-11-04;18;1367
12;2025-11-04;19;1158
12;2025-11-04;20;844
12;2025-11-04;21;634
12;2025-11-04;22;398
12;2025-11-04;23;221
12;2025-11-05;0;58
12;2025-11-05;1;2
12;2025-11-05;2;0
12;2025-11-05;3;0
12;2025-11-05;4;6
12;2025-11-05;5;348
12;2025-11-05;6;1453
12;2025-11-05;7;2670
12;2025-11-05;8;3502
12;2025-11-05;9;2546
12;2025-11-05;10;2076
12;2025-11-05;11;2074
12;2025-11-05;12;2082
12;2025-11-05;13;2046
12;2025-11-05;14;2019
12;2025-11-05;15;2250
12;2025-11-05;16;2734
12;2025-11-05;17;3012
12;2025-11-05;18;3160
12;2025-11-05;19;2517
12;2025-11-05;20;1526
12;2025-11-05;21;994
12;2025-11-05;22;515
12;2025-11-05;23;262
12;2025-11-06;0;53
12;2025-11-06;1;2
12;2025-11-06;2;0
12;2025-11-06;3;0
12;2025-11-06;4;6
12;2025-11-06;5;346
12;2025-11-06;6;1382
12;2025-11-06;7;2747
12;2025-11-06;8;3608
12;2025-11-06;9;2454
12;2025-11-06;10;2046
12;2025-11-06;11;2078
12;2025-11-06;12;2090
12;2025-11-06;13;2021
12;2025-11-06;14;2020
12;2025-11-06;15;2287
12;2025-11-06;16;2732
12;2025-11-06;17;3066
12;2025-11-06;18;3232
12;2025-11-06;19;2580
12;2025-11-06;20;1624
12;2025-11-06;21;961
12;2025-11-06;22;503
12;2025-11-06;23;270
12;2025-11-07;0;58
12;2025-11-07;1;2
12;2025-11-07;2;0
12;2025-11-07;3;0
12;2025-11-07;4;6
12;2025-11-07;5;323
12;2025-11-07;6;1386
12;2025-11-07;7;2664
12;2025-11-07;8;3462
12;2025-11-07;9;2379
12;2025-11-07;10;1946
12;2025-11-07;11;2012
12;2025-11-07;12;2007
12;2025-11-07;13;2030
12;2025-11-07;14;2082
12;2025-11-07;15;2380
12;2025-11-07;16;3011
12;2025-11-07;17;2985
12;2025-11-07;18;2654
12;2025-11-07;19;2310
12;2025-11-07;20;1510
12;2025-11-07;21;1027
12;2025-11-07;22;534
12;2025-11-07;23;301
12;2025-11-08;0;84
12;2025-11-08;1;3
12;2025-11-08;2;0
12;2025-11-08;3;0
12;2025-11-08;4;3
12;2025-11-08;5;266
12;2025-11-08;6;921
12;2025-11-08;7;1068
12;2025-11-08;8;1186
12;2025-11-08;9;1214
12;2025-11-08;10;1382
12;2025-11-08;11;1432
12;2025-11-08;12;1410
12;2025-11-08;13;1646
12;2025-11-08;14;1574
12;2025-11-08;15;1428
12;2025-11-08;16;1588
12;2025-11-08;17;1571
12;2025-11-08;18;1558
12;2025-11-08;19;1497
12;2025-11-08;20;1072
12;2025-11-08;21;722
12;2025-11-08;22;434
12;2025-11-08;23;276
12;2025-11-09;0;83
12;2025-11-09;1;6
12;2025-11-09;2;0
12;2025-11-09;3;0
12;2025-11-09;4;2
12;2025-11-09;5;184
12;2025-11-09;6;618
12;2025-11-09;7;826
12;2025-11-09;8;962
12;2025-11-09;9;1005
12;2025-11-09;10;1134
12;2025-11-09;11;1275
12;2025-11-09;12;1288
12;2025-11-09;13;1512
12;2025-11-09;14;1451
12;2025-11-09;15;1346
12;2025-11-09;16;1486
12;2025-11-09;17;1544
12;2025-11-09;18;1367
12;2025-11-09;19;1158
12;2025-11-09;20;844
12;2025-11-09;21;634
12;2025-11-09;22;398
12;2025-11-09;23;221
12;2025-11-10;0;68
12;2025-11-10;1;3
12;2025-11-10;2;0
12;2025-11-10;3;0
12;2025-11-10;4;6
12;2025-11-10;5;338
12;2025-11-10;6;1376
12;2025-11-10;7;2655
12;2025-11-10;8;3424
12;2025-11-10;9;2430
12;2025-11-10;10;1983
12;2025-11-10;11;1869
12;2025-11-10;12;1984
12;2025-11-10;13;1970
12;2025-11-10;14;1928
12;2025-11-10;15;2142
12;2025-11-10;16;2621
12;2025-11-10;17;2942
12;2025-11-10;18;3143
12;2025-11-10;19;2440
12;2025-11-10;20;1574
12;2025-11-10;21;932
12;2025-11-10;22;459
12;2025-11-10;23;235
12;2025-11-11;0;52
12;2025-11-11;1;1
12;2025-11-11;2;0
12;2025-11-11;3;0
12;2025-11-11;4;6
12;2025-11-11;5;340
12;2025-11-11;6;1422
12;2025-11-11;7;2739
12;2025-11-11;8;3662
12;2025-11-11;9;2512
12;2025-11-11;10;2091
12;2025-11-11;11;2061
12;2025-11-11;12;2033
12;2025-11-11;13;2057
12;2025-11-11;14;1947
12;2025-11-11;15;2215
12;2025-11-11;16;2750
12;2025-11-11;17;3078
12;2025-11-11;18;3236
12;2025-11-11;19;2558
12;2025-11-11;20;1546
12;2025-11-11;21;930
12;2025-11-11;22;508
12;2025-11-11;23;242
12;2025-11-12;0;58
12;2025-11-12;1;2
12;2025-11-12;2;0
12;2025-11-12;3;0
12;2025-11-12;4;6
12;2025-11-12;5;348
12;2025-11-12;6;1453
12;2025-11-12;7;2670
12;2025-11-12;8;3502
12;2025-11-12;9;2546
12;2025-11-12;10;2076
12;2025-11-12;11;2074
12;2025-11-12;12;2082
12;2025-11-12;13;2046
12;2025-11-12;14;2019
12;2025-11-12;15;2250
12;2025-11-12;16;2734
12;2025-11-12;17;3012
12;2025-11-12;18;3160
12;2025-11-12;19;2517
12;2025-11-12;20;1526
12;2025-11-12;21;994
12;2025-11-12;22;515
12;2025-11-12;23;262
12;2025-11-13;0;53
12;2025-11-13;1;2
12;2025-11-13;2;0
12;2025-11-13;3;0
12;2025-11-13;4;6
12;2025-11-13;5;346
12;2025-11-13;6;1382
12;2025-11-13;7;2747
12;2025-11-13;8;3608
12;2025-11-13;9;2454
12;2025-11-13;10;2046
12;2025-11-13;11;2078
12;2025-11-13;12;2090
12;2025-11-13;13;2021
12;2025-11-13;14;2020
12;2025-11-13;15;2287
12;2025-11-13;16;2732
12;2025-11-13;17;3066
12;2025-11-13;18;3232
12;2025-11-13;19;2580
12;2025-11-13;20;1624
12;2025-11-13;21;961
12;2025-11-13;22;503
12;2025-11-13;23;270
12;2025-11-14;0;58
12;2025-11-14;1;2
12;2025-11-14;2;0
12;2025-11-14;3;0
12;2025-11-14;4;6
12;2025-11-14;5;323
12;2025-11-14;6;1386
12;2025-11-14;7;2664
12;2025-11-14;8;3462
12;2025-11-14;9;2379
12;2025-11-14;10;1946
12;2025-11-14;11;2012
12;2025-11-14;12;2007
12;2025-11-14;13;2030
12;2025-11-14;14;2082
12;2025-11-14;15;2380
12;2025-11-14;16;3011
12;2025-11-14;17;2985
12;2025-11-14;18;2654
12;2025-11-14;19;2310
12;2025-11-14;20;1510
12;2025-11-14;21;1027
12;2025-11-14;22;534
12;2025-11-14;23;301
12;2025-11-15;0;84
12;2025-11-15;1;3
12;2025-11-15;2;0
12;2025-11-15;3;0
12;2025-11-15;4;3
12;2025-11-15;5;266
12;2025-11-15;6;921
12;2025-11-15;7;1068
12;2025-11-15;8;1186
12;2025-11-15;9;1214
12;2025-11-15;10;1382
12;2025-11-15;11;1432
12;2025-11-15;12;1410
12;2025-11-15;13;1646
12;2025-11-15;14;1574
12;2025-11-15;15;1428
12;2025-11-15;16;1588
12;2025-11-15;17;1571
12;2025-11-15;18;1558
12;2025-11-15;19;1497
12;2025-11-15;20;1072
12;2025-11-15;21;722
12;2025-11-15;22;434
12;2025-11-15;23;276
12;2025-11-16;0;83
12;2025-11-16;1;6
12;2025-11-16;2;0
12;2025-11-16;3;0
12;2025-11-16;4;2
12;2025-11-16;5;184
12;2025-11-16;6;618
12;2025-11-16;7;826
12;2025-11-16;8;962
12;2025-11-16;9;1005
12;2025-11-16;10;1134
12;2025-11-16;11;1275
12;2025-11-16;12;1288
12;2025-11-16;13;1512
12;2025-11-16;14;1451
12;2025-11-16;15;1346
12;2025-11-16;16;1486
12;2025-11-16;17;1544
12;2025-11-16;18;1367
12;2025-11-16;19;1158
12;2025-11-16;20;844
12;2025-11-16;21;634
12;2025-11-16;22;398
12;2025-11-16;23;221
12;2025-11-17;0;68
12;2025-11-17;1;3
12;2025-11-17;2;0
12;2025-11-17;3;0
12;2025-11-17;4;6
12;2025-11-17;5;338
12;2025-11-17;6;1376
12;2025-11-17;7;2655
12;2025-11-17;8;3424
12;2025-11-17;9;2430
12;2025-11-17;10;1983
12;2025-11-17;11;1869
12;2025-11-17;12;1984
12;2025-11-17;13;1970
12;2025-11-17;14;1928
12;2025-11-17;15;2142
12;2025-11-17;16;2621
12;2025-11-17;17;2942
12;2025-11-17;18;3143
12;2025-11-17;19;2440
12;2025-11-17;20;1574
12;2025-11-17;21;932
12;2025-11-17;22;459
12;2025-11-17;23;235
12;2025-11-18;0;52
12;2025-11-18;1;1
12;2025-11-18;2;0
12;2025-11-18;3;0
12;2025-11-18;4;6
12;2025-11-18;5;340
12;2025-11-18;6;1422
12;2025-11-18;7;2739
12;2025-11-18;8;3662
12;2025-11-18;9;2512
12;2025-11-18;10;2091
12;2025-11-18;11;2061
12;2025-11-18;12;2033
12;2025-11-18;13;2057
12;2025-11-18;14;1947
12;2025-11-18;15;2215
12;2025-11-18;16;2750
12;2025-11-18;17;3078
12;2025-11-18;18;3236
12;2025-11-18;19;2558
12;2025-11-18;20;1546
12;2025-11-18;21;930
12;2025-11-18;22;508
12;2025-11-18;23;242
12;2025-11-19;0;58
12;2025-11-19;1;2
12;2025-11-19;2;0
12;2025-11-19;3;0
12;2025-11-19;4;6
12;2025-11-19;5;348
12;2025-11-19;6;1453
12;2025-11-19;7;2670
12;2025-11-19;8;3502
12;2025-11-19;9;2546
12;2025-11-19;10;2076
12;2025-11-19;11;2074
12;2025-11-19;12;2082
12;2025-11-19;13;2046
12;2025-11-19;14;2019
12;2025-11-19;15;2250
12;2025-11-19;16;2734
12;2025-11-19;17;3012
12;2025-11-19;18;3160
12;2025-11-19;19;2517
12;2025-11-19;20;1526
12;2025-11-19;21;994
12;2025-11-19;22;515
12;2025-11-19;23;262
12;2025-11-20;0;53
12;2025-11-20;1;2
12;2025-11-20;2;0
12;2025-11-20;3;0
12;2025-11-20;4;6
12;2025-11-20;5;346
12;2025-11-20;6;1382
12;2025-11-20;7;2747
12;2025-11-20;8;3608
12;2025-11-20;9;2454
12;2025-11-20;10;2046
12;2025-11-20;11;2078
12;2025-11-20;12;2090
12;2025-11-20;13;2021
12;2025-11-20;14;2020
12;2025-11-20;15;2287
12;2025-11-20;16;2732
12;2025-11-20;17;3066
12;2025-11-20;18;3232
12;2025-11-20;19;2580
12;2025-11-20;20;1624
12;2025-11-20;21;961
12;2025-11-20;22;503
12;2025-11-20;23;270
12;2025-11-21;0;58
12;2025-11-21;1;2
12;2025-11-21;2;0
12;2025-11-21;3;0
12;2025-11-21;4;6
12;2025-11-21;5;323
12;2025-11-21;6;1386
12;2025-11-21;7;2664
12;2025-11-21;8;3462
12;2025-11-21;9;2379
12;2025-11-21;10;1946
12;2025-11-21;11;2012
12;2025-11-21;12;2007
12;2025-11-21;13;2030
12;2025-11-21;14;2082
12;2025-11-21;15;2380
12;2025-11-21;16;3011
12;2025-11-21;17;2985
12;2025-11-21;18;2654
12;2025-11-21;19;2310
12;2025-11-21;20;1510
12;2025-11-21;21;1027
12;2025-11-21;22;534
12;2025-11-21;23;301
12;2025-11-22;0;84
12;2025-11-22;1;3
12;2025-11-22;2;0
12;2025-11-22;3;0
12;2025-11-22;4;3
12;2025-11-22;5;266
12;2025-11-22;6;921
12;2025-11-22;7;1068
12;2025-11-22;8;1186
12;2025-11-22;9;1214
12;2025-11-22;10;1382
12;2025-11-22;11;1432
12;2025-11-22;12;1410
12;2025-11-22;13;1646
12;2025-11-22;14;1574
12;2025-11-22;15;1428
12;2025-11-22;16;1588
12;2025-11-22;17;1571
12;2025-11-22;18;1558
12;2025-11-22;19;1497
12;2025-11-22;20;1072
12;2025-11-22;21;722
12;2025-11-22;22;434
12;2025-11-22;23;276
12;2025-11-23;0;83
12;2025-11-23;1;6
12;2025-11-23;2;0
12;2025-11-23;3;0
12;2025-11-23;4;2
12;2025-11-23;5;184
12;2025-11-23;6;618
12;2025-11-23;7;826
12;2025-11-23;8;962
12;2025-11-23;9;1005
12;2025-11-23;10;1134
12;2025-11-23;11;1275
12;2025-11-23;12;1288
12;2025-11-23;13;1512
12;2025-11-23;14;1451
12;2025-11-23;15;1346
12;2025-11-23;16;1486
12;2025-11-23;17;1544
12;2025-11-23;18;1367
12;2025-11-23;19;1158
12;2025-11-23;20;844
12;2025-11-23;21;634
12;2025-11-23;22;398
12;2025-11-23;23;221
12;2025-11-24;0;68
12;2025-11-24;1;3
12;2025-11-24;2;0
12;2025-11-24;3;0
12;2025-11-24;4;6
12;2025-11-24;5;338
12;2025-11-24;6;1376
12;2025-11-24;7;2655
12;2025-11-24;8;3424
12;2025-11-24;9;2430
12;2025-11-24;10;1983
12;2025-11-24;11;1869
12;2025-11-24;12;1984
12;2025-11-24;13;1970
12;2025-11-24;14;1928
12;2025-11-24;15;2142
12;2025-11-24;16;2621
12;2025-11-24;17;2942
12;2025-11-24;18;3143
12;2025-11-24;19;2440
12;2025-11-24;20;1574
12;2025-11-24;21;932
12;2025-11-24;22;459
12;2025-11-24;23;235
12;2025-11-25;0;52
12;2025-11-25;1;1
12;2025-11-25;2;0
12;2025-11-25;3;0
12;2025-11-25;4;6
12;2025-11-25;5;340
12;2025-11-25;6;1422
12;2025-11-25;7;2739
12;2025-11-25;8;3662
12;2025-11-25;9;2512
12;2025-11-25;10;2091
12;2025-11-25;11;2061
12;2025-11-25;12;2033
12;2025-11-25;13;2057
12;2025-11-25;14;1947
12;2025-11-25;15;2215
12;2025-11-25;16;2750
12;2025-11-25;17;3078
12;2025-11-25;18;3236
12;2025-11-25;19;2558
12;2025-11-25;20;1546
12;2025-11-25;21;930
12;2025-11-25;22;508
12;2025-11-25;23;242
12;2025-11-26;0;58
12;2025-11-26;1;2
12;2025-11-26;2;0
12;2025-11-26;3;0
12;2025-11-26;4;6
12;2025-11-26;5;348
12;2025-11-26;6;1453
12;2025-11-26;7;2670
12;2025-11-26;8;3502
12;2025-11-26;9;2546
12;2025-11-26;10;2076
12;2025-11-26;11;2074
12;2025-11-26;12;2082
12;2025-11-26;13;2046
12;2025-11-26;14;2019
12;2025-11-26;15;2250
12;2025-11-26;16;2734
12;2025-11-26;17;3012
12;2025-11-26;18;3160
12;2025-11-26;19;2517
12;2025-11-26;20;1526
12;2025-11-26;21;994
12;2025-11-26;22;515
12;2025-11-26;23;262
12;2025-11-27;0;53
12;2025-11-27;1;2
12;2025-11-27;2;0
12;2025-11-27;3;0
12;2025-11-27;4;6
12;2025-11-27;5;346
12;2025-11-27;6;1382
12;2025-11-27;7;2747
12;2025-11-27;8;3608
12;2025-11-27;9;2454
12;2025-11-27;10;2046
12;2025-11-27;11;2078
12;2025-11-27;12;2090
12;2025-11-27;13;2021
12;2025-11-27;14;2020
12;2025-11-27;15;2287
12;2025-11-27;16;2732
12;2025-11-27;17;3066
12;2025-11-27;18;3232
12;2025-11-27;19;2580
12;2025-11-27;20;1624
12;2025-11-27;21;961
12;2025-11-27;22;503
12;2025-11-27;23;270
12;2025-11-28;0;58
12;2025-11-28;1;2
12;2025-11-28;2;0
12;2025-11-28;3;0
12;2025-11-28;4;6
12;2025-11-28;5;323
12;2025-11-28;6;1386
12;2025-11-28;7;2664
12;2025-11-28;8;3462
12;2025-11-28;9;2379
12;2025-11-28;10;1946
12;2025-11-28;11;2012
12;2025-11-28;12;2007
12;2025-11-28;13;2030
12;2025-11-28;14;2082
12;2025-11-28;15;2380
12;2025-11-28;16;3011
12;2025-11-28;17;2985
12;2025-11-28;18;2654
12;2025-11-28;19;2310
12;2025-11-28;20;1510
12;2025-11-28;21;1027
12;2025-11-28;22;534
12;2025-11-28;23;301
12;2025-11-29;0;84
12;2025-11-29;1;3
12;2025-11-29;2;0
12;2025-11-29;3;0
12;2025-11-29;4;3
12;2025-11-29;5;266
12;2025-11-29;6;921
12;2025-11-29;7;1068
12;2025-11-29;8;1186
12;2025-11-29;9;1214
12;2025-11-29;10;1382
12;2025-11-29;11;1432
12;2025-11-29;12;1410
12;2025-11-29;13;1646
12;2025-11-29;14;1574
12;2025-11-29;15;1428
12;2025-11-29;16;1588
12;2025-11-29;17;1571
12;2025-11-29;18;1558
12;2025-11-29;19;1497
12;2025-11-29;20;1072
12;2025-11-29;21;722
12;2025-11-29;22;434
12;2025-11-29;23;276
12;2025-11-30;0;83
12;2025-11-30;1;6
12;2025-11-30;2;0
12;2025-11-30;3;0
12;2025-11-30;4;2
12;2025-11-30;5;184
12;2025-11-30;6;618
12;2025-11-30;7;826
12;2025-11-30;8;962
12;2025-11-30;9;1005
12;2025-11-30;10;1134
12;2025-11-30;11;1275
12;2025-11-30;12;1288
12;2025-11-30;13;1512
12;2025-11-30;14;1451
12;2025-11-30;15;1346
12;2025-11-30;16;1486
12;2025-11-30;17;1544
12;2025-11-30;18;1367
12;2025-11-30;19;1158
12;2025-11-30;20;844
12;2025-11-30;21;634
12;2025-11-30;22;398
12;2025-11-30;23;221
12;2025-12-01;0;68
12;2025-12-01;1;3
12;2025-12-01;2;0
12;2025-12-01;3;0
12;2025-12-01;4;6
12;2025-12-01;5;338
12;2025-12-01;6;1376
12;2025-12-01;7;2655
12;2025-12-01;8;3424
12;2025-12-01;9;2430
12;2025-12-01;10;1983
12;2025-12-01;11;1869
12;2025-12-01;12;1984
12;2025-12-01;13;1970
12;2025-12-01;14;1928
12;2025-12-01;15;2142
12;2025-12-01;16;2621
12;2025-12-01;17;2942
12;2025-12-01;18;3143
12;2025-12-01;19;2440
12;2025-12-01;20;1574
12;2025-12-01;21;932
12;2025-12-01;22;459
12;2025-12-01;23;235
12;2025-12-02;0;52
12;2025-12-02;1;1
12;2025-12-02;2;0
12;2025-12-02;3;0
12;2025-12-02;4;6
12;2025-12-02;5;340
12;2025-12-02;6;1422
12;2025-12-02;7;2739
12;2025-12-02;8;3662
12;2025-12-02;9;2512
12;2025-12-02;10;2091
12;2025-12-02;11;2061
12;2025-12-02;12;2033
12;2025-12-02;13;2057
12;2025-12-02;14;1947
12;2025-12-02;15;2215
12;2025-12-02;16;2750
12;2025-12-02;17;3078
12;2025-12-02;18;3236
12;2025-12-02;19;2558
12;2025-12-02;20;1546
12;2025-12-02;21;930
12;2025-12-02;22;508
12;2025-12-02;23;242
12;2025-12-03;0;58
12;2025-12-03;1;2
12;2025-12-03;2;0
12;2025-12-03;3;0
12;2025-12-03;4;6
12;2025-12-03;5;348
12;2025-12-03;6;1453
12;2025-12-03;7;2670
12;2025-12-03;8;3502
12;2025-12-03;9;2546
12;2025-12-03;10;2076
12;2025-12-03;11;2074
12;2025-12-03;12;2082
12;2025-12-03;13;2046
12;2025-12-03;14;2019
12;2025-12-03;15;2250
12;2025-12-03;16;2734
12;2025-12-03;17;3012
12;2025-12-03;18;3160
12;2025-12-03;19;2517
12;2025-12-03;20;1526
12;2025-12-03;21;994
12;2025-12-03;22;515
12;2025-12-03;23;262
12;2025-12-04;0;53
12;2025-12-04;1;2
12;2025-12-04;2;0
12;2025-12-04;3;0
12;2025-12-04;4;6
12;2025-12-04;5;346
12;2025-12-04;6;1382
12;2025-12-04;7;2747
12;2025-12-04;8;3608
12;2025-12-04;9;2454
12;2025-12-04;10;2046
12;2025-12-04;11;2078
12;2025-12-04;12;2090
12;2025-12-04;13;2021
12;2025-12-04;14;2020
12;2025-12-04;15;2287
12;2025-12-04;16;2732
12;2025-12-04;17;3066
12;2025-12-04;18;3232
12;2025-12-04;19;2580
12;2025-12-04;20;1624
12;2025-12-04;21;961
12;2025-12-04;22;503
12;2025-12-04;23;270
12;2025-12-05;0;58
12;2025-12-05;1;2
12;2025-12-05;2;0
12;2025-12-05;3;0
12;2025-12-05;4;6
12;2025-12-05;5;323
12;2025-12-05;6;1386
12;2025-12-05;7;2664
12;2025-12-05;8;3462
12;2025-12-05;9;2379
12;2025-12-05;10;1946
12;2025-12-05;11;2012
12;2025-12-05;12;2007
12;2025-12-05;13;2030
12;2025-12-05;14;2082
12;2025-12-05;15;2380
12;2025-12-05;16;3011
12;2025-12-05;17;2985
12;2025-12-05;18;2654
12;2025-12-05;19;2310
12;2025-12-05;20;1510
12;2025-12-05;21;1027
12;2025-12-05;22;534
12;2025-12-05;23;301
12;2025-12-06;0;84
12;2025-12-06;1;3
12;2025-12-06;2;0
12;2025-12-06;3;0
12;2025-12-06;4;3
12;2025-12-06;5;266
12;2025-12-06;6;921
12;2025-12-06;7;1068
12;2025-12-06;8;1186
12;2025-12-06;9;1214
12;2025-12-06;10;1382
12;2025-12-06;11;1432
12;2025-12-06;12;1410
12;2025-12-06;13;1646
12;2025-12-06;14;1574
12;2025-12-06;15;1428
12;2025-12-06;16;1588
12;2025-12-06;17;1571
12;2025-12-06;18;1558
12;2025-12-06;19;1497
12;2025-12-06;20;1072
12;2025-12-06;21;722
12;2025-12-06;22;434
12;2025-12-06;23;276
12;2025-12-07;0;83
12;2025-12-07;1;6
12;2025-12-07;2;0
12;2025-12-07;3;0
12;2025-12-07;4;2
12;2025-12-07;5;184
12;2025-12-07;6;618
12;2025-12-07;7;826
12;2025-12-07;8;962
12;2025-12-07;9;1005
12;2025-12-07;10;1134
12;2025-12-07;11;1275
12;2025-12-07;12;1288
12;2025-12-07;13;1512
12;2025-12-07;14;1451
12;2025-12-07;15;1346
12;2025-12-07;16;1486
12;2025-12-07;17;1544
12;2025-12-07;18;1367
12;2025-12-07;19;1158
12;2025-12-07;20;844
12;2025-12-07;21;634
12;2025-12-07;22;398
12;2025-12-07;23;221
12;2025-12-08;0;68
12;2025-12-08;1;3
12;2025-12-08;2;0
12;2025-12-08;3;0
12;2025-12-08;4;6
12;2025-12-08;5;338
12;2025-12-08;6;1376
12;2025-12-08;7;2655
12;2025-12-08;8;3424
12;2025-12-08;9;2430
12;2025-12-08;10;1983
12;2025-12-08;11;1869
12;2025-12-08;12;1984
12;2025-12-08;13;1970
12;2025-12-08;14;1928
12;2025-12-08;15;2142
12;2025-12-08;16;2621
12;2025-12-08;17;2942
12;2025-12-08;18;3143
12;2025-12-08;19;2440
12;2025-12-08;20;1574
12;2025-12-08;21;932
12;2025-12-08;22;459
12;2025-12-08;23;235
12;2025-12-09;0;52
12;2025-12-09;1;1
12;2025-12-09;2;0
12;2025-12-09;3;0
12;2025-12-09;4;6
12;2025-12-09;5;340
12;2025-12-09;6;1422
12;2025-12-09;7;2739
12;2025-12-09;8;3662
12;2025-12-09;9;2512
12;2025-12-09;10;2091
12;2025-12-09;11;2061
12;2025-12-09;12;2033
12;2025-12-09;13;2057
12;2025-12-09;14;1947
12;2025-12-09;15;2215
12;2025-12-09;16;2750
12;2025-12-09;17;3078
12;2025-12-09;18;3236
12;2025-12-09;19;2558
12;2025-12-09;20;1546
12;2025-12-09;21;930
12;2025-12-09;22;508
12;2025-12-09;23;242
12;2025-12-10;0;58
12;2025-12-10;1;2
12;2025-12-10;2;0
12;2025-12-10;3;0
12;2025-12-10;4;6
12;2025-12-10;5;348
12;2025-12-10;6;1453
12;2025-12-10;7;2670
12;2025-12-10;8;3502
12;2025-12-10;9;2546
12;2025-12-10;10;2076
12;2025-12-10;11;2074
12;2025-12-10;12;2082
12;2025-12-10;13;2046
12;2025-12-10;14;2019
12;2025-12-10;15;2250
12;2025-12-10;16;2734
12;2025-12-10;17;3012
12;2025-12-10;18;3160
12;2025-12-10;19;2517
12;2025-12-10;20;1526
12;2025-12-10;21;994
12;2025-12-10;22;515
12;2025-12-10;23;262
12;2025-12-11;0;53
12;2025-12-11;1;2
12;2025-12-11;2;0
12;2025-12-11;3;0
12;2025-12-11;4;6
12;2025-12-11;5;346
12;2025-12-11;6;1382
12;2025-12-11;7;2747
12;2025-12-11;8;3608
12;2025-12-11;9;2454
12;2025-12-11;10;2046
12;2025-12-11;11;2078
12;2025-12-11;12;2090
12;2025-12-11;13;2021
12;2025-12-11;14;2020
12;2025-12-11;15;2287
12;2025-12-11;16;2732
12;2025-12-11;17;3066
12;2025-12-11;18;3232
12;2025-12-11;19;2580
12;2025-12-11;20;1624
12;2025-12-11;21;961
12;2025-12-11;22;503
12;2025-12-11;23;270
12;2025-12-12;0;58
12;2025-12-12;1;2
12;2025-12-12;2;0
12;2025-12-12;3;0
12;2025-12-12;4;6
12;2025-12-12;5;323
12;2025-12-12;6;1386
12;2025-12-12;7;2664
12;2025-12-12;8;3462
12;2025-12-12;9;2379
12;2025-12-12;10;1946
12;2025-12-12;11;2012
12;2025-12-12;12;2007
12;2025-12-12;13;2030
12;2025-12-12;14;2082
12;2025-12-12;15;2380
12;2025-12-12;16;3011
12;2025-12-12;17;2985
12;2025-12-12;18;2654
12;2025-12-12;19;2310
12;2025-12-12;20;1510
12;2025-12-12;21;1027
12;2025-12-12;22;534
12;2025-12-12;23;301
12;2025-12-13;0;84
12;2025-12-13;1;3
12;2025-12-13;2;0
12;2025-12-13;3;0
12;2025-12-13;4;3
12;2025-12-13;5;266
12;2025-12-13;6;921
12;2025-12-13;7;1068
12;2025-12-13;8;1186
12;2025-12-13;9;1214
12;2025-12-13;10;1382
12;2025-12-13;11;1432
12;2025-12-13;12;1410
12;2025-12-13;13;1646
12;2025-12-13;14;1574
12;2025-12-13;15;1428
12;2025-12-13;16;1588
12;2025-12-13;17;1571
12;2025-12-13;18;1558
12;2025-12-13;19;1497
12;2025-12-13;20;1072
12;2025-12-13;21;722
12;2025-12-13;22;434
12;2025-12-13;23;276
12;2025-12-14;0;83
12;2025-12-14;1;6
12;2025-12-14;2;0
12;2025-12-14;3;0
12;2025-12-14;4;2
12;2025-12-14;5;184
12;2025-12-14;6;618
12;2025-12-14;7;826
12;2025-12-14;8;962
12;2025-12-14;9;1005
12;2025-12-14;10;1134
12;2025-12-14;11;1275
12;2025-12-14;12;1288
12;2025-12-14;13;1512
12;2025-12-14;14;1451
12;2025-12-14;15;1346
12;2025-12-14;16;1486
12;2025-12-14;17;1544
12;2025-12-14;18;1367
12;2025-12-14;19;1158
12;2025-12-14;20;844
12;2025-12-14;21;634
12;2025-12-14;22;398
12;2025-12-14;23;221
12;2025-12-15;0;68
12;2025-12-15;1;3
12;2025-12-15;2;0
12;2025-12-15;3;0
12;2025-12-15;4;6
12;2025-12-15;5;338
12;2025-12-15;6;1376
12;2025-12-15;7;2655
12;2025-12-15;8;3424
12;2025-12-15;9;2430
12;2025-12-15;10;1983
12;2025-12-15;11;1869
12;2025-12-15;12;1984
12;2025-12-15;13;1970
12;2025-12-15;14;1928
12;2025-12-15;15;2142
12;2025-12-15;16;2621
12;2025-12-15;17;2942
12;2025-12-15;18;3143
12;2025-12-15;19;2440
12;2025-12-15;20;1574
12;2025-12-15;21;932
12;2025-12-15;22;459
12;2025-12-15;23;235
12;2025-12-16;0;52
12;2025-12-16;1;1
12;2025-12-16;2;0
12;2025-12-16;3;0
12;2025-12-16;4;6
12;2025-12-16;5;340
12;2025-12-16;6;1422
12;2025-12-16;7;2739
12;2025-12-16;8;3662
12;2025-12-16;9;2512
12;2025-12-16;10;2091
12;2025-12-16;11;2061
12;2025-12-16;12;2033
12;2025-12-16;13;2057
12;2025-12-16;14;1947
12;2025-12-16;15;2215
12;2025-12-16;16;2750
12;2025-12-16;17;3078
12;2025-12-16;18;3236
12;2025-12-16;19;2558
12;2025-12-16;20;1546
12;2025-12-16;21;930
12;2025-12-16;22;508
12;2025-12-16;23;242
12;2025-12-17;0;58
12;2025-12-17;1;2
12;2025-12-17;2;0
12;2025-12-17;3;0
12;2025-12-17;4;6
12;2025-12-17;5;348
12;2025-12-17;6;1453
12;2025-12-17;7;2670
12;2025-12-17;8;3502
12;2025-12-17;9;2546
12;2025-12-17;10;2076
12;2025-12-17;11;2074
12;2025-12-17;12;2082
12;2025-12-17;13;2046
12;2025-12-17;14;2019
12;2025-12-17;15;2250
12;2025-12-17;16;2734
12;2025-12-17;17;3012
12;2025-12-17;18;3160
12;2025-12-17;19;2517
12;2025-12-17;20;1526
12;2025-12-17;21;994
12;2025-12-17;22;515
12;2025-12-17;23;262
12;2025-12-18;0;53
12;2025-12-18;1;2
12;2025-12-18;2;0
12;2025-12-18;3;0
12;2025-12-18;4;6
12;2025-12-18;5;346
12;2025-12-18;6;1382
12;2025-12-18;7;2747
12;2025-12-18;8;3608
12;2025-12-18;9;2454
12;2025-12-18;10;2046
12;2025-12-18;11;2078
12;2025-12-18;12;2090
12;2025-12-18;13;2021
12;2025-12-18;14;2020
12;2025-12-18;15;2287
12;2025-12-18;16;2732
12;2025-12-18;17;3066
12;2025-12-18;18;3232
12;2025-12-18;19;2580
12;2025-12-18;20;1624
12;2025-12-18;21;961
12;2025-12-18;22;503
12;2025-12-18;23;270
12;2025-12-19;0;58
12;2025-12-19;1;2
12;2025-12-19;2;0
12;2025-12-19;3;0
12;2025-12-19;4;6
12;2025-12-19;5;323
12;2025-12-19;6;1386
12;2025-12-19;7;2664
12;2025-12-19;8;3462
12;2025-12-19;9;2379
12;2025-12-19;10;1946
12;2025-12-19;11;2012
12;2025-12-19;12;2007
12;2025-12-19;13;2030
12;2025-12-19;14;2082
12;2025-12-19;15;2380
12;2025-12-19;16;3011
12;2025-12-19;17;2985
12;2025-12-19;18;2654
12;2025-12-19;19;2310
12;2025-12-19;20;1510
12;2025-12-19;21;1027
12;2025-12-19;22;534
12;2025-12-19;23;301
12;2025-12-20;0;84
12;2025-12-20;1;3
12;2025-12-20;2;0
12;2025-12-20;3;0
12;2025-12-20;4;3
12;2025-12-20;5;266
12;2025-12-20;6;921
12;2025-12-20;7;1068
12;2025-12-20;8;1186
12;2025-12-20;9;1214
12;2025-12-20;10;1382
12;2025-12-20;11;1432
12;2025-12-20;12;1410
12;2025-12-20;13;1646
12;2025-12-20;14;1574
12;2025-12-20;15;1428
12;2025-12-20;16;1588
12;2025-12-20;17;1571
12;2025-12-20;18;1558
12;2025-12-20;19;1497
12;2025-12-20;20;1072
12;2025-12-20;21;722
12;2025-12-20;22;434
12;2025-12-20;23;276
12;2025-12-21;0;83
12;2025-12-21;1;6
12;2025-12-21;2;0
12;2025-12-21;3;0
12;2025-12-21;4;2
12;2025-12-21;5;184
12;2025-12-21;6;618
12;2025-12-21;7;826
12;2025-12-21;8;962
12;2025-12-21;9;1005
12;2025-12-21;10;1134
12;2025-12-21;11;1275
12;2025-12-21;12;1288
12;2025-12-21;13;1512
12;2025-12-21;14;1451
12;2025-12-21;15;1346
12;2025-12-21;16;1486
12;2025-12-21;17;1544
12;2025-12-21;18;1367
12;2025-12-21;19;1158
12;2025-12-21;20;844
12;2025-12-21;21;634
12;2025-12-21;22;398
12;2025-12-21;23;221
12;2025-12-22;0;68
12;2025-12-22;1;3
12;2025-12-22;2;0
12;2025-12-22;3;0
12;2025-12-22;4;6
12;2025-12-22;5;338
12;2025-12-22;6;1376
12;2025-12-22;7;2655
12;2025-12-22;8;3424
12;2025-12-22;9;2430
12;2025-12-22;10;1983
12;2025-12-22;11;1869
12;2025-12-22;12;1984
12;2025-12-22;13;1970
12;2025-12-22;14;1928
12;2025-12-22;15;2142
12;2025-12-22;16;2621
12;2025-12-22;17;2942
12;2025-12-22;18;3143
12;2025-12-22;19;2440
12;2025-12-22;20;1574
12;2025-12-22;21;932
12;2025-12-22;22;459
12;2025-12-22;23;235
12;2025-12-23;0;52
12;2025-12-23;1;1
12;2025-12-23;2;0
12;2025-12-23;3;0
12;2025-12-23;4;6
12;2025-12-23;5;340
12;2025-12-23;6;1422
12;2025-12-23;7;2739
12;2025-12-23;8;3662
12;2025-12-23;9;2512
12;2025-12-23;10;2091
12;2025-12-23;11;2061
12;2025-12-23;12;2033
12;2025-12-23;13;2057
12;2025-12-23;14;1947
12;2025-12-23;15;2215
12;2025-12-23;16;2750
12;2025-12-23;17;3078
12;2025-12-23;18;3236
12;2025-12-23;19;2558
12;2025-12-23;20;1546
12;2025-12-23;21;930
12;2025-12-23;22;508
12;2025-12-23;23;242
12;2025-12-24;0;58
12;2025-12-24;1;2
12;2025-12-24;2;0
12;2025-12-24;3;0
12;2025-12-24;4;6
12;2025-12-24;5;348
12;2025-12-24;6;1453
12;2025-12-24;7;2670
12;2025-12-24;8;3502
12;2025-12-24;9;2546
12;2025-12-24;10;2076
12;2025-12-24;11;2074
12;2025-12-24;12;2082
12;2025-12-24;13;2046
12;2025-12-24;14;2019
12;2025-12-24;15;2250
12;2025-12-24;16;2734
12;2025-12-24;17;3012
12;2025-12-24;18;3160
12;2025-12-24;19;2517
12;2025-12-24;20;1526
12;2025-12-24;21;994
12;2025-12-24;22;515
12;2025-12-24;23;262
12;2025-12-25;0;53
12;2025-12-25;1;2
12;2025-12-25;2;0
12;2025-12-25;3;0
12;2025-12-25;4;6
12;2025-12-25;5;346
12;2025-12-25;6;1382
12;2025-12-25;7;2747
12;2025-12-25;8;3608
12;2025-12-25;9;2454
12;2025-12-25;10;2046
12;2025-12-25;11;2078
12;2025-12-25;12;2090
12;2025-12-25;13;2021
12;2025-12-25;14;2020
12;2025-12-25;15;2287
12;2025-12-25;16;2732
12;2025-12-25;17;3066
12;2025-12-25;18;3232
12;2025-12-25;19;2580
12;2025-12-25;20;1624
12;2025-12-25;21;961
12;2025-12-25;22;503
12;2025-12-25;23;270
12;2025-12-26;0;58
12;2025-12-26;1;2
12;2025-12-26;2;0
12;2025-12-26;3;0
12;2025-12-26;4;6
12;2025-12-26;5;323
12;2025-12-26;6;1386
12;2025-12-26;7;2664
12;2025-12-26;8;3462
12;2025-12-26;9;2379
12;2025-12-26;10;1946
12;2025-12-26;11;2012
12;2025-12-26;12;2007
12;2025-12-26;13;2030
12;2025-12-26;14;2082
12;2025-12-26;15;2380
12;2025-12-26;16;3011
12;2025-12-26;17;2985
12;2025-12-26;18;2654
12;2025-12-26;19;2310
12;2025-12-26;20;1510
12;2025-12-26;21;1027
12;2025-12-26;22;534
12;2025-12-26;23;301
12;2025-12-27;0;84
12;2025-12-27;1;3
12;2025-12-27;2;0
12;2025-12-27;3;0
12;2025-12-27;4;3
12;2025-12-27;5;266
12;2025-12-27;6;921
12;2025-12-27;7;1068
12;2025-12-27;8;1186
12;2025-12-27;9;1214
12;2025-12-27;10;1382
12;2025-12-27;11;1432
12;2025-12-27;12;1410
12;2025-12-27;13;1646
12;2025-12-27;14;1574
12;2025-12-27;15;1428
12;2025-12-27;16;1588
12;2025-12-27;17;1571
12;2025-12-27;18;1558
12;2025-12-27;19;1497
12;2025-12-27;20;1072
12;2025-12-27;21;722
12;2025-12-27;22;434
12;2025-12-27;23;276
12;2025-12-28;0;83
12;2025-12-28;1;6
12;2025-12-28;2;0
12;2025-12-28;3;0
12;2025-12-28;4;2
12;2025-12-28;5;184
12;2025-12-28;6;618
12;2025-12-28;7;826
12;2025-12-28;8;962
12;2025-12-28;9;1005
12;2025-12-28;10;1134
12;2025-12-28;11;1275
12;2025-12-28;12;1288
12;2025-12-28;13;1512
12;2025-12-28;14;1451
12;2025-12-28;15;1346
12;2025-12-28;16;1486
12;2025-12-28;17;1544
12;2025-12-28;18;1367
12;2025-12-28;19;1158
12;2025-12-28;20;844
12;2025-12-28;21;634
12;2025-12-28;22;398
12;2025-12-28;23;221
12;2025-12-29;0;68
12;2025-12-29;1;3
12;2025-12-29;2;0
12;2025-12-29;3;0
12;2025-12-29;4;6
12;2025-12-29;5;338
12;2025-12-29;6;1376
12;2025-12-29;7;2655
12;2025-12-29;8;3424
12;2025-12-29;9;2430
12;2025-12-29;10;1983
12;2025-12-29;11;1869
12;2025-12-29;12;1984
12;2025-12-29;13;1970
12;2025-12-29;14;1928
12;2025-12-29;15;2142
12;2025-12-29;16;2621
12;2025-12-29;17;2942
12;2025-12-29;18;3143
12;2025-12-29;19;2440
12;2025-12-29;20;1574
12;2025-12-29;21;932
12;2025-12-29;22;459
12;2025-12-29;23;235
12;2025-12-30;0;52
12;2025-12-30;1;1
12;2025-12-30;2;0
12;2025-12-30;3;0
12;2025-12-30;4;6
12;2025-12-30;5;340
12;2025-12-30;6;1422
12;2025-12-30;7;2739
12;2025-12-30;8;3662
12;2025-12-30;9;2512
12;2025-12-30;10;2091
12;2025-12-30;11;2061
12;2025-12-30;12;2033
12;2025-12-30;13;2057
12;2025-12-30;14;1947
12;2025-12-30;15;2215
12;2025-12-30;16;2750
12;2025-12-30;17;3078
12;2025-12-30;18;3236
12;2025-12-30;19;2558
12;2025-12-30;20;1546
12;2025-12-30;21;930
12;2025-12-30;22;508
12;2025-12-30;23;242
12;2025-12-31;0;83
12;2025-12-31;1;6
12;2025-12-31;2;0
12;2025-12-31;3;0
12;2025-12-31;4;2
12;2025-12-31;5;184
12;2025-12-31;6;618
12;2025-12-31;7;826
12;2025-12-31;8;962
12;2025-12-31;9;1005
12;2025-12-31;10;1134
12;2025-12-31;11;1275
12;2025-12-31;12;1288
12;2025-12-31;13;1512
12;2025-12-31;14;1451
12;2025-12-31;15;1346
12;2025-12-31;16;1486
12;2025-12-31;17;1544
12;2025-12-31;18;1367
12;2025-12-31;19;1158
12;2025-12-31;20;844
12;2025-12-31;21;634
12;2025-12-31;22;398
12;2025-12-31;23;221
17;2025-11-01;0;145
17;2025-11-01;1;15
17;2025-11-01;2;0
17;2025-11-01;3;0
17;2025-11-01;4;26
17;2025-11-01;5;308
17;2025-11-01;6;1496
17;2025-11-01;7;3878
17;2025-11-01;8;5127
17;2025-11-01;9;3692
17;2025-11-01;10;2924
17;2025-11-01;11;2894
17;2025-11-01;12;2974
17;2025-11-01;13;3060
17;2025-11-01;14;3090
17;2025-11-01;15;3414
17;2025-11-01;16;4039
17;2025-11-01;17;4520
17;2025-11-01;18;4352
17;2025-11-01;19;3262
17;2025-11-01;20;2316
17;2025-11-01;21;1578
17;2025-11-01;22;902
17;2025-11-01;23;449
17;2025-11-02;0;172
17;2025-11-02;1;22
17;2025-11-02;2;0
17;2025-11-02;3;0
17;2025-11-02;4;6
17;2025-11-02;5;121
17;2025-11-02;6;510
17;2025-11-02;7;1040
17;2025-11-02;8;1538
17;2025-11-02;9;1741
17;2025-11-02;10;1860
17;2025-11-02;11;2224
17;2025-11-02;12;2562
17;2025-11-02;13;2823
17;2025-11-02;14;2872
17;2025-11-02;15;2910
17;2025-11-02;16;2859
17;2025-11-02;17;2924
17;2025-11-02;18;2682
17;2025-11-02;19;2171
17;2025-11-02;20;1671
17;2025-11-02;21;1223
17;2025-11-02;22;784
17;2025-11-02;23;334
17;2025-11-03;0;172
17;2025-11-03;1;22
17;2025-11-03;2;0
17;2025-11-03;3;0
17;2025-11-03;4;6
17;2025-11-03;5;121
17;2025-11-03;6;510
17;2025-11-03;7;1040
17;2025-11-03;8;1538
17;2025-11-03;9;1741
17;2025-11-03;10;1860
17;2025-11-03;11;2224
17;2025-11-03;12;2562
17;2025-11-03;13;2823
17;2025-11-03;14;2872
17;2025-11-03;15;2910
17;2025-11-03;16;2859
17;2025-11-03;17;2924
17;2025-11-03;18;2682
17;2025-11-03;19;2171
17;2025-11-03;20;1671
17;2025-11-03;21;1223
17;2025-11-03;22;784
17;2025-11-03;23;334
17;2025-11-04;0;172
17;2025-11-04;1;22
17;2025-11-04;2;0
17;2025-11-04;3;0
17;2025-11-04;4;6
17;2025-11-04;5;121
17;2025-11-04;6;510
17;2025-11-04;7;1040
17;2025-11-04;8;1538
17;2025-11-04;9;1741
17;2025-11-04;10;1860
17;2025-11-04;11;2224
17;2025-11-04;12;2562
17;2025-11-04;13;2823
17;2025-11-04;14;2872
17;2025-11-04;15;2910
17;2025-11-04;16;2859
17;2025-11-04;17;2924
17;2025-11-04;18;2682
17;2025-11-04;19;2171
17;2025-11-04;20;1671
17;2025-11-04;21;1223
17;2025-11-04;22;784
17;2025-11-04;23;334
17;2025-11-05;0;125
17;2025-11-05;1;12
17;2025-11-05;2;0
17;2025-11-05;3;0
17;2025-11-05;4;26
17;2025-11-05;5;316
17;2025-11-05;6;1510
17;2025-11-05;7;3946
17;2025-11-05;8;5194
17;2025-11-05;9;3703
17;2025-11-05;10;2930
17;2025-11-05;11;2876
17;2025-11-05;12;2915
17;2025-11-05;13;3009
17;2025-11-05;14;3036
17;2025-11-05;15;3211
17;2025-11-05;16;3573
17;2025-11-05;17;4398
17;2025-11-05;18;4810
17;2025-11-05;19;3412
17;2025-11-05;20;2354
17;2025-11-05;21;1494
17;2025-11-05;22;822
17;2025-11-05;23;388
17;2025-11-06;0;133
17;2025-11-06;1;10
17;2025-11-06;2;0
17;2025-11-06;3;0
17;2025-11-06;4;26
17;2025-11-06;5;314
17;2025-11-06;6;1508
17;2025-11-06;7;3954
17;2025-11-06;8;5213
17;2025-11-06;9;3739
17;2025-11-06;10;2966
17;2025-11-06;11;2888
17;2025-11-06;12;2966
17;2025-11-06;13;2998
17;2025-11-06;14;3025
17;2025-11-06;15;3196
17;2025-11-06;16;3630
17;2025-11-06;17;4424
17;2025-11-06;18;4842
17;2025-11-06;19;3469
17;2025-11-06;20;2419
17;2025-11-06;21;1508
17;2025-11-06;22;846
17;2025-11-06;23;403
17;2025-11-07;0;145
17;2025-11-07;1;15
17;2025-11-07;2;0
17;2025-11-07;3;0
17;2025-11-07;4;26
17;2025-11-07;5;308
17;2025-11-07;6;1496
17;2025-11-07;7;3878
17;2025-11-07;8;5127
17;2025-11-07;9;3692
17;2025-11-07;10;2924
17;2025-11-07;11;2894
17;2025-11-07;12;2974
17;2025-11-07;13;3060
17;2025-11-07;14;3090
17;2025-11-07;15;3414
17;2025-11-07;16;4039
17;2025-11-07;17;4520
17;2025-11-07;18;4352
17;2025-11-07;19;3262
17;2025-11-07;20;2316
17;2025-11-07;21;1578
17;2025-11-07;22;902
17;2025-11-07;23;449
17;2025-11-08;0;189
17;2025-11-08;1;22
17;2025-11-08;2;0
17;2025-11-08;3;0
17;2025-11-08;4;6
17;2025-11-08;5;140
17;2025-11-08;6;622
17;2025-11-08;7;1378
17;2025-11-08;8;1947
17;2025-11-08;9;2152
17;2025-11-08;10;2251
17;2025-11-08;11;2568
17;2025-11-08;12;2815
17;2025-11-08;13;2995
17;2025-11-08;14;2896
17;2025-11-08;15;3028
17;2025-11-08;16;3010
17;2025-11-08;17;3020
17;2025-11-08;18;2912
17;2025-11-08;19;2416
17;2025-11-08;20;1934
17;2025-11-08;21;1372
17;2025-11-08;22;886
17;2025-11-08;23;432
17;2025-11-09;0;172
17;2025-11-09;1;22
17;2025-11-09;2;0
17;2025-11-09;3;0
17;2025-11-09;4;6
17;2025-11-09;5;121
17;2025-11-09;6;510
17;2025-11-09;7;1040
17;2025-11-09;8;1538
17;2025-11-09;9;1741
17;2025-11-09;10;1860
17;2025-11-09;11;2224
17;2025-11-09;12;2562
17;2025-11-09;13;2823
17;2025-11-09;14;2872
17;2025-11-09;15;2910
17;2025-11-09;16;2859
17;2025-11-09;17;2924
17;2025-11-09;18;2682
17;2025-11-09;19;2171
17;2025-11-09;20;1671
17;2025-11-09;21;1223
17;2025-11-09;22;784
17;2025-11-09;23;334
17;2025-11-10;0;110
17;2025-11-10;1;13
17;2025-11-10;2;0
17;2025-11-10;3;0
17;2025-11-10;4;24
17;2025-11-10;5;303
17;2025-11-10;6;1481
17;2025-11-10;7;3874
17;2025-11-10;8;5177
17;2025-11-10;9;3651
17;2025-11-10;10;2810
17;2025-11-10;11;2785
17;2025-11-10;12;2818
17;2025-11-10;13;2872
17;2025-11-10;14;2917
17;2025-11-10;15;3103
17;2025-11-10;16;3516
17;2025-11-10;17;4303
17;2025-11-10;18;4774
17;2025-11-10;19;3434
17;2025-11-10;20;2332
17;2025-11-10;21;1377
17;2025-11-10;22;768
17;2025-11-10;23;331
17;2025-11-11;0;112
17;2025-11-11;1;10
17;2025-11-11;2;0
17;2025-11-11;3;0
17;2025-11-11;4;26
17;2025-11-11;5;313
17;2025-11-11;6;1514
17;2025-11-11;7;3994
17;2025-11-11;8;5312
17;2025-11-11;9;3784
17;2025-11-11;10;2910
17;2025-11-11;11;2824
17;2025-11-11;12;2924
17;2025-11-11;13;2965
17;2025-11-11;14;3052
17;2025-11-11;15;3124
17;2025-11-11;16;3534
17;2025-11-11;17;4414
17;2025-11-11;18;4873
17;2025-11-11;19;3451
17;2025-11-11;20;2375
17;2025-11-11;21;1450
17;2025-11-11;22;784
17;2025-11-11;23;358
17;2025-11-12;0;125
17;2025-11-12;1;12
17;2025-11-12;2;0
17;2025-11-12;3;0
17;2025-11-12;4;26
17;2025-11-12;5;316
17;2025-11-12;6;1510
17;2025-11-12;7;3946
17;2025-11-12;8;5194
17;2025-11-12;9;3703
17;2025-11-12;10;2930
17;2025-11-12;11;2876
17;2025-11-12;12;2915
17;2025-11-12;13;3009
17;2025-11-12;14;3036
17;2025-11-12;15;3211
17;2025-11-12;16;3573
17;2025-11-12;17;4398
17;2025-11-12;18;4810
17;2025-11-12;19;3412
17;2025-11-12;20;2354
17;2025-11-12;21;1494
17;2025-11-12;22;822
17;2025-11-12;23;388
17;2025-11-13;0;133
17;2025-11-13;1;10
17;2025-11-13;2;0
17;2025-11-13;3;0
17;2025-11-13;4;26
17;2025-11-13;5;314
17;2025-11-13;6;1508
17;2025-11-13;7;3954
17;2025-11-13;8;5213
17;2025-11-13;9;3739
17;2025-11-13;10;2966
17;2025-11-13;11;2888
17;2025-11-13;12;2966
17;2025-11-13;13;2998
17;2025-11-13;14;3025
17;2025-11-13;15;3196
17;2025-11-13;16;3630
17;2025-11-13;17;4424
17;2025-11-13;18;4842
17;2025-11-13;19;3469
17;2025-11-13;20;2419
17;2025-11-13;21;1508
17;2025-11-13;22;846
17;2025-11-13;23;403
17;2025-11-14;0;145
17;2025-11-14;1;15
17;2025-11-14;2;0
17;2025-11-14;3;0
17;2025-11-14;4;26
17;2025-11-14;5;308
17;2025-11-14;6;1496
17;2025-11-14;7;3878
17;2025-11-14;8;5127
17;2025-11-14;9;3692
17;2025-11-14;10;2924
17;2025-11-14;11;2894
17;2025-11-14;12;2974
17;2025-11-14;13;3060
17;2025-11-14;14;3090
17;2025-11-14;15;3414
17;2025-11-14;16;4039
17;2025-11-14;17;4520
17;2025-11-14;18;4352
17;2025-11-14;19;3262
17;2025-11-14;20;2316
17;2025-11-14;21;1578
17;2025-11-14;22;902
17;2025-11-14;23;449
17;2025-11-15;0;189
17;2025-11-15;1;22
17;2025-11-15;2;0
17;2025-11-15;3;0
17;2025-11-15;4;6
17;2025-11-15;5;140
17;2025-11-15;6;622
17;2025-11-15;7;1378
17;2025-11-15;8;1947
17;2025-11-15;9;2152
17;2025-11-15;10;2251
17;2025-11-15;11;2568
17;2025-11-15;12;2815
17;2025-11-15;13;2995
17;2025-11-15;14;2896
17;2025-11-15;15;3028
17;2025-11-15;16;3010
17;2025-11-15;17;3020
17;2025-11-15;18;2912
17;2025-11-15;19;2416
17;2025-11-15;20;1934
17;2025-11-15;21;1372
17;2025-11-15;22;886
17;2025-11-15;23;432
17;2025-11-16;0;172
17;2025-11-16;1;22
17;2025-11-16;2;0
17;2025-11-16;3;0
17;2025-11-16;4;6
17;2025-11-16;5;121
17;2025-11-16;6;510
17;2025-11-16;7;1040
17;2025-11-16;8;1538
17;2025-11-16;9;1741
17;2025-11-16;10;1860
17;2025-11-16;11;2224
17;2025-11-16;12;2562
17;2025-11-16;13;2823
17;2025-11-16;14;2872
17;2025-11-16;15;2910
17;2025-11-16;16;2859
17;2025-11-16;17;2924
17;2025-11-16;18;2682
17;2025-11-16;19;2171
17;2025-11-16;20;1671
17;2025-11-16;21;1223
17;2025-11-16;22;784
17;2025-11-16;23;334
17;2025-11-17;0;110
17;2025-11-17;1;13
17;2025-11-17;2;0
17;2025-11-17;3;0
17;2025-11-17;4;24
17;2025-11-17;5;303
17;2025-11-17;6;1481
17;2025-11-17;7;3874
17;2025-11-17;8;5177
17;2025-11-17;9;3651
17;2025-11-17;10;2810
17;2025-11-17;11;2785
17;2025-11-17;12;2818
17;2025-11-17;13;2872
17;2025-11-17;14;2917
17;2025-11-17;15;3103
17;2025-11-17;16;3516
17;2025-11-17;17;4303
17;2025-11-17;18;4774
17;2025-11-17;19;3434
17;2025-11-17;20;2332
17;2025-11-17;21;1377
17;2025-11-17;22;768
17;2025-11-17;23;331
17;2025-11-18;0;112
17;2025-11-18;1;10
17;2025-11-18;2;0
17;2025-11-18;3;0
17;2025-11-18;4;26
17;2025-11-18;5;313
17;2025-11-18;6;1514
17;2025-11-18;7;3994
17;2025-11-18;8;5312
17;2025-11-18;9;3784
17;2025-11-18;10;2910
17;2025-11-18;11;2824
17;2025-11-18;12;2924
17;2025-11-18;13;2965
17;2025-11-18;14;3052
17;2025-11-18;15;3124
17;2025-11-18;16;3534
17;2025-11-18;17;4414
17;2025-11-18;18;4873
17;2025-11-18;19;3451
17;2025-11-18;20;2375
17;2025-11-18;21;1450
17;2025-11-18;22;784
17;2025-11-18;23;358
17;2025-11-19;0;125
17;2025-11-19;1;12
17;2025-11-19;2;0
17;2025-11-19;3;0
17;2025-11-19;4;26
17;2025-11-19;5;316
17;2025-11-19;6;1510
17;2025-11-19;7;3946
17;2025-11-19;8;5194
17;2025-11-19;9;3703
17;2025-11-19;10;2930
17;2025-11-19;11;2876
17;2025-11-19;12;2915
17;2025-11-19;13;3009
17;2025-11-19;14;3036
17;2025-11-19;15;3211
17;2025-11-19;16;3573
17;2025-11-19;17;4398
17;2025-11-19;18;4810
17;2025-11-19;19;3412
17;2025-11-19;20;2354
17;2025-11-19;21;1494
17;2025-11-19;22;822
17;2025-11-19;23;388
17;2025-11-20;0;133
17;2025-11-20;1;10
17;2025-11-20;2;0
17;2025-11-20;3;0
17;2025-11-20;4;26
17;2025-11-20;5;314
17;2025-11-20;6;1508
17;2025-11-20;7;3954
17;2025-11-20;8;5213
17;2025-11-20;9;3739
17;2025-11-20;10;2966
17;2025-11-20;11;2888
17;2025-11-20;12;2966
17;2025-11-20;13;2998
17;2025-11-20;14;3025
17;2025-11-20;15;3196
17;2025-11-20;16;3630
17;2025-11-20;17;4424
17;2025-11-20;18;4842
17;2025-11-20;19;3469
17;2025-11-20;20;2419
17;2025-11-20;21;1508
17;2025-11-20;22;846
17;2025-11-20;23;403
17;2025-11-21;0;145
17;2025-11-21;1;15
17;2025-11-21;2;0
17;2025-11-21;3;0
17;2025-11-21;4;26
17;2025-11-21;5;308
17;2025-11-21;6;1496
17;2025-11-21;7;3878
17;2025-11-21;8;5127
17;2025-11-21;9;3692
17;2025-11-21;10;2924
17;2025-11-21;11;2894
17;2025-11-21;12;2974
17;2025-11-21;13;3060
17;2025-11-21;14;3090
17;2025-11-21;15;3414
17;2025-11-21;16;4039
17;2025-11-21;17;4520
17;2025-11-21;18;4352
17;2025-11-21;19;3262
17;2025-11-21;20;2316
17;2025-11-21;21;1578
17;2025-11-21;22;902
17;2025-11-21;23;449
17;2025-11-22;0;189
17;2025-11-22;1;22
17;2025-11-22;2;0
17;2025-11-22;3;0
17;2025-11-22;4;6
17;2025-11-22;5;140
17;2025-11-22;6;622
17;2025-11-22;7;1378
17;2025-11-22;8;1947
17;2025-11-22;9;2152
17;2025-11-22;10;2251
17;2025-11-22;11;2568
17;2025-11-22;12;2815
17;2025-11-22;13;2995
17;2025-11-22;14;2896
17;2025-11-22;15;3028
17;2025-11-22;16;3010
17;2025-11-22;17;3020
17;2025-11-22;18;2912
17;2025-11-22;19;2416
17;2025-11-22;20;1934
17;2025-11-22;21;1372
17;2025-11-22;22;886
17;2025-11-22;23;432
17;2025-11-23;0;172
17;2025-11-23;1;22
17;2025-11-23;2;0
17;2025-11-23;3;0
17;2025-11-23;4;6
17;2025-11-23;5;121
17;2025-11-23;6;510
17;2025-11-23;7;1040
17;2025-11-23;8;1538
17;2025-11-23;9;1741
17;2025-11-23;10;1860
17;2025-11-23;11;2224
17;2025-11-23;12;2562
17;2025-11-23;13;2823
17;2025-11-23;14;2872
17;2025-11-23;15;2910
17;2025-11-23;16;2859
17;2025-11-23;17;2924
17;2025-11-23;18;2682
17;2025-11-23;19;2171
17;2025-11-23;20;1671
17;2025-11-23;21;1223
17;2025-11-23;22;784
17;2025-11-23;23;334
17;2025-11-24;0;110
17;2025-11-24;1;13
17;2025-11-24;2;0
17;2025-11-24;3;0
17;2025-11-24;4;24
17;2025-11-24;5;303
17;2025-11-24;6;1481
17;2025-11-24;7;3874
17;2025-11-24;8;5177
17;2025-11-24;9;3651
17;2025-11-24;10;2810
17;2025-11-24;11;2785
17;2025-11-24;12;2818
17;2025-11-24;13;2872
17;2025-11-24;14;2917
17;2025-11-24;15;3103
17;2025-11-24;16;3516
17;2025-11-24;17;4303
17;2025-11-24;18;4774
17;2025-11-24;19;3434
17;2025-11-24;20;2332
17;2025-11-24;21;1377
17;2025-11-24;22;768
17;2025-11-24;23;331
17;2025-11-25;0;112
17;2025-11-25;1;10
17;2025-11-25;2;0
17;2025-11-25;3;0
17;2025-11-25;4;26
17;2025-11-25;5;313
17;2025-11-25;6;1514
17;2025-11-25;7;3994
17;2025-11-25;8;5312
17;2025-11-25;9;3784
17;2025-11-25;10;2910
17;2025-11-25;11;2824
17;2025-11-25;12;2924
17;2025-11-25;13;2965
17;2025-11-25;14;3052
17;2025-11-25;15;3124
17;2025-11-25;16;3534
17;2025-11-25;17;4414
17;2025-11-25;18;4873
17;2025-11-25;19;3451
17;2025-11-25;20;2375
17;2025-11-25;21;1450
17;2025-11-25;22;784
17;2025-11-25;23;358
17;2025-11-26;0;125
17;2025-11-26;1;12
17;2025-11-26;2;0
17;2025-11-26;3;0
17;2025-11-26;4;26
17;2025-11-26;5;316
17;2025-11-26;6;1510
17;2025-11-26;7;3946
17;2025-11-26;8;5194
17;2025-11-26;9;3703
17;2025-11-26;10;2930
17;2025-11-26;11;2876
17;2025-11-26;12;2915
17;2025-11-26;13;3009
17;2025-11-26;14;3036
17;2025-11-26;15;3211
17;2025-11-26;16;3573
17;2025-11-26;17;4398
17;2025-11-26;18;4810
17;2025-11-26;19;3412
17;2025-11-26;20;2354
17;2025-11-26;21;1494
17;2025-11-26;22;822
17;2025-11-26;23;388
17;2025-11-27;0;133
17;2025-11-27;1;10
17;2025-11-27;2;0
17;2025-11-27;3;0
17;2025-11-27;4;26
17;2025-11-27;5;314
17;2025-11-27;6;1508
17;2025-11-27;7;3954
17;2025-11-27;8;5213
17;2025-11-27;9;3739
17;2025-11-27;10;2966
17;2025-11-27;11;2888
17;2025-11-27;12;2966
17;2025-11-27;13;2998
17;2025-11-27;14;3025
17;2025-11-27;15;3196
17;2025-11-27;16;3630
17;2025-11-27;17;4424
17;2025-11-27;18;4842
17;2025-11-27;19;3469
17;2025-11-27;20;2419
17;2025-11-27;21;1508
17;2025-11-27;22;846
17;2025-11-27;23;403
17;2025-11-28;0;145
17;2025-11-28;1;15
17;2025-11-28;2;0
17;2025-11-28;3;0
17;2025-11-28;4;26
17;2025-11-28;5;308
17;2025-11-28;6;1496
17;2025-11-28;7;3878
17;2025-11-28;8;5127
17;2025-11-28;9;3692
17;2025-11-28;10;2924
17;2025-11-28;11;2894
17;2025-11-28;12;2974
17;2025-11-28;13;3060
17;2025-11-28;14;3090
17;2025-11-28;15;3414
17;2025-11-28;16;4039
17;2025-11-28;17;4520
17;2025-11-28;18;4352
17;2025-11-28;19;3262
17;2025-11-28;20;2316
17;2025-11-28;21;1578
17;2025-11-28;22;902
17;2025-11-28;23;449
17;2025-11-29;0;189
17;2025-11-29;1;22
17;2025-11-29;2;0
17;2025-11-29;3;0
17;2025-11-29;4;6
17;2025-11-29;5;140
17;2025-11-29;6;622
17;2025-11-29;7;1378
17;2025-11-29;8;1947
17;2025-11-29;9;2152
17;2025-11-29;10;2251
17;2025-11-29;11;2568
17;2025-11-29;12;2815
17;2025-11-29;13;2995
17;2025-11-29;14;2896
17;2025-11-29;15;3028
17;2025-11-29;16;3010
17;2025-11-29;17;3020
17;2025-11-29;18;2912
17;2025-11-29;19;2416
17;2025-11-29;20;1934
17;2025-11-29;21;1372
17;2025-11-29;22;886
17;2025-11-29;23;432
17;2025-11-30;0;172
17;2025-11-30;1;22
17;2025-11-30;2;0
17;2025-11-30;3;0
17;2025-11-30;4;6
17;2025-11-30;5;121
17;2025-11-30;6;510
17;2025-11-30;7;1040
17;2025-11-30;8;1538
17;2025-11-30;9;1741
17;2025-11-30;10;1860
17;2025-11-30;11;2224
17;2025-11-30;12;2562
17;2025-11-30;13;2823
17;2025-11-30;14;2872
17;2025-11-30;15;2910
17;2025-11-30;16;2859
17;2025-11-30;17;2924
17;2025-11-30;18;2682
17;2025-11-30;19;2171
17;2025-11-30;20;1671
17;2025-11-30;21;1223
17;2025-11-30;22;784
17;2025-11-30;23;334
17;2025-12-01;0;110
17;2025-12-01;1;13
17;2025-12-01;2;0
17;2025-12-01;3;0
17;2025-12-01;4;24
17;2025-12-01;5;303
17;2025-12-01;6;1481
17;2025-12-01;7;3874
17;2025-12-01;8;5177
17;2025-12-01;9;3651
17;2025-12-01;10;2810
17;2025-12-01;11;2785
17;2025-12-01;12;2818
17;2025-12-01;13;2872
17;2025-12-01;14;2917
17;2025-12-01;15;3103
17;2025-12-01;16;3516
17;2025-12-01;17;4303
17;2025-12-01;18;4774
17;2025-12-01;19;3434
17;2025-12-01;20;2332
17;2025-12-01;21;1377
17;2025-12-01;22;768
17;2025-12-01;23;331
17;2025-12-02;0;112
17;2025-12-02;1;10
17;2025-12-02;2;0
17;2025-12-02;3;0
17;2025-12-02;4;26
17;2025-12-02;5;313
17;2025-12-02;6;1514
17;2025-12-02;7;3994
17;2025-12-02;8;5312
17;2025-12-02;9;3784
17;2025-12-02;10;2910
17;2025-12-02;11;2824
17;2025-12-02;12;2924
17;2025-12-02;13;2965
17;2025-12-02;14;3052
17;2025-12-02;15;3124
17;2025-12-02;16;3534
17;2025-12-02;17;4414
17;2025-12-02;18;4873
17;2025-12-02;19;3451
17;2025-12-02;20;2375
17;2025-12-02;21;1450
17;2025-12-02;22;784
17;2025-12-02;23;358
17;2025-12-03;0;125
17;2025-12-03;1;12
17;2025-12-03;2;0
17;2025-12-03;3;0
17;2025-12-03;4;26
17;2025-12-03;5;316
17;2025-12-03;6;1510
17;2025-12-03;7;3946
17;2025-12-03;8;5194
17;2025-12-03;9;3703
17;2025-12-03;10;2930
17;2025-12-03;11;2876
17;2025-12-03;12;2915
17;2025-12-03;13;3009
17;2025-12-03;14;3036
17;2025-12-03;15;3211
17;2025-12-03;16;3573
17;2025-12-03;17;4398
17;2025-12-03;18;4810
17;2025-12-03;19;3412
17;2025-12-03;20;2354
17;2025-12-03;21;1494
17;2025-12-03;22;822
17;2025-12-03;23;388
17;2025-12-04;0;133
17;2025-12-04;1;10
17;2025-12-04;2;0
17;2025-12-04;3;0
17;2025-12-04;4;26
17;2025-12-04;5;314
17;2025-12-04;6;1508
17;2025-12-04;7;3954
17;2025-12-04;8;5213
17;2025-12-04;9;3739
17;2025-12-04;10;2966
17;2025-12-04;11;2888
17;2025-12-04;12;2966
17;2025-12-04;13;2998
17;2025-12-04;14;3025
17;2025-12-04;15;3196
17;2025-12-04;16;3630
17;2025-12-04;17;4424
17;2025-12-04;18;4842
17;2025-12-04;19;3469
17;2025-12-04;20;2419
17;2025-12-04;21;1508
17;2025-12-04;22;846
17;2025-12-04;23;403
17;2025-12-05;0;145
17;2025-12-05;1;15
17;2025-12-05;2;0
17;2025-12-05;3;0
17;2025-12-05;4;26
17;2025-12-05;5;308
17;2025-12-05;6;1496
17;2025-12-05;7;3878
17;2025-12-05;8;5127
17;2025-12-05;9;3692
17;2025-12-05;10;2924
17;2025-12-05;11;2894
17;2025-12-05;12;2974
17;2025-12-05;13;3060
17;2025-12-05;14;3090
17;2025-12-05;15;3414
17;2025-12-05;16;4039
17;2025-12-05;17;4520
17;2025-12-05;18;4352
17;2025-12-05;19;3262
17;2025-12-05;20;2316
17;2025-12-05;21;1578
17;2025-12-05;22;902
17;2025-12-05;23;449
17;2025-12-06;0;189
17;2025-12-06;1;22
17;2025-12-06;2;0
17;2025-12-06;3;0
17;2025-12-06;4;6
17;2025-12-06;5;140
17;2025-12-06;6;622
17;2025-12-06;7;1378
17;2025-12-06;8;1947
17;2025-12-06;9;2152
17;2025-12-06;10;2251
17;2025-12-06;11;2568
17;2025-12-06;12;2815
17;2025-12-06;13;2995
17;2025-12-06;14;2896
17;2025-12-06;15;3028
17;2025-12-06;16;3010
17;2025-12-06;17;3020
17;2025-12-06;18;2912
17;2025-12-06;19;2416
17;2025-12-06;20;1934
17;2025-12-06;21;1372
17;2025-12-06;22;886
17;2025-12-06;23;432
17;2025-12-07;0;172
17;2025-12-07;1;22
17;2025-12-07;2;0
17;2025-12-07;3;0
17;2025-12-07;4;6
17;2025-12-07;5;121
17;2025-12-07;6;510
17;2025-12-07;7;1040
17;2025-12-07;8;1538
17;2025-12-07;9;1741
17;2025-12-07;10;1860
17;2025-12-07;11;2224
17;2025-12-07;12;2562
17;2025-12-07;13;2823
17;2025-12-07;14;2872
17;2025-12-07;15;2910
17;2025-12-07;16;2859
17;2025-12-07;17;2924
17;2025-12-07;18;2682
17;2025-12-07;19;2171
17;2025-12-07;20;1671
17;2025-12-07;21;1223
17;2025-12-07;22;784
17;2025-12-07;23;334
17;2025-12-08;0;110
17;2025-12-08;1;13
17;2025-12-08;2;0
17;2025-12-08;3;0
17;2025-12-08;4;24
17;2025-12-08;5;303
17;2025-12-08;6;1481
17;2025-12-08;7;3874
17;2025-12-08;8;5177
17;2025-12-08;9;3651
17;2025-12-08;10;2810
17;2025-12-08;11;2785
17;2025-12-08;12;2818
17;2025-12-08;13;2872
17;2025-12-08;14;2917
17;2025-12-08;15;3103
17;2025-12-08;16;3516
17;2025-12-08;17;4303
17;2025-12-08;18;4774
17;2025-12-08;19;3434
17;2025-12-08;20;2332
17;2025-12-08;21;1377
17;2025-12-08;22;768
17;2025-12-08;23;331
17;2025-12-09;0;112
17;2025-12-09;1;10
17;2025-12-09;2;0
17;2025-12-09;3;0
17;2025-12-09;4;26
17;2025-12-09;5;313
17;2025-12-09;6;1514
17;2025-12-09;7;3994
17;2025-12-09;8;5312
17;2025-12-09;9;3784
17;2025-12-09;10;2910
17;2025-12-09;11;2824
17;2025-12-09;12;2924
17;2025-12-09;13;2965
17;2025-12-09;14;3052
17;2025-12-09;15;3124
17;2025-12-09;16;3534
17;2025-12-09;17;4414
17;2025-12-09;18;4873
17;2025-12-09;19;3451
17;2025-12-09;20;2375
17;2025-12-09;21;1450
17;2025-12-09;22;784
17;2025-12-09;23;358
17;2025-12-10;0;125
17;2025-12-10;1;12
17;2025-12-10;2;0
17;2025-12-10;3;0
17;2025-12-10;4;26
17;2025-12-10;5;316
17;2025-12-10;6;1510
17;2025-12-10;7;3946
17;2025-12-10;8;5194
17;2025-12-10;9;3703
17;2025-12-10;10;2930
17;2025-12-10;11;2876
17;2025-12-10;12;2915
17;2025-12-10;13;3009
17;2025-12-10;14;3036
17;2025-12-10;15;3211
17;2025-12-10;16;3573
17;2025-12-10;17;4398
17;2025-12-10;18;4810
17;2025-12-10;19;3412
17;2025-12-10;20;2354
17;2025-12-10;21;1494
17;2025-12-10;22;822
17;2025-12-10;23;388
17;2025-12-11;0;133
17;2025-12-11;1;10
17;2025-12-11;2;0
17;2025-12-11;3;0
17;2025-12-11;4;26
17;2025-12-11;5;314
17;2025-12-11;6;1508
17;2025-12-11;7;3954
17;2025-12-11;8;5213
17;2025-12-11;9;3739
17;2025-12-11;10;2966
17;2025-12-11;11;2888
17;2025-12-11;12;2966
17;2025-12-11;13;2998
17;2025-12-11;14;3025
17;2025-12-11;15;3196
17;2025-12-11;16;3630
17;2025-12-11;17;4424
17;2025-12-11;18;4842
17;2025-12-11;19;3469
17;2025-12-11;20;2419
17;2025-12-11;21;1508
17;2025-12-11;22;846
17;2025-12-11;23;403
17;2025-12-12;0;145
17;2025-12-12;1;15
17;2025-12-12;2;0
17;2025-12-12;3;0
17;2025-12-12;4;26
17;2025-12-12;5;308
17;2025-12-12;6;1496
17;2025-12-12;7;3878
17;2025-12-12;8;5127
17;2025-12-12;9;3692
17;2025-12-12;10;2924
17;2025-12-12;11;2894
17;2025-12-12;12;2974
17;2025-12-12;13;3060
17;2025-12-12;14;3090
17;2025-12-12;15;3414
17;2025-12-12;16;4039
17;2025-12-12;17;4520
17;2025-12-12;18;4352
17;2025-12-12;19;3262
17;2025-12-12;20;2316
17;2025-12-12;21;1578
17;2025-12-12;22;902
17;2025-12-12;23;449
17;2025-12-13;0;189
17;2025-12-13;1;22
17;2025-12-13;2;0
17;2025-12-13;3;0
17;2025-12-13;4;6
17;2025-12-13;5;140
17;2025-12-13;6;622
17;2025-12-13;7;1378
17;2025-12-13;8;1947
17;2025-12-13;9;2152
17;2025-12-13;10;2251
17;2025-12-13;11;2568
17;2025-12-13;12;2815
17;2025-12-13;13;2995
17;2025-12-13;14;2896
17;2025-12-13;15;3028
17;2025-12-13;16;3010
17;2025-12-13;17;3020
17;2025-12-13;18;2912
17;2025-12-13;19;2416
17;2025-12-13;20;1934
17;2025-12-13;21;1372
17;2025-12-13;22;886
17;2025-12-13;23;432
17;2025-12-14;0;172
17;2025-12-14;1;22
17;2025-12-14;2;0
17;2025-12-14;3;0
17;2025-12-14;4;6
17;2025-12-14;5;121
17;2025-12-14;6;510
17;2025-12-14;7;1040
17;2025-12-14;8;1538
17;2025-12-14;9;1741
17;2025-12-14;10;1860
17;2025-12-14;11;2224
17;2025-12-14;12;2562
17;2025-12-14;13;2823
17;2025-12-14;14;2872
17;2025-12-14;15;2910
17;2025-12-14;16;2859
17;2025-12-14;17;2924
17;2025-12-14;18;2682
17;2025-12-14;19;2171
17;2025-12-14;20;1671
17;2025-12-14;21;1223
17;2025-12-14;22;784
17;2025-12-14;23;334
17;2025-12-15;0;110
17;2025-12-15;1;13
17;2025-12-15;2;0
17;2025-12-15;3;0
17;2025-12-15;4;24
17;2025-12-15;5;303
17;2025-12-15;6;1481
17;2025-12-15;7;3874
17;2025-12-15;8;5177
17;2025-12-15;9;3651
17;2025-12-15;10;2810
17;2025-12-15;11;2785
17;2025-12-15;12;2818
17;2025-12-15;13;2872
17;2025-12-15;14;2917
17;2025-12-15;15;3103
17;2025-12-15;16;3516
17;2025-12-15;17;4303
17;2025-12-15;18;4774
17;2025-12-15;19;3434
17;2025-12-15;20;2332
17;2025-12-15;21;1377
17;2025-12-15;22;768
17;2025-12-15;23;331
17;2025-12-16;0;112
17;2025-12-16;1;10
17;2025-12-16;2;0
17;2025-12-16;3;0
17;2025-12-16;4;26
17;2025-12-16;5;313
17;2025-12-16;6;1514
17;2025-12-16;7;3994
17;2025-12-16;8;5312
17;2025-12-16;9;3784
17;2025-12-16;10;2910
17;2025-12-16;11;2824
17;2025-12-16;12;2924
17;2025-12-16;13;2965
17;2025-12-16;14;3052
17;2025-12-16;15;3124
17;2025-12-16;16;3534
17;2025-12-16;17;4414
17;2025-12-16;18;4873
17;2025-12-16;19;3451
17;2025-12-16;20;2375
17;2025-12-16;21;1450
17;2025-12-16;22;784
17;2025-12-16;23;358
17;2025-12-17;0;125
17;2025-12-17;1;12
17;2025-12-17;2;0
17;2025-12-17;3;0
17;2025-12-17;4;26
17;2025-12-17;5;316
17;2025-12-17;6;1510
17;2025-12-17;7;3946
17;2025-12-17;8;5194
17;2025-12-17;9;3703
17;2025-12-17;10;2930
17;2025-12-17;11;2876
17;2025-12-17;12;2915
17;2025-12-17;13;3009
17;2025-12-17;14;3036
17;2025-12-17;15;3211
17;2025-12-17;16;3573
17;2025-12-17;17;4398
17;2025-12-17;18;4810
17;2025-12-17;19;3412
17;2025-12-17;20;2354
17;2025-12-17;21;1494
17;2025-12-17;22;822
17;2025-12-17;23;388
17;2025-12-18;0;133
17;2025-12-18;1;10
17;2025-12-18;2;0
17;2025-12-18;3;0
17;2025-12-18;4;26
17;2025-12-18;5;314
17;2025-12-18;6;1508
17;2025-12-18;7;3954
17;2025-12-18;8;5213
17;2025-12-18;9;3739
17;2025-12-18;10;2966
17;2025-12-18;11;2888
17;2025-12-18;12;2966
17;2025-12-18;13;2998
17;2025-12-18;14;3025
17;2025-12-18;15;3196
17;2025-12-18;16;3630
17;2025-12-18;17;4424
17;2025-12-18;18;4842
17;2025-12-18;19;3469
17;2025-12-18;20;2419
17;2025-12-18;21;1508
17;2025-12-18;22;846
17;2025-12-18;23;403
17;2025-12-19;0;145
17;2025-12-19;1;15
17;2025-12-19;2;0
17;2025-12-19;3;0
17;2025-12-19;4;26
17;2025-12-19;5;308
17;2025-12-19;6;1496
17;2025-12-19;7;3878
17;2025-12-19;8;5127
17;2025-12-19;9;3692
17;2025-12-19;10;2924
17;2025-12-19;11;2894
17;2025-12-19;12;2974
17;2025-12-19;13;3060
17;2025-12-19;14;3090
17;2025-12-19;15;3414
17;2025-12-19;16;4039
17;2025-12-19;17;4520
17;2025-12-19;18;4352
17;2025-12-19;19;3262
17;2025-12-19;20;2316
17;2025-12-19;21;1578
17;2025-12-19;22;902
17;2025-12-19;23;449
17;2025-12-20;0;189
17;2025-12-20;1;22
17;2025-12-20;2;0
17;2025-12-20;3;0
17;2025-12-20;4;6
17;2025-12-20;5;140
17;2025-12-20;6;622
17;2025-12-20;7;1378
17;2025-12-20;8;1947
17;2025-12-20;9;2152
17;2025-12-20;10;2251
17;2025-12-20;11;2568
17;2025-12-20;12;2815
17;2025-12-20;13;2995
17;2025-12-20;14;2896
17;2025-12-20;15;3028
17;2025-12-20;16;3010
17;2025-12-20;17;3020
17;2025-12-20;18;2912
17;2025-12-20;19;2416
17;2025-12-20;20;1934
17;2025-12-20;21;1372
17;2025-12-20;22;886
17;2025-12-20;23;432
17;2025-12-21;0;172
17;2025-12-21;1;22
17;2025-12-21;2;0
17;2025-12-21;3;0
17;2025-12-21;4;6
17;2025-12-21;5;121
17;2025-12-21;6;510
17;2025-12-21;7;1040
17;2025-12-21;8;1538
17;2025-12-21;9;1741
17;2025-12-21;10;1860
17;2025-12-21;11;2224
17;2025-12-21;12;2562
17;2025-12-21;13;2823
17;2025-12-21;14;2872
17;2025-12-21;15;2910
17;2025-12-21;16;2859
17;2025-12-21;17;2924
17;2025-12-21;18;2682
17;2025-12-21;19;2171
17;2025-12-21;20;1671
17;2025-12-21;21;1223
17;2025-12-21;22;784
17;2025-12-21;23;334
17;2025-12-22;0;110
17;2025-12-22;1;13
17;2025-12-22;2;0
17;2025-12-22;3;0
17;2025-12-22;4;24
17;2025-12-22;5;303
17;2025-12-22;6;1481
17;2025-12-22;7;3874
17;2025-12-22;8;5177
17;2025-12-22;9;3651
17;2025-12-22;10;2810
17;2025-12-22;11;2785
17;2025-12-22;12;2818
17;2025-12-22;13;2872
17;2025-12-22;14;2917
17;2025-12-22;15;3103
17;2025-12-22;16;3516
17;2025-12-22;17;4303
17;2025-12-22;18;4774
17;2025-12-22;19;3434
17;2025-12-22;20;2332
17;2025-12-22;21;1377
17;2025-12-22;22;768
17;2025-12-22;23;331
17;2025-12-23;0;112
17;2025-12-23;1;10
17;2025-12-23;2;0
17;2025-12-23;3;0
17;2025-12-23;4;26
17;2025-12-23;5;313
17;2025-12-23;6;1514
17;2025-12-23;7;3994
17;2025-12-23;8;5312
17;2025-12-23;9;3784
17;2025-12-23;10;2910
17;2025-12-23;11;2824
17;2025-12-23;12;2924
17;2025-12-23;13;2965
17;2025-12-23;14;3052
17;2025-12-23;15;3124
17;2025-12-23;16;3534
17;2025-12-23;17;4414
17;2025-12-23;18;4873
17;2025-12-23;19;3451
17;2025-12-23;20;2375
17;2025-12-23;21;1450
17;2025-12-23;22;784
17;2025-12-23;23;358
17;2025-12-24;0;125
17;2025-12-24;1;12
17;2025-12-24;2;0
17;2025-12-24;3;0
17;2025-12-24;4;26
17;2025-12-24;5;316
17;2025-12-24;6;1510
17;2025-12-24;7;3946
17;2025-12-24;8;5194
17;2025-12-24;9;3703
17;2025-12-24;10;2930
17;2025-12-24;11;2876
17;2025-12-24;12;2915
17;2025-12-24;13;3009
17;2025-12-24;14;3036
17;2025-12-24;15;3211
17;2025-12-24;16;3573
17;2025-12-24;17;4398
17;2025-12-24;18;4810
17;2025-12-24;19;3412
17;2025-12-24;20;2354
17;2025-12-24;21;1494
17;2025-12-24;22;822
17;2025-12-24;23;388
17;2025-12-25;0;133
17;2025-12-25;1;10
17;2025-12-25;2;0
17;2025-12-25;3;0
17;2025-12-25;4;26
17;2025-12-25;5;314
17;2025-12-25;6;1508
17;2025-12-25;7;3954
17;2025-12-25;8;5213
17;2025-12-25;9;3739
17;2025-12-25;10;2966
17;2025-12-25;11;2888
17;2025-12-25;12;2966
17;2025-12-25;13;2998
17;2025-12-25;14;3025
17;2025-12-25;15;3196
17;2025-12-25;16;3630
17;2025-12-25;17;4424
17;2025-12-25;18;4842
17;2025-12-25;19;3469
17;2025-12-25;20;2419
17;2025-12-25;21;1508
17;2025-12-25;22;846
17;2025-12-25;23;403
17;2025-12-26;0;145
17;2025-12-26;1;15
17;2025-12-26;2;0
17;2025-12-26;3;0
17;2025-12-26;4;26
17;2025-12-26;5;308
17;2025-12-26;6;1496
17;2025-12-26;7;3878
17;2025-12-26;8;5127
17;2025-12-26;9;3692
17;2025-12-26;10;2924
17;2025-12-26;11;2894
17;2025-12-26;12;2974
17;2025-12-26;13;3060
17;2025-12-26;14;3090
17;2025-12-26;15;3414
17;2025-12-26;16;4039
17;2025-12-26;17;4520
17;2025-12-26;18;4352
17;2025-12-26;19;3262
17;2025-12-26;20;2316
17;2025-12-26;21;1578
17;2025-12-26;22;902
17;2025-12-26;23;449
17;2025-12-27;0;189
17;2025-12-27;1;22
17;2025-12-27;2;0
17;2025-12-27;3;0
17;2025-12-27;4;6
17;2025-12-27;5;140
17;2025-12-27;6;622
17;2025-12-27;7;1378
17;2025-12-27;8;1947
17;2025-12-27;9;2152
17;2025-12-27;10;2251
17;2025-12-27;11;2568
17;2025-12-27;12;2815
17;2025-12-27;13;2995
17;2025-12-27;14;2896
17;2025-12-27;15;3028
17;2025-12-27;16;3010
17;2025-12-27;17;3020
17;2025-12-27;18;2912
17;2025-12-27;19;2416
17;2025-12-27;20;1934
17;2025-12-27;21;1372
17;2025-12-27;22;886
17;2025-12-27;23;432
17;2025-12-28;0;172
17;2025-12-28;1;22
17;2025-12-28;2;0
17;2025-12-28;3;0
17;2025-12-28;4;6
17;2025-12-28;5;121
17;2025-12-28;6;510
17;2025-12-28;7;1040
17;2025-12-28;8;1538
17;2025-12-28;9;1741
17;2025-12-28;10;1860
17;2025-12-28;11;2224
17;2025-12-28;12;2562
17;2025-12-28;13;2823
17;2025-12-28;14;2872
17;2025-12-28;15;2910
17;2025-12-28;16;2859
17;2025-12-28;17;2924
17;2025-12-28;18;2682
17;2025-12-28;19;2171
17;2025-12-28;20;1671
17;2025-12-28;21;1223
17;2025-12-28;22;784
17;2025-12-28;23;334
17;2025-12-29;0;110
17;2025-12-29;1;13
17;2025-12-29;2;0
17;2025-12-29;3;0
17;2025-12-29;4;24
17;2025-12-29;5;303
17;2025-12-29;6;1481
17;2025-12-29;7;3874
17;2025-12-29;8;5177
17;2025-12-29;9;3651
17;2025-12-29;10;2810
17;2025-12-29;11;2785
17;2025-12-29;12;2818
17;2025-12-29;13;2872
17;2025-12-29;14;2917
17;2025-12-29;15;3103
17;2025-12-29;16;3516
17;2025-12-29;17;4303
17;2025-12-29;18;4774
17;2025-12-29;19;3434
17;2025-12-29;20;2332
17;2025-12-29;21;1377
17;2025-12-29;22;768
17;2025-12-29;23;331
17;2025-12-30;0;112
17;2025-12-30;1;10
17;2025-12-30;2;0
17;2025-12-30;3;0
17;2025-12-30;4;26
17;2025-12-30;5;313
17;2025-12-30;6;1514
17;2025-12-30;7;3994
17;2025-12-30;8;5312
17;2025-12-30;9;3784
17;2025-12-30;10;2910
17;2025-12-30;11;2824
17;2025-12-30;12;2924
17;2025-12-30;13;2965
17;2025-12-30;14;3052
17;2025-12-30;15;3124
17;2025-12-30;16;3534
17;2025-12-30;17;4414
17;2025-12-30;18;4873
17;2025-12-30;19;3451
17;2025-12-30;20;2375
17;2025-12-30;21;1450
17;2025-12-30;22;784
17;2025-12-30;23;358
17;2025-12-31;0;172
17;2025-12-31;1;22
17;2025-12-31;2;0
17;2025-12-31;3;0
17;2025-12-31;4;6
17;2025-12-31;5;121
17;2025-12-31;6;510
17;2025-12-31;7;1040
17;2025-12-31;8;1538
17;2025-12-31;9;1741
17;2025-12-31;10;1860
17;2025-12-31;11;2224
17;2025-12-31;12;2562
17;2025-12-31;13;2823
17;2025-12-31;14;2872
17;2025-12-31;15;2910
17;2025-12-31;16;2859
17;2025-12-31;17;2924
17;2025-12-31;18;2682
17;2025-12-31;19;2171
17;2025-12-31;20;1671
17;2025-12-31;21;1223
17;2025-12-31;22;784
17;2025-12-31;23;334
25;2025-11-01;0;0
25;2025-11-01;1;0
25;2025-11-01;2;0
25;2025-11-01;3;0
25;2025-11-01;4;0
25;2025-11-01;5;3
25;2025-11-01;6;149
25;2025-11-01;7;508
25;2025-11-01;8;822
25;2025-11-01;9;450
25;2025-11-01;10;358
25;2025-11-01;11;428
25;2025-11-01;12;433
25;2025-11-01;13;539
25;2025-11-01;14;511
25;2025-11-01;15;593
25;2025-11-01;16;697
25;2025-11-01;17;728
25;2025-11-01;18;659
25;2025-11-01;19;469
25;2025-11-01;20;312
25;2025-11-01;21;218
25;2025-11-01;22;132
25;2025-11-01;23;11
25;2025-11-02;0;11
25;2025-11-02;1;0
25;2025-11-02;2;0
25;2025-11-02;3;0
25;2025-11-02;4;0
25;2025-11-02;5;1
25;2025-11-02;6;55
25;2025-11-02;7;142
25;2025-11-02;8;248
25;2025-11-02;9;227
25;2025-11-02;10;232
25;2025-11-02;11;278
25;2025-11-02;12;328
25;2025-11-02;13;392
25;2025-11-02;14;426
25;2025-11-02;15;490
25;2025-11-02;16;452
25;2025-11-02;17;445
25;2025-11-02;18;439
25;2025-11-02;19;342
25;2025-11-02;20;255
25;2025-11-02;21;196
25;2025-11-02;22;111
25;2025-11-02;23;35
25;2025-11-03;0;11
25;2025-11-03;1;0
25;2025-11-03;2;0
25;2025-11-03;3;0
25;2025-11-03;4;0
25;2025-11-03;5;1
25;2025-11-03;6;56
25;2025-11-03;7;146
25;2025-11-03;8;253
25;2025-11-03;9;224
25;2025-11-03;10;227
25;2025-11-03;11;272
25;2025-11-03;12;321
25;2025-11-03;13;383
25;2025-11-03;14;417
25;2025-11-03;15;469
25;2025-11-03;16;442
25;2025-11-03;17;436
25;2025-11-03;18;431
25;2025-11-03;19;343
25;2025-11-03;20;255
25;2025-11-03;21;196
25;2025-11-03;22;112
25;2025-11-03;23;35
25;2025-11-04;0;11
25;2025-11-04;1;0
25;2025-11-04;2;0
25;2025-11-04;3;0
25;2025-11-04;4;0
25;2025-11-04;5;1
25;2025-11-04;6;56
25;2025-11-04;7;145
25;2025-11-04;8;252
25;2025-11-04;9;224
25;2025-11-04;10;227
25;2025-11-04;11;272
25;2025-11-04;12;321
25;2025-11-04;13;384
25;2025-11-04;14;418
25;2025-11-04;15;470
25;2025-11-04;16;444
25;2025-11-04;17;436
25;2025-11-04;18;431
25;2025-11-04;19;344
25;2025-11-04;20;256
25;2025-11-04;21;196
25;2025-11-04;22;112
25;2025-11-04;23;35
25;2025-11-05;0;0
25;2025-11-05;1;0
25;2025-11-05;2;0
25;2025-11-05;3;0
25;2025-11-05;4;0
25;2025-11-05;5;5
25;2025-11-05;6;151
25;2025-11-05;7;513
25;2025-11-05;8;879
25;2025-11-05;9;473
25;2025-11-05;10;357
25;2025-11-05;11;417
25;2025-11-05;12;432
25;2025-11-05;13;547
25;2025-11-05;14;458
25;2025-11-05;15;531
25;2025-11-05;16;655
25;2025-11-05;17;698
25;2025-11-05;18;776
25;2025-11-05;19;499
25;2025-11-05;20;342
25;2025-11-05;21;226
25;2025-11-05;22;119
25;2025-11-05;23;11
25;2025-11-06;0;0
25;2025-11-06;1;0
25;2025-11-06;2;0
25;2025-11-06;3;0
25;2025-11-06;4;0
25;2025-11-06;5;5
25;2025-11-06;6;147
25;2025-11-06;7;514
25;2025-11-06;8;887
25;2025-11-06;9;474
25;2025-11-06;10;398
25;2025-11-06;11;416
25;2025-11-06;12;404
25;2025-11-06;13;511
25;2025-11-06;14;482
25;2025-11-06;15;547
25;2025-11-06;16;625
25;2025-11-06;17;728
25;2025-11-06;18;757
25;2025-11-06;19;503
25;2025-11-06;20;316
25;2025-11-06;21;219
25;2025-11-06;22;127
25;2025-11-06;23;12
25;2025-11-07;0;0
25;2025-11-07;1;0
25;2025-11-07;2;0
25;2025-11-07;3;0
25;2025-11-07;4;0
25;2025-11-07;5;3
25;2025-11-07;6;149
25;2025-11-07;7;507
25;2025-11-07;8;823
25;2025-11-07;9;450
25;2025-11-07;10;358
25;2025-11-07;11;428
25;2025-11-07;12;433
25;2025-11-07;13;538
25;2025-11-07;14;511
25;2025-11-07;15;593
25;2025-11-07;16;698
25;2025-11-07;17;728
25;2025-11-07;18;659
25;2025-11-07;19;469
25;2025-11-07;20;312
25;2025-11-07;21;218
25;2025-11-07;22;132
25;2025-11-07;23;11
25;2025-11-08;0;0
25;2025-11-08;1;0
25;2025-11-08;2;0
25;2025-11-08;3;0
25;2025-11-08;4;0
25;2025-11-08;5;1
25;2025-11-08;6;61
25;2025-11-08;7;169
25;2025-11-08;8;328
25;2025-11-08;9;276
25;2025-11-08;10;281
25;2025-11-08;11;365
25;2025-11-08;12;362
25;2025-11-08;13;487
25;2025-11-08;14;478
25;2025-11-08;15;572
25;2025-11-08;16;510
25;2025-11-08;17;463
25;2025-11-08;18;470
25;2025-11-08;19;409
25;2025-11-08;20;277
25;2025-11-08;21;214
25;2025-11-08;22;132
25;2025-11-08;23;45
25;2025-11-09;0;11
25;2025-11-09;1;0
25;2025-11-09;2;0
25;2025-11-09;3;0
25;2025-11-09;4;0
25;2025-11-09;5;1
25;2025-11-09;6;55
25;2025-11-09;7;142
25;2025-11-09;8;248
25;2025-11-09;9;227
25;2025-11-09;10;232
25;2025-11-09;11;278
25;2025-11-09;12;328
25;2025-11-09;13;392
25;2025-11-09;14;426
25;2025-11-09;15;490
25;2025-11-09;16;452
25;2025-11-09;17;445
25;2025-11-09;18;439
25;2025-11-09;19;342
25;2025-11-09;20;255
25;2025-11-09;21;196
25;2025-11-09;22;111
25;2025-11-09;23;35
25;2025-11-10;0;9
25;2025-11-10;1;0
25;2025-11-10;2;0
25;2025-11-10;3;0
25;2025-11-10;4;0
25;2025-11-10;5;4
25;2025-11-10;6;148
25;2025-11-10;7;505
25;2025-11-10;8;845
25;2025-11-10;9;462
25;2025-11-10;10;339
25;2025-11-10;11;393
25;2025-11-10;12;393
25;2025-11-10;13;506
25;2025-11-10;14;416
25;2025-11-10;15;498
25;2025-11-10;16;631
25;2025-11-10;17;686
25;2025-11-10;18;739
25;2025-11-10;19;478
25;2025-11-10;20;312
25;2025-11-10;21;215
25;2025-11-10;22;115
25;2025-11-10;23;10
25;2025-11-11;0;0
25;2025-11-11;1;0
25;2025-11-11;2;0
25;2025-11-11;3;0
25;2025-11-11;4;0
25;2025-11-11;5;5
25;2025-11-11;6;154
25;2025-11-11;7;516
25;2025-11-11;8;851
25;2025-11-11;9;486
25;2025-11-11;10;382
25;2025-11-11;11;425
25;2025-11-11;12;390
25;2025-11-11;13;499
25;2025-11-11;14;473
25;2025-11-11;15;521
25;2025-11-11;16;640
25;2025-11-11;17;686
25;2025-11-11;18;751
25;2025-11-11;19;491
25;2025-11-11;20;314
25;2025-11-11;21;212
25;2025-11-11;22;116
25;2025-11-11;23;12
25;2025-11-12;0;0
25;2025-11-12;1;0
25;2025-11-12;2;0
25;2025-11-12;3;0
25;2025-11-12;4;0
25;2025-11-12;5;5
25;2025-11-12;6;151
25;2025-11-12;7;513
25;2025-11-12;8;879
25;2025-11-12;9;473
25;2025-11-12;10;357
25;2025-11-12;11;417
25;2025-11-12;12;432
25;2025-11-12;13;547
25;2025-11-12;14;458
25;2025-11-12;15;531
25;2025-11-12;16;655
25;2025-11-12;17;698
25;2025-11-12;18;776
25;2025-11-12;19;499
25;2025-11-12;20;342
25;2025-11-12;21;226
25;2025-11-12;22;119
25;2025-11-12;23;11
25;2025-11-13;0;0
25;2025-11-13;1;0
25;2025-11-13;2;0
25;2025-11-13;3;0
25;2025-11-13;4;0
25;2025-11-13;5;5
25;2025-11-13;6;147
25;2025-11-13;7;514
25;2025-11-13;8;887
25;2025-11-13;9;474
25;2025-11-13;10;398
25;2025-11-13;11;416
25;2025-11-13;12;404
25;2025-11-13;13;511
25;2025-11-13;14;482
25;2025-11-13;15;547
25;2025-11-13;16;625
25;2025-11-13;17;728
25;2025-11-13;18;757
25;2025-11-13;19;503
25;2025-11-13;20;316
25;2025-11-13;21;219
25;2025-11-13;22;127
25;2025-11-13;23;12
25;2025-11-14;0;0
25;2025-11-14;1;0
25;2025-11-14;2;0
25;2025-11-14;3;0
25;2025-11-14;4;0
25;2025-11-14;5;3
25;2025-11-14;6;149
25;2025-11-14;7;507
25;2025-11-14;8;823
25;2025-11-14;9;450
25;2025-11-14;10;358
25;2025-11-14;11;428
25;2025-11-14;12;433
25;2025-11-14;13;538
25;2025-11-14;14;511
25;2025-11-14;15;593
25;2025-11-14;16;698
25;2025-11-14;17;728
25;2025-11-14;18;659
25;2025-11-14;19;469
25;2025-11-14;20;312
25;2025-11-14;21;218
25;2025-11-14;22;132
25;2025-11-14;23;11
25;2025-11-15;0;0
25;2025-11-15;1;0
25;2025-11-15;2;0
25;2025-11-15;3;0
25;2025-11-15;4;0
25;2025-11-15;5;1
25;2025-11-15;6;61
25;2025-11-15;7;169
25;2025-11-15;8;328
25;2025-11-15;9;276
25;2025-11-15;10;281
25;2025-11-15;11;365
25;2025-11-15;12;362
25;2025-11-15;13;487
25;2025-11-15;14;478
25;2025-11-15;15;572
25;2025-11-15;16;510
25;2025-11-15;17;463
25;2025-11-15;18;470
25;2025-11-15;19;409
25;2025-11-15;20;277
25;2025-11-15;21;214
25;2025-11-15;22;132
25;2025-11-15;23;45
25;2025-11-16;0;11
25;2025-11-16;1;0
25;2025-11-16;2;0
25;2025-11-16;3;0
25;2025-11-16;4;0
25;2025-11-16;5;1
25;2025-11-16;6;55
25;2025-11-16;7;142
25;2025-11-16;8;248
25;2025-11-16;9;227
25;2025-11-16;10;232
25;2025-11-16;11;278
25;2025-11-16;12;328
25;2025-11-16;13;392
25;2025-11-16;14;426
25;2025-11-16;15;490
25;2025-11-16;16;452
25;2025-11-16;17;445
25;2025-11-16;18;439
25;2025-11-16;19;342
25;2025-11-16;20;255
25;2025-11-16;21;196
25;2025-11-16;22;111
25;2025-11-16;23;35
25;2025-11-17;0;9
25;2025-11-17;1;0
25;2025-11-17;2;0
25;2025-11-17;3;0
25;2025-11-17;4;0
25;2025-11-17;5;4
25;2025-11-17;6;148
25;2025-11-17;7;505
25;2025-11-17;8;845
25;2025-11-17;9;462
25;2025-11-17;10;339
25;2025-11-17;11;393
25;2025-11-17;12;393
25;2025-11-17;13;506
25;2025-11-17;14;416
25;2025-11-17;15;498
25;2025-11-17;16;631
25;2025-11-17;17;686
25;2025-11-17;18;739
25;2025-11-17;19;478
25;2025-11-17;20;312
25;2025-11-17;21;215
25;2025-11-17;22;115
25;2025-11-17;23;10
25;2025-11-18;0;0
25;2025-11-18;1;0
25;2025-11-18;2;0
25;2025-11-18;3;0
25;2025-11-18;4;0
25;2025-11-18;5;5
25;2025-11-18;6;154
25;2025-11-18;7;516
25;2025-11-18;8;851
25;2025-11-18;9;486
25;2025-11-18;10;382
25;2025-11-18;11;425
25;2025-11-18;12;390
25;2025-11-18;13;499
25;2025-11-18;14;473
25;2025-11-18;15;521
25;2025-11-18;16;640
25;2025-11-18;17;686
25;2025-11-18;18;751
25;2025-11-18;19;491
25;2025-11-18;20;314
25;2025-11-18;21;212
25;2025-11-18;22;116
25;2025-11-18;23;12
25;2025-11-19;0;0
25;2025-11-19;1;0
25;2025-11-19;2;0
25;2025-11-19;3;0
25;2025-11-19;4;0
25;2025-11-19;5;5
25;2025-11-19;6;151
25;2025-11-19;7;513
25;2025-11-19;8;879
25;2025-11-19;9;473
25;2025-11-19;10;357
25;2025-11-19;11;417
25;2025-11-19;12;432
25;2025-11-19;13;547
25;2025-11-19;14;458
25;2025-11-19;15;531
25;2025-11-19;16;655
25;2025-11-19;17;698
25;2025-11-19;18;776
25;2025-11-19;19;499
25;2025-11-19;20;342
25;2025-11-19;21;226
25;2025-11-19;22;119
25;2025-11-19;23;11
25;2025-11-20;0;0
25;2025-11-20;1;0
25;2025-11-20;2;0
25;2025-11-20;3;0
25;2025-11-20;4;0
25;2025-11-20;5;5
25;2025-11-20;6;147
25;2025-11-20;7;514
25;2025-11-20;8;887
25;2025-11-20;9;474
25;2025-11-20;10;398
25;2025-11-20;11;416
25;2025-11-20;12;404
25;2025-11-20;13;511
25;2025-11-20;14;482
25;2025-11-20;15;547
25;2025-11-20;16;625
25;2025-11-20;17;728
25;2025-11-20;18;757
25;2025-11-20;19;503
25;2025-11-20;20;316
25;2025-11-20;21;219
25;2025-11-20;22;127
25;2025-11-20;23;12
25;2025-11-21;0;0
25;2025-11-21;1;0
25;2025-11-21;2;0
25;2025-11-21;3;0
25;2025-11-21;4;0
25;2025-11-21;5;3
25;2025-11-21;6;149
25;2025-11-21;7;507
25;2025-11-21;8;823
25;2025-11-21;9;450
25;2025-11-21;10;358
25;2025-11-21;11;428
25;2025-11-21;12;433
25;2025-11-21;13;538
25;2025-11-21;14;511
25;2025-11-21;15;593
25;2025-11-21;16;698
25;2025-11-21;17;728
25;2025-11-21;18;659
25;2025-11-21;19;469
25;2025-11-21;20;312
25;2025-11-21;21;218
25;2025-11-21;22;132
25;2025-11-21;23;11
25;2025-11-22;0;0
25;2025-11-22;1;0
25;2025-11-22;2;0
25;2025-11-22;3;0
25;2025-11-22;4;0
25;2025-11-22;5;1
25;2025-11-22;6;61
25;2025-11-22;7;169
25;2025-11-22;8;328
25;2025-11-22;9;276
25;2025-11-22;10;281
25;2025-11-22;11;365
25;2025-11-22;12;362
25;2025-11-22;13;487
25;2025-11-22;14;478
25;2025-11-22;15;572
25;2025-11-22;16;510
25;2025-11-22;17;463
25;2025-11-22;18;470
25;2025-11-22;19;409
25;2025-11-22;20;277
25;2025-11-22;21;214
25;2025-11-22;22;132
25;2025-11-22;23;45
25;2025-11-23;0;11
25;2025-11-23;1;0
25;2025-11-23;2;0
25;2025-11-23;3;0
25;2025-11-23;4;0
25;2025-11-23;5;1
25;2025-11-23;6;55
25;2025-11-23;7;142
25;2025-11-23;8;248
25;2025-11-23;9;227
25;2025-11-23;10;232
25;2025-11-23;11;278
25;2025-11-23;12;328
25;2025-11-23;13;392
25;2025-11-23;14;426
25;2025-11-23;15;490
25;2025-11-23;16;452
25;2025-11-23;17;445
25;2025-11-23;18;439
25;2025-11-23;19;342
25;2025-11-23;20;255
25;2025-11-23;21;196
25;2025-11-23;22;111
25;2025-11-23;23;35
25;2025-11-24;0;9
25;2025-11-24;1;0
25;2025-11-24;2;0
25;2025-11-24;3;0
25;2025-11-24;4;0
25;2025-11-24;5;4
25;2025-11-24;6;148
25;2025-11-24;7;505
25;2025-11-24;8;845
25;2025-11-24;9;462
25;2025-11-24;10;339
25;2025-11-24;11;393
25;2025-11-24;12;393
25;2025-11-24;13;506
25;2025-11-24;14;416
25;2025-11-24;15;498
25;2025-11-24;16;631
25;2025-11-24;17;686
25;2025-11-24;18;739
25;2025-11-24;19;478
25;2025-11-24;20;312
25;2025-11-24;21;215
25;2025-11-24;22;115
25;2025-11-24;23;10
25;2025-11-25;0;0
25;2025-11-25;1;0
25;2025-11-25;2;0
25;2025-11-25;3;0
25;2025-11-25;4;0
25;2025-11-25;5;5
25;2025-11-25;6;154
25;2025-11-25;7;516
25;2025-11-25;8;851
25;2025-11-25;9;486
25;2025-11-25;10;382
25;2025-11-25;11;425
25;2025-11-25;12;390
25;2025-11-25;13;499
25;2025-11-25;14;473
25;2025-11-25;15;521
25;2025-11-25;16;640
25;2025-11-25;17;686
25;2025-11-25;18;751
25;2025-11-25;19;491
25;2025-11-25;20;314
25;2025-11-25;21;212
25;2025-11-25;22;116
25;2025-11-25;23;12
25;2025-11-26;0;0
25;2025-11-26;1;0
25;2025-11-26;2;0
25;2025-11-26;3;0
25;2025-11-26;4;0
25;2025-11-26;5;5
25;2025-11-26;6;151
25;2025-11-26;7;513
25;2025-11-26;8;879
25;2025-11-26;9;473
25;2025-11-26;10;357
25;2025-11-26;11;417
25;2025-11-26;12;432
25;2025-11-26;13;547
25;2025-11-26;14;458
25;2025-11-26;15;531
25;2025-11-26;16;655
25;2025-11-26;17;698
25;2025-11-26;18;776
25;2025-11-26;19;499
25;2025-11-26;20;342
25;2025-11-26;21;226
25;2025-11-26;22;119
25;2025-11-26;23;11
25;2025-11-27;0;0
25;2025-11-27;1;0
25;2025-11-27;2;0
25;2025-11-27;3;0
25;2025-11-27;4;0
25;2025-11-27;5;5
25;2025-11-27;6;147
25;2025-11-27;7;514
25;2025-11-27;8;887
25;2025-11-27;9;474
25;2025-11-27;10;398
25;2025-11-27;11;416
25;2025-11-27;12;404
25;2025-11-27;13;511
25;2025-11-27;14;482
25;2025-11-27;15;547
25;2025-11-27;16;625
25;2025-11-27;17;728
25;2025-11-27;18;757
25;2025-11-27;19;503
25;2025-11-27;20;316
25;2025-11-27;21;219
25;2025-11-27;22;127
25;2025-11-27;23;12
25;2025-11-28;0;0
25;2025-11-28;1;0
25;2025-11-28;2;0
25;2025-11-28;3;0
25;2025-11-28;4;0
25;2025-11-28;5;3
25;2025-11-28;6;149
25;2025-11-28;7;507
25;2025-11-28;8;823
25;2025-11-28;9;450
25;2025-11-28;10;358
25;2025-11-28;11;428
25;2025-11-28;12;433
25;2025-11-28;13;538
25;2025-11-28;14;511
25;2025-11-28;15;593
25;2025-11-28;16;698
25;2025-11-28;17;728
25;2025-11-28;18;659
25;2025-11-28;19;469
25;2025-11-28;20;312
25;2025-11-28;21;218
25;2025-11-28;22;132
25;2025-11-28;23;11
25;2025-11-29;0;0
25;2025-11-29;1;0
25;2025-11-29;2;0
25;2025-11-29;3;0
25;2025-11-29;4;0
25;2025-11-29;5;1
25;2025-11-29;6;61
25;2025-11-29;7;169
25;2025-11-29;8;328
25;2025-11-29;9;276
25;2025-11-29;10;281
25;2025-11-29;11;365
25;2025-11-29;12;362
25;2025-11-29;13;487
25;2025-11-29;14;478
25;2025-11-29;15;572
25;2025-11-29;16;510
25;2025-11-29;17;463
25;2025-11-29;18;470
25;2025-11-29;19;409
25;2025-11-29;20;277
25;2025-11-29;21;214
25;2025-11-29;22;132
25;2025-11-29;23;45
25;2025-11-30;0;11
25;2025-11-30;1;0
25;2025-11-30;2;0
25;2025-11-30;3;0
25;2025-11-30;4;0
25;2025-11-30;5;1
25;2025-11-30;6;55
25;2025-11-30;7;142
25;2025-11-30;8;248
25;2025-11-30;9;227
25;2025-11-30;10;232
25;2025-11-30;11;278
25;2025-11-30;12;328
25;2025-11-30;13;392
25;2025-11-30;14;426
25;2025-11-30;15;490
25;2025-11-30;16;452
25;2025-11-30;17;445
25;2025-11-30;18;439
25;2025-11-30;19;342
25;2025-11-30;20;255
25;2025-11-30;21;196
25;2025-11-30;22;111
25;2025-11-30;23;35
25;2025-12-01;0;9
25;2025-12-01;1;0
25;2025-12-01;2;0
25;2025-12-01;3;0
25;2025-12-01;4;0
25;2025-12-01;5;4
25;2025-12-01;6;148
25;2025-12-01;7;505
25;2025-12-01;8;845
25;2025-12-01;9;462
25;2025-12-01;10;339
25;2025-12-01;11;393
25;2025-12-01;12;393
25;2025-12-01;13;506
25;2025-12-01;14;416
25;2025-12-01;15;498
25;2025-12-01;16;631
25;2025-12-01;17;686
25;2025-12-01;18;739
25;2025-12-01;19;478
25;2025-12-01;20;312
25;2025-12-01;21;215
25;2025-12-01;22;115
25;2025-12-01;23;10
25;2025-12-02;0;0
25;2025-12-02;1;0
25;2025-12-02;2;0
25;2025-12-02;3;0
25;2025-12-02;4;0
25;2025-12-02;5;5
25;2025-12-02;6;154
25;2025-12-02;7;516
25;2025-12-02;8;851
25;2025-12-02;9;486
25;2025-12-02;10;382
25;2025-12-02;11;425
25;2025-12-02;12;390
25;2025-12-02;13;499
25;2025-12-02;14;473
25;2025-12-02;15;521
25;2025-12-02;16;640
25;2025-12-02;17;686
25;2025-12-02;18;751
25;2025-12-02;19;491
25;2025-12-02;20;314
25;2025-12-02;21;212
25;2025-12-02;22;116
25;2025-12-02;23;12
25;2025-12-03;0;0
25;2025-12-03;1;0
25;2025-12-03;2;0
25;2025-12-03;3;0
25;2025-12-03;4;0
25;2025-12-03;5;5
25;2025-12-03;6;151
25;2025-12-03;7;513
25;2025-12-03;8;879
25;2025-12-03;9;473
25;2025-12-03;10;357
25;2025-12-03;11;417
25;2025-12-03;12;432
25;2025-12-03;13;547
25;2025-12-03;14;458
25;2025-12-03;15;531
25;2025-12-03;16;655
25;2025-12-03;17;698
25;2025-12-03;18;776
25;2025-12-03;19;499
25;2025-12-03;20;342
25;2025-12-03;21;226
25;2025-12-03;22;119
25;2025-12-03;23;11
25;2025-12-04;0;0
25;2025-12-04;1;0
25;2025-12-04;2;0
25;2025-12-04;3;0
25;2025-12-04;4;0
25;2025-12-04;5;5
25;2025-12-04;6;147
25;2025-12-04;7;514
25;2025-12-04;8;887
25;2025-12-04;9;474
25;2025-12-04;10;398
25;2025-12-04;11;416
25;2025-12-04;12;404
25;2025-12-04;13;511
25;2025-12-04;14;482
25;2025-12-04;15;547
25;2025-12-04;16;625
25;2025-12-04;17;728
25;2025-12-04;18;757
25;2025-12-04;19;503
25;2025-12-04;20;316
25;2025-12-04;21;219
25;2025-12-04;22;127
25;2025-12-04;23;12
25;2025-12-05;0;0
25;2025-12-05;1;0
25;2025-12-05;2;0
25;2025-12-05;3;0
25;2025-12-05;4;0
25;2025-12-05;5;3
25;2025-12-05;6;149
25;2025-12-05;7;507
25;2025-12-05;8;823
25;2025-12-05;9;450
25;2025-12-05;10;358
25;2025-12-05;11;428
25;2025-12-05;12;433
25;2025-12-05;13;538
25;2025-12-05;14;511
25;2025-12-05;15;593
25;2025-12-05;16;698
25;2025-12-05;17;728
25;2025-12-05;18;659
25;2025-12-05;19;469
25;2025-12-05;20;312
25;2025-12-05;21;218
25;2025-12-05;22;132
25;2025-12-05;23;11
25;2025-12-06;0;0
25;2025-12-06;1;0
25;2025-12-06;2;0
25;2025-12-06;3;0
25;2025-12-06;4;0
25;2025-12-06;5;1
25;2025-12-06;6;61
25;2025-12-06;7;169
25;2025-12-06;8;328
25;2025-12-06;9;276
25;2025-12-06;10;281
25;2025-12-06;11;365
25;2025-12-06;12;362
25;2025-12-06;13;487
25;2025-12-06;14;478
25;2025-12-06;15;572
25;2025-12-06;16;510
25;2025-12-06;17;463
25;2025-12-06;18;470
25;2025-12-06;19;409
25;2025-12-06;20;277
25;2025-12-06;21;214
25;2025-12-06;22;132
25;2025-12-06;23;45
25;2025-12-07;0;11
25;2025-12-07;1;0
25;2025-12-07;2;0
25;2025-12-07;3;0
25;2025-12-07;4;0
25;2025-12-07;5;1
25;2025-12-07;6;55
25;2025-12-07;7;142
25;2025-12-07;8;248
25;2025-12-07;9;227
25;2025-12-07;10;232
25;2025-12-07;11;278
25;2025-12-07;12;328
25;2025-12-07;13;392
25;2025-12-07;14;426
25;2025-12-07;15;490
25;2025-12-07;16;452
25;2025-12-07;17;445
25;2025-12-07;18;439
25;2025-12-07;19;342
25;2025-12-07;20;255
25;2025-12-07;21;196
25;2025-12-07;22;111
25;2025-12-07;23;35
25;2025-12-08;0;9
25;2025-12-08;1;0
25;2025-12-08;2;0
25;2025-12-08;3;0
25;2025-12-08;4;0
25;2025-12-08;5;4
25;2025-12-08;6;148
25;2025-12-08;7;505
25;2025-12-08;8;845
25;2025-12-08;9;462
25;2025-12-08;10;339
25;2025-12-08;11;393
25;2025-12-08;12;393
25;2025-12-08;13;506
25;2025-12-08;14;416
25;2025-12-08;15;498
25;2025-12-08;16;631
25;2025-12-08;17;686
25;2025-12-08;18;739
25;2025-12-08;19;478
25;2025-12-08;20;312
25;2025-12-08;21;215
25;2025-12-08;22;115
25;2025-12-08;23;10
25;2025-12-09;0;0
25;2025-12-09;1;0
25;2025-12-09;2;0
25;2025-12-09;3;0
25;2025-12-09;4;0
25;2025-12-09;5;5
25;2025-12-09;6;154
25;2025-12-09;7;516
25;2025-12-09;8;851
25;2025-12-09;9;486
25;2025-12-09;10;382
25;2025-12-09;11;425
25;2025-12-09;12;390
25;2025-12-09;13;499
25;2025-12-09;14;473
25;2025-12-09;15;521
25;2025-12-09;16;640
25;2025-12-09;17;686
25;2025-12-09;18;751
25;2025-12-09;19;491
25;2025-12-09;20;314
25;2025-12-09;21;212
25;2025-12-09;22;116
25;2025-12-09;23;12
25;2025-12-10;0;0
25;2025-12-10;1;0
25;2025-12-10;2;0
25;2025-12-10;3;0
25;2025-12-10;4;0
25;2025-12-10;5;5
25;2025-12-10;6;151
25;2025-12-10;7;513
25;2025-12-10;8;879
25;2025-12-10;9;473
25;2025-12-10;10;357
25;2025-12-10;11;417
25;2025-12-10;12;432
25;2025-12-10;13;547
25;2025-12-10;14;458
25;2025-12-10;15;531
25;2025-12-10;16;655
25;2025-12-10;17;698
25;2025-12-10;18;776
25;2025-12-10;19;499
25;2025-12-10;20;342
25;2025-12-10;21;226
25;2025-12-10;22;119
25;2025-12-10;23;11
25;2025-12-11;0;0
25;2025-12-11;1;0
25;2025-12-11;2;0
25;2025-12-11;3;0
25;2025-12-11;4;0
25;2025-12-11;5;5
25;2025-12-11;6;147
25;2025-12-11;7;514
25;2025-12-11;8;887
25;2025-12-11;9;474
25;2025-12-11;10;398
25;2025-12-11;11;416
25;2025-12-11;12;404
25;2025-12-11;13;511
25;2025-12-11;14;482
25;2025-12-11;15;547
25;2025-12-11;16;625
25;2025-12-11;17;728
25;2025-12-11;18;757
25;2025-12-11;19;503
25;2025-12-11;20;316
25;2025-12-11;21;219
25;2025-12-11;22;127
25;2025-12-11;23;12
25;2025-12-12;0;0
25;2025-12-12;1;0
25;2025-12-12;2;0
25;2025-12-12;3;0
25;2025-12-12;4;0
25;2025-12-12;5;3
25;2025-12-12;6;149
25;2025-12-12;7;507
25;2025-12-12;8;823
25;2025-12-12;9;450
25;2025-12-12;10;358
25;2025-12-12;11;428
25;2025-12-12;12;433
25;2025-12-12;13;538
25;2025-12-12;14;511
25;2025-12-12;15;593
25;2025-12-12;16;698
25;2025-12-12;17;728
25;2025-12-12;18;659
25;2025-12-12;19;469
25;2025-12-12;20;312
25;2025-12-12;21;218
25;2025-12-12;22;132
25;2025-12-12;23;11
25;2025-12-13;0;0
25;2025-12-13;1;0
25;2025-12-13;2;0
25;2025-12-13;3;0
25;2025-12-13;4;0
25;2025-12-13;5;1
25;2025-12-13;6;61
25;2025-12-13;7;169
25;2025-12-13;8;328
25;2025-12-13;9;276
25;2025-12-13;10;281
25;2025-12-13;11;365
25;2025-12-13;12;362
25;2025-12-13;13;487
25;2025-12-13;14;478
25;2025-12-13;15;572
25;2025-12-13;16;510
25;2025-12-13;17;463
25;2025-12-13;18;470
25;2025-12-13;19;409
25;2025-12-13;20;277
25;2025-12-13;21;214
25;2025-12-13;22;132
25;2025-12-13;23;45
25;2025-12-14;0;11
25;2025-12-14;1;0
25;2025-12-14;2;0
25;2025-12-14;3;0
25;2025-12-14;4;0
25;2025-12-14;5;1
25;2025-12-14;6;55
25;2025-12-14;7;142
25;2025-12-14;8;248
25;2025-12-14;9;227
25;2025-12-14;10;232
25;2025-12-14;11;278
25;2025-12-14;12;328
25;2025-12-14;13;392
25;2025-12-14;14;426
25;2025-12-14;15;490
25;2025-12-14;16;452
25;2025-12-14;17;445
25;2025-12-14;18;439
25;2025-12-14;19;342
25;2025-12-14;20;255
25;2025-12-14;21;196
25;2025-12-14;22;111
25;2025-12-14;23;35
25;2025-12-15;0;9
25;2025-12-15;1;0
25;2025-12-15;2;0
25;2025-12-15;3;0
25;2025-12-15;4;0
25;2025-12-15;5;4
25;2025-12-15;6;148
25;2025-12-15;7;505
25;2025-12-15;8;845
25;2025-12-15;9;462
25;2025-12-15;10;339
25;2025-12-15;11;393
25;2025-12-15;12;393
25;2025-12-15;13;506
25;2025-12-15;14;416
25;2025-12-15;15;498
25;2025-12-15;16;631
25;2025-12-15;17;686
25;2025-12-15;18;739
25;2025-12-15;19;478
25;2025-12-15;20;312
25;2025-12-15;21;215
25;2025-12-15;22;115
25;2025-12-15;23;10
25;2025-12-16;0;0
25;2025-12-16;1;0
25;2025-12-16;2;0
25;2025-12-16;3;0
25;2025-12-16;4;0
25;2025-12-16;5;5
25;2025-12-16;6;154
25;2025-12-16;7;516
25;2025-12-16;8;851
25;2025-12-16;9;486
25;2025-12-16;10;382
25;2025-12-16;11;425
25;2025-12-16;12;390
25;2025-12-16;13;499
25;2025-12-16;14;473
25;2025-12-16;15;521
25;2025-12-16;16;640
25;2025-12-16;17;686
25;2025-12-16;18;751
25;2025-12-16;19;491
25;2025-12-16;20;314
25;2025-12-16;21;212
25;2025-12-16;22;116
25;2025-12-16;23;12
25;2025-12-17;0;0
25;2025-12-17;1;0
25;2025-12-17;2;0
25;2025-12-17;3;0
25;2025-12-17;4;0
25;2025-12-17;5;5
25;2025-12-17;6;151
25;2025-12-17;7;513
25;2025-12-17;8;879
25;2025-12-17;9;473
25;2025-12-17;10;357
25;2025-12-17;11;417
25;2025-12-17;12;432
25;2025-12-17;13;547
25;2025-12-17;14;458
25;2025-12-17;15;531
25;2025-12-17;16;655
25;2025-12-17;17;698
25;2025-12-17;18;776
25;2025-12-17;19;499
25;2025-12-17;20;342
25;2025-12-17;21;226
25;2025-12-17;22;119
25;2025-12-17;23;11
25;2025-12-18;0;0
25;2025-12-18;1;0
25;2025-12-18;2;0
25;2025-12-18;3;0
25;2025-12-18;4;0
25;2025-12-18;5;5
25;2025-12-18;6;147
25;2025-12-18;7;514
25;2025-12-18;8;887
25;2025-12-18;9;474
25;2025-12-18;10;398
25;2025-12-18;11;416
25;2025-12-18;12;404
25;2025-12-18;13;511
25;2025-12-18;14;482
25;2025-12-18;15;547
25;2025-12-18;16;625
25;2025-12-18;17;728
25;2025-12-18;18;757
25;2025-12-18;19;503
25;2025-12-18;20;316
25;2025-12-18;21;219
25;2025-12-18;22;127
25;2025-12-18;23;12
25;2025-12-19;0;0
25;2025-12-19;1;0
25;2025-12-19;2;0
25;2025-12-19;3;0
25;2025-12-19;4;0
25;2025-12-19;5;3
25;2025-12-19;6;149
25;2025-12-19;7;507
25;2025-12-19;8;823
25;2025-12-19;9;450
25;2025-12-19;10;358
25;2025-12-19;11;428
25;2025-12-19;12;433
25;2025-12-19;13;538
25;2025-12-19;14;511
25;2025-12-19;15;593
25;2025-12-19;16;698
25;2025-12-19;17;728
25;2025-12-19;18;659
25;2025-12-19;19;469
25;2025-12-19;20;312
25;2025-12-19;21;218
25;2025-12-19;22;132
25;2025-12-19;23;11
25;2025-12-20;0;0
25;2025-12-20;1;0
25;2025-12-20;2;0
25;2025-12-20;3;0
25;2025-12-20;4;0
25;2025-12-20;5;1
25;2025-12-20;6;61
25;2025-12-20;7;169
25;2025-12-20;8;328
25;2025-12-20;9;276
25;2025-12-20;10;281
25;2025-12-20;11;365
25;2025-12-20;12;362
25;2025-12-20;13;487
25;2025-12-20;14;478
25;2025-12-20;15;572
25;2025-12-20;16;510
25;2025-12-20;17;463
25;2025-12-20;18;470
25;2025-12-20;19;409
25;2025-12-20;20;277
25;2025-12-20;21;214
25;2025-12-20;22;132
25;2025-12-20;23;45
25;2025-12-21;0;11
25;2025-12-21;1;0
25;2025-12-21;2;0
25;2025-12-21;3;0
25;2025-12-21;4;0
25;2025-12-21;5;1
25;2025-12-21;6;55
25;2025-12-21;7;142
25;2025-12-21;8;248
25;2025-12-21;9;227
25;2025-12-21;10;232
25;2025-12-21;11;278
25;2025-12-21;12;328
25;2025-12-21;13;392
25;2025-12-21;14;426
25;2025-12-21;15;490
25;2025-12-21;16;452
25;2025-12-21;17;445
25;2025-12-21;18;439
25;2025-12-21;19;342
25;2025-12-21;20;255
25;2025-12-21;21;196
25;2025-12-21;22;111
25;2025-12-21;23;35
25;2025-12-22;0;9
25;2025-12-22;1;0
25;2025-12-22;2;0
25;2025-12-22;3;0
25;2025-12-22;4;0
25;2025-12-22;5;4
25;2025-12-22;6;148
25;2025-12-22;7;505
25;2025-12-22;8;845
25;2025-12-22;9;462
25;2025-12-22;10;339
25;2025-12-22;11;393
25;2025-12-22;12;393
25;2025-12-22;13;506
25;2025-12-22;14;416
25;2025-12-22;15;498
25;2025-12-22;16;631
25;2025-12-22;17;686
25;2025-12-22;18;739
25;2025-12-22;19;478
25;2025-12-22;20;312
25;2025-12-22;21;215
25;2025-12-22;22;115
25;2025-12-22;23;10
25;2025-12-23;0;0
25;2025-12-23;1;0
25;2025-12-23;2;0
25;2025-12-23;3;0
25;2025-12-23;4;0
25;2025-12-23;5;5
25;2025-12-23;6;154
25;2025-12-23;7;516
25;2025-12-23;8;851
25;2025-12-23;9;486
25;2025-12-23;10;382
25;2025-12-23;11;425
25;2025-12-23;12;390
25;2025-12-23;13;499
25;2025-12-23;14;473
25;2025-12-23;15;521
25;2025-12-23;16;640
25;2025-12-23;17;686
25;2025-12-23;18;751
25;2025-12-23;19;491
25;2025-12-23;20;314
25;2025-12-23;21;212
25;2025-12-23;22;116
25;2025-12-23;23;12
25;2025-12-24;0;0
25;2025-12-24;1;0
25;2025-12-24;2;0
25;2025-12-24;3;0
25;2025-12-24;4;0
25;2025-12-24;5;5
25;2025-12-24;6;151
25;2025-12-24;7;513
25;2025-12-24;8;879
25;2025-12-24;9;473
25;2025-12-24;10;357
25;2025-12-24;11;417
25;2025-12-24;12;432
25;2025-12-24;13;547
25;2025-12-24;14;458
25;2025-12-24;15;531
25;2025-12-24;16;655
25;2025-12-24;17;698
25;2025-12-24;18;776
25;2025-12-24;19;499
25;2025-12-24;20;342
25;2025-12-24;21;226
25;2025-12-24;22;119
25;2025-12-24;23;11
25;2025-12-25;0;0
25;2025-12-25;1;0
25;2025-12-25;2;0
25;2025-12-25;3;0
25;2025-12-25;4;0
25;2025-12-25;5;5
25;2025-12-25;6;147
25;2025-12-25;7;514
25;2025-12-25;8;887
25;2025-12-25;9;474
25;2025-12-25;10;398
25;2025-12-25;11;416
25;2025-12-25;12;404
25;2025-12-25;13;511
25;2025-12-25;14;482
25;2025-12-25;15;547
25;2025-12-25;16;625
25;2025-12-25;17;728
25;2025-12-25;18;757
25;2025-12-25;19;503
25;2025-12-25;20;316
25;2025-12-25;21;219
25;2025-12-25;22;127
25;2025-12-25;23;12
25;2025-12-26;0;0
25;2025-12-26;1;0
25;2025-12-26;2;0
25;2025-12-26;3;0
25;2025-12-26;4;0
25;2025-12-26;5;3
25;2025-12-26;6;149
25;2025-12-26;7;507
25;2025-12-26;8;823
25;2025-12-26;9;450
25;2025-12-26;10;358
25;2025-12-26;11;428
25;2025-12-26;12;433
25;2025-12-26;13;538
25;2025-12-26;14;511
25;2025-12-26;15;593
25;2025-12-26;16;698
25;2025-12-26;17;728
25;2025-12-26;18;659
25;2025-12-26;19;469
25;2025-12-26;20;312
25;2025-12-26;21;218
25;2025-12-26;22;132
25;2025-12-26;23;11
25;2025-12-27;0;0
25;2025-12-27;1;0
25;2025-12-27;2;0
25;2025-12-27;3;0
25;2025-12-27;4;0
25;2025-12-27;5;1
25;2025-12-27;6;61
25;2025-12-27;7;169
25;2025-12-27;8;328
25;2025-12-27;9;276
25;2025-12-27;10;281
25;2025-12-27;11;365
25;2025-12-27;12;362
25;2025-12-27;13;487
25;2025-12-27;14;478
25;2025-12-27;15;572
25;2025-12-27;16;510
25;2025-12-27;17;463
25;2025-12-27;18;470
25;2025-12-27;19;409
25;2025-12-27;20;277
25;2025-12-27;21;214
25;2025-12-27;22;132
25;2025-12-27;23;45
25;2025-12-28;0;11
25;2025-12-28;1;0
25;2025-12-28;2;0
25;2025-12-28;3;0
25;2025-12-28;4;0
25;2025-12-28;5;1
25;2025-12-28;6;55
25;2025-12-28;7;142
25;2025-12-28;8;248
25;2025-12-28;9;227
25;2025-12-28;10;232
25;2025-12-28;11;278
25;2025-12-28;12;328
25;2025-12-28;13;392
25;2025-12-28;14;426
25;2025-12-28;15;490
25;2025-12-28;16;452
25;2025-12-28;17;445
25;2025-12-28;18;439
25;2025-12-28;19;342
25;2025-12-28;20;255
25;2025-12-28;21;196
25;2025-12-28;22;111
25;2025-12-28;23;35
25;2025-12-29;0;9
25;2025-12-29;1;0
25;2025-12-29;2;0
25;2025-12-29;3;0
25;2025-12-29;4;0
25;2025-12-29;5;4
25;2025-12-29;6;148
25;2025-12-29;7;505
25;2025-12-29;8;845
25;2025-12-29;9;462
25;2025-12-29;10;339
25;2025-12-29;11;393
25;2025-12-29;12;393
25;2025-12-29;13;506
25;2025-12-29;14;416
25;2025-12-29;15;498
25;2025-12-29;16;631
25;2025-12-29;17;686
25;2025-12-29;18;739
25;2025-12-29;19;478
25;2025-12-29;20;312
25;2025-12-29;21;215
25;2025-12-29;22;115
25;2025-12-29;23;10
25;2025-12-30;0;0
25;2025-12-30;1;0
25;2025-12-30;2;0
25;2025-12-30;3;0
25;2025-12-30;4;0
25;2025-12-30;5;5
25;2025-12-30;6;154
25;2025-12-30;7;516
25;2025-12-30;8;851
25;2025-12-30;9;486
25;2025-12-30;10;382
25;2025-12-30;11;425
25;2025-12-30;12;390
25;2025-12-30;13;499
25;2025-12-30;14;473
25;2025-12-30;15;521
25;2025-12-30;16;640
25;2025-12-30;17;686
25;2025-12-30;18;751
25;2025-12-30;19;491
25;2025-12-30;20;314
25;2025-12-30;21;212
25;2025-12-30;22;116
25;2025-12-30;23;12
25;2025-12-31;0;11
25;2025-12-31;1;0
25;2025-12-31;2;0
25;2025-12-31;3;0
25;2025-12-31;4;0
25;2025-12-31;5;1
25;2025-12-31;6;56
25;2025-12-31;7;145
25;2025-12-31;8;252
25;2025-12-31;9;224
25;2025-12-31;10;227
25;2025-12-31;11;272
25;2025-12-31;12;321
25;2025-12-31;13;384
25;2025-12-31;14;418
25;2025-12-31;15;470
25;2025-12-31;16;444
25;2025-12-31;17;436
25;2025-12-31;18;431
25;2025-12-31;19;344
25;2025-12-31;20;256
25;2025-12-31;21;196
25;2025-12-31;22;112
25;2025-12-31;23;35
26;2025-11-01;0;35
26;2025-11-01;1;2
26;2025-11-01;2;0
26;2025-11-01;3;0
26;2025-11-01;4;1
26;2025-11-01;5;84
26;2025-11-01;6;495
26;2025-11-01;7;1030
26;2025-11-01;8;1985
26;2025-11-01;9;1356
26;2025-11-01;10;1160
26;2025-11-01;11;1046
26;2025-11-01;12;1095
26;2025-11-01;13;1154
26;2025-11-01;14;1174
26;2025-11-01;15;1312
26;2025-11-01;16;1533
26;2025-11-01;17;1626
26;2025-11-01;18;1425
26;2025-11-01;19;1092
26;2025-11-01;20;727
26;2025-11-01;21;448
26;2025-11-01;22;242
26;2025-11-01;23;155
26;2025-11-02;0;45
26;2025-11-02;1;4
26;2025-11-02;2;0
26;2025-11-02;3;0
26;2025-11-02;4;2
26;2025-11-02;5;39
26;2025-11-02;6;222
26;2025-11-02;7;395
26;2025-11-02;8;639
26;2025-11-02;9;644
26;2025-11-02;10;635
26;2025-11-02;11;763
26;2025-11-02;12;813
26;2025-11-02;13;826
26;2025-11-02;14;789
26;2025-11-02;15;796
26;2025-11-02;16;806
26;2025-11-02;17;858
26;2025-11-02;18;828
26;2025-11-02;19;663
26;2025-11-02;20;469
26;2025-11-02;21;312
26;2025-11-02;22;206
26;2025-11-02;23;112
26;2025-11-03;0;45
26;2025-11-03;1;4
26;2025-11-03;2;0
26;2025-11-03;3;0
26;2025-11-03;4;2
26;2025-11-03;5;39
26;2025-11-03;6;222
26;2025-11-03;7;395
26;2025-11-03;8;639
26;2025-11-03;9;644
26;2025-11-03;10;635
26;2025-11-03;11;763
26;2025-11-03;12;813
26;2025-11-03;13;826
26;2025-11-03;14;789
26;2025-11-03;15;796
26;2025-11-03;16;806
26;2025-11-03;17;858
26;2025-11-03;18;828
26;2025-11-03;19;663
26;2025-11-03;20;469
26;2025-11-03;21;312
26;2025-11-03;22;206
26;2025-11-03;23;112
26;2025-11-04;0;45
26;2025-11-04;1;4
26;2025-11-04;2;0
26;2025-11-04;3;0
26;2025-11-04;4;2
26;2025-11-04;5;39
26;2025-11-04;6;222
26;2025-11-04;7;395
26;2025-11-04;8;639
26;2025-11-04;9;644
26;2025-11-04;10;635
26;2025-11-04;11;763
26;2025-11-04;12;813
26;2025-11-04;13;826
26;2025-11-04;14;789
26;2025-11-04;15;796
26;2025-11-04;16;806
26;2025-11-04;17;858
26;2025-11-04;18;828
26;2025-11-04;19;663
26;2025-11-04;20;469
26;2025-11-04;21;312
26;2025-11-04;22;206
26;2025-11-04;23;112
26;2025-11-05;0;32
26;2025-11-05;1;1
26;2025-11-05;2;0
26;2025-11-05;3;0
26;2025-11-05;4;2
26;2025-11-05;5;86
26;2025-11-05;6;502
26;2025-11-05;7;1028
26;2025-11-05;8;2096
26;2025-11-05;9;1403
26;2025-11-05;10;1161
26;2025-11-05;11;1064
26;2025-11-05;12;1097
26;2025-11-05;13;1136
26;2025-11-05;14;1226
26;2025-11-05;15;1276
26;2025-11-05;16;1425
26;2025-11-05;17;1562
26;2025-11-05;18;1728
26;2025-11-05;19;1180
26;2025-11-05;20;767
26;2025-11-05;21;484
26;2025-11-05;22;239
26;2025-11-05;23;129
26;2025-11-06;0;36
26;2025-11-06;1;1
26;2025-11-06;2;0
26;2025-11-06;3;0
26;2025-11-06;4;1
26;2025-11-06;5;83
26;2025-11-06;6;486
26;2025-11-06;7;1037
26;2025-11-06;8;2036
26;2025-11-06;9;1445
26;2025-11-06;10;1140
26;2025-11-06;11;1108
26;2025-11-06;12;1082
26;2025-11-06;13;1118
26;2025-11-06;14;1167
26;2025-11-06;15;1278
26;2025-11-06;16;1422
26;2025-11-06;17;1624
26;2025-11-06;18;1765
26;2025-11-06;19;1225
26;2025-11-06;20;766
26;2025-11-06;21;463
26;2025-11-06;22;241
26;2025-11-06;23;136
26;2025-11-07;0;35
26;2025-11-07;1;2
26;2025-11-07;2;0
26;2025-11-07;3;0
26;2025-11-07;4;1
26;2025-11-07;5;84
26;2025-11-07;6;495
26;2025-11-07;7;1030
26;2025-11-07;8;1985
26;2025-11-07;9;1356
26;2025-11-07;10;1160
26;2025-11-07;11;1046
26;2025-11-07;12;1095
26;2025-11-07;13;1154
26;2025-11-07;14;1174
26;2025-11-07;15;1312
26;2025-11-07;16;1533
26;2025-11-07;17;1626
26;2025-11-07;18;1425
26;2025-11-07;19;1092
26;2025-11-07;20;727
26;2025-11-07;21;448
26;2025-11-07;22;242
26;2025-11-07;23;155
26;2025-11-08;0;44
26;2025-11-08;1;2
26;2025-11-08;2;0
26;2025-11-08;3;0
26;2025-11-08;4;2
26;2025-11-08;5;53
26;2025-11-08;6;298
26;2025-11-08;7;473
26;2025-11-08;8;771
26;2025-11-08;9;787
26;2025-11-08;10;823
26;2025-11-08;11;958
26;2025-11-08;12;943
26;2025-11-08;13;988
26;2025-11-08;14;965
26;2025-11-08;15;945
26;2025-11-08;16;936
26;2025-11-08;17;994
26;2025-11-08;18;971
26;2025-11-08;19;834
26;2025-11-08;20;573
26;2025-11-08;21;377
26;2025-11-08;22;226
26;2025-11-08;23;143
26;2025-11-09;0;45
26;2025-11-09;1;4
26;2025-11-09;2;0
26;2025-11-09;3;0
26;2025-11-09;4;2
26;2025-11-09;5;39
26;2025-11-09;6;222
26;2025-11-09;7;395
26;2025-11-09;8;639
26;2025-11-09;9;644
26;2025-11-09;10;635
26;2025-11-09;11;763
26;2025-11-09;12;813
26;2025-11-09;13;826
26;2025-11-09;14;789
26;2025-11-09;15;796
26;2025-11-09;16;806
26;2025-11-09;17;858
26;2025-11-09;18;828
26;2025-11-09;19;663
26;2025-11-09;20;469
26;2025-11-09;21;312
26;2025-11-09;22;206
26;2025-11-09;23;112
26;2025-11-10;0;29
26;2025-11-10;1;3
26;2025-11-10;2;0
26;2025-11-10;3;0
26;2025-11-10;4;2
26;2025-11-10;5;84
26;2025-11-10;6;496
26;2025-11-10;7;1050
26;2025-11-10;8;1979
26;2025-11-10;9;1396
26;2025-11-10;10;1147
26;2025-11-10;11;1014
26;2025-11-10;12;1027
26;2025-11-10;13;1118
26;2025-11-10;14;1100
26;2025-11-10;15;1219
26;2025-11-10;16;1412
26;2025-11-10;17;1600
26;2025-11-10;18;1776
26;2025-11-10;19;1206
26;2025-11-10;20;745
26;2025-11-10;21;450
26;2025-11-10;22;227
26;2025-11-10;23;112
26;2025-11-11;0;30
26;2025-11-11;1;1
26;2025-11-11;2;0
26;2025-11-11;3;0
26;2025-11-11;4;2
26;2025-11-11;5;83
26;2025-11-11;6;508
26;2025-11-11;7;1056
26;2025-11-11;8;2124
26;2025-11-11;9;1420
26;2025-11-11;10;1147
26;2025-11-11;11;1043
26;2025-11-11;12;1110
26;2025-11-11;13;1124
26;2025-11-11;14;1148
26;2025-11-11;15;1231
26;2025-11-11;16;1440
26;2025-11-11;17;1656
26;2025-11-11;18;1750
26;2025-11-11;19;1252
26;2025-11-11;20;771
26;2025-11-11;21;454
26;2025-11-11;22;235
26;2025-11-11;23;118
26;2025-11-12;0;32
26;2025-11-12;1;1
26;2025-11-12;2;0
26;2025-11-12;3;0
26;2025-11-12;4;2
26;2025-11-12;5;86
26;2025-11-12;6;502
26;2025-11-12;7;1028
26;2025-11-12;8;2096
26;2025-11-12;9;1403
26;2025-11-12;10;1161
26;2025-11-12;11;1064
26;2025-11-12;12;1097
26;2025-11-12;13;1136
26;2025-11-12;14;1226
26;2025-11-12;15;1276
26;2025-11-12;16;1425
26;2025-11-12;17;1562
26;2025-11-12;18;1728
26;2025-11-12;19;1180
26;2025-11-12;20;767
26;2025-11-12;21;484
26;2025-11-12;22;239
26;2025-11-12;23;129
26;2025-11-13;0;36
26;2025-11-13;1;1
26;2025-11-13;2;0
26;2025-11-13;3;0
26;2025-11-13;4;1
26;2025-11-13;5;83
26;2025-11-13;6;486
26;2025-11-13;7;1037
26;2025-11-13;8;2036
26;2025-11-13;9;1445
26;2025-11-13;10;1140
26;2025-11-13;11;1108
26;2025-11-13;12;1082
26;2025-11-13;13;1118
26;2025-11-13;14;1167
26;2025-11-13;15;1278
26;2025-11-13;16;1422
26;2025-11-13;17;1624
26;2025-11-13;18;1765
26;2025-11-13;19;1225
26;2025-11-13;20;766
26;2025-11-13;21;463
26;2025-11-13;22;241
26;2025-11-13;23;136
26;2025-11-14;0;35
26;2025-11-14;1;2
26;2025-11-14;2;0
26;2025-11-14;3;0
26;2025-11-14;4;1
26;2025-11-14;5;84
26;2025-11-14;6;495
26;2025-11-14;7;1030
26;2025-11-14;8;1985
26;2025-11-14;9;1356
26;2025-11-14;10;1160
26;2025-11-14;11;1046
26;2025-11-14;12;1095
26;2025-11-14;13;1154
26;2025-11-14;14;1174
26;2025-11-14;15;1312
26;2025-11-14;16;1533
26;2025-11-14;17;1626
26;2025-11-14;18;1425
26;2025-11-14;19;1092
26;2025-11-14;20;727
26;2025-11-14;21;448
26;2025-11-14;22;242
26;2025-11-14;23;155
26;2025-11-15;0;44
26;2025-11-15;1;2
26;2025-11-15;2;0
26;2025-11-15;3;0
26;2025-11-15;4;2
26;2025-11-15;5;53
26;2025-11-15;6;298
26;2025-11-15;7;473
26;2025-11-15;8;771
26;2025-11-15;9;787
26;2025-11-15;10;823
26;2025-11-15;11;958
26;2025-11-15;12;943
26;2025-11-15;13;988
26;2025-11-15;14;965
26;2025-11-15;15;945
26;2025-11-15;16;936
26;2025-11-15;17;994
26;2025-11-15;18;971
26;2025-11-15;19;834
26;2025-11-15;20;573
26;2025-11-15;21;377
26;2025-11-15;22;226
26;2025-11-15;23;143
26;2025-11-16;0;45
26;2025-11-16;1;4
26;2025-11-16;2;0
26;2025-11-16;3;0
26;2025-11-16;4;2
26;2025-11-16;5;39
26;2025-11-16;6;222
26;2025-11-16;7;395
26;2025-11-16;8;639
26;2025-11-16;9;644
26;2025-11-16;10;635
26;2025-11-16;11;763
26;2025-11-16;12;813
26;2025-11-16;13;826
26;2025-11-16;14;789
26;2025-11-16;15;796
26;2025-11-16;16;806
26;2025-11-16;17;858
26;2025-11-16;18;828
26;2025-11-16;19;663
26;2025-11-16;20;469
26;2025-11-16;21;312
26;2025-11-16;22;206
26;2025-11-16;23;112
26;2025-11-17;0;29
26;2025-11-17;1;3
26;2025-11-17;2;0
26;2025-11-17;3;0
26;2025-11-17;4;2
26;2025-11-17;5;84
26;2025-11-17;6;496
26;2025-11-17;7;1050
26;2025-11-17;8;1979
26;2025-11-17;9;1396
26;2025-11-17;10;1147
26;2025-11-17;11;1014
26;2025-11-17;12;1027
26;2025-11-17;13;1118
26;2025-11-17;14;1100
26;2025-11-17;15;1219
26;2025-11-17;16;1412
26;2025-11-17;17;1600
26;2025-11-17;18;1776
26;2025-11-17;19;1206
26;2025-11-17;20;745
26;2025-11-17;21;450
26;2025-11-17;22;227
26;2025-11-17;23;112
26;2025-11-18;0;30
26;2025-11-18;1;1
26;2025-11-18;2;0
26;2025-11-18;3;0
26;2025-11-18;4;2
26;2025-11-18;5;83
26;2025-11-18;6;508
26;2025-11-18;7;1056
26;2025-11-18;8;2124
26;2025-11-18;9;1420
26;2025-11-18;10;1147
26;2025-11-18;11;1043
26;2025-11-18;12;1110
26;2025-11-18;13;1124
26;2025-11-18;14;1148
26;2025-11-18;15;1231
26;2025-11-18;16;1440
26;2025-11-18;17;1656
26;2025-11-18;18;1750
26;2025-11-18;19;1252
26;2025-11-18;20;771
26;2025-11-18;21;454
26;2025-11-18;22;235
26;2025-11-18;23;118
26;2025-11-19;0;32
26;2025-11-19;1;1
26;2025-11-19;2;0
26;2025-11-19;3;0
26;2025-11-19;4;2
26;2025-11-19;5;86
26;2025-11-19;6;502
26;2025-11-19;7;1028
26;2025-11-19;8;2096
26;2025-11-19;9;1403
26;2025-11-19;10;1161
26;2025-11-19;11;1064
26;2025-11-19;12;1097
26;2025-11-19;13;1136
26;2025-11-19;14;1226
26;2025-11-19;15;1276
26;2025-11-19;16;1425
26;2025-11-19;17;1562
26;2025-11-19;18;1728
26;2025-11-19;19;1180
26;2025-11-19;20;767
26;2025-11-19;21;484
26;2025-11-19;22;239
26;2025-11-19;23;129
26;2025-11-20;0;36
26;2025-11-20;1;1
26;2025-11-20;2;0
26;2025-11-20;3;0
26;2025-11-20;4;1
26;2025-11-20;5;83
26;2025-11-20;6;486
26;2025-11-20;7;1037
26;2025-11-20;8;2036
26;2025-11-20;9;1445
26;2025-11-20;10;1140
26;2025-11-20;11;1108
26;2025-11-20;12;1082
26;2025-11-20;13;1118
26;2025-11-20;14;1167
26;2025-11-20;15;1278
26;2025-11-20;16;1422
26;2025-11-20;17;1624
26;2025-11-20;18;1765
26;2025-11-20;19;1225
26;2025-11-20;20;766
26;2025-11-20;21;463
26;2025-11-20;22;241
26;2025-11-20;23;136
26;2025-11-21;0;35
26;2025-11-21;1;2
26;2025-11-21;2;0
26;2025-11-21;3;0
26;2025-11-21;4;1
26;2025-11-21;5;84
26;2025-11-21;6;495
26;2025-11-21;7;1030
26;2025-11-21;8;1985
26;2025-11-21;9;1356
26;2025-11-21;10;1160
26;2025-11-21;11;1046
26;2025-11-21;12;1095
26;2025-11-21;13;1154
26;2025-11-21;14;1174
26;2025-11-21;15;1312
26;2025-11-21;16;1533
26;2025-11-21;17;1626
26;2025-11-21;18;1425
26;2025-11-21;19;1092
26;2025-11-21;20;727
26;2025-11-21;21;448
26;2025-11-21;22;242
26;2025-11-21;23;155
26;2025-11-22;0;44
26;2025-11-22;1;2
26;2025-11-22;2;0
26;2025-11-22;3;0
26;2025-11-22;4;2
26;2025-11-22;5;53
26;2025-11-22;6;298
26;2025-11-22;7;473
26;2025-11-22;8;771
26;2025-11-22;9;787
26;2025-11-22;10;823
26;2025-11-22;11;958
26;2025-11-22;12;943
26;2025-11-22;13;988
26;2025-11-22;14;965
26;2025-11-22;15;945
26;2025-11-22;16;936
26;2025-11-22;17;994
26;2025-11-22;18;971
26;2025-11-22;19;834
26;2025-11-22;20;573
26;2025-11-22;21;377
26;2025-11-22;22;226
26;2025-11-22;23;143
26;2025-11-23;0;45
26;2025-11-23;1;4
26;2025-11-23;2;0
26;2025-11-23;3;0
26;2025-11-23;4;2
26;2025-11-23;5;39
26;2025-11-23;6;222
26;2025-11-23;7;395
26;2025-11-23;8;639
26;2025-11-23;9;644
26;2025-11-23;10;635
26;2025-11-23;11;763
26;2025-11-23;12;813
26;2025-11-23;13;826
26;2025-11-23;14;789
26;2025-11-23;15;796
26;2025-11-23;16;806
26;2025-11-23;17;858
26;2025-11-23;18;828
26;2025-11-23;19;663
26;2025-11-23;20;469
26;2025-11-23;21;312
26;2025-11-23;22;206
26;2025-11-23;23;112
26;2025-11-24;0;29
26;2025-11-24;1;3
26;2025-11-24;2;0
26;2025-11-24;3;0
26;2025-11-24;4;2
26;2025-11-24;5;84
26;2025-11-24;6;496
26;2025-11-24;7;1050
26;2025-11-24;8;1979
26;2025-11-24;9;1396
26;2025-11-24;10;1147
26;2025-11-24;11;1014
26;2025-11-24;12;1027
26;2025-11-24;13;1118
26;2025-11-24;14;1100
26;2025-11-24;15;1219
26;2025-11-24;16;1412
26;2025-11-24;17;1600
26;2025-11-24;18;1776
26;2025-11-24;19;1206
26;2025-11-24;20;745
26;2025-11-24;21;450
26;2025-11-24;22;227
26;2025-11-24;23;112
26;2025-11-25;0;30
26;2025-11-25;1;1
26;2025-11-25;2;0
26;2025-11-25;3;0
26;2025-11-25;4;2
26;2025-11-25;5;83
26;2025-11-25;6;508
26;2025-11-25;7;1056
26;2025-11-25;8;2124
26;2025-11-25;9;1420
26;2025-11-25;10;1147
26;2025-11-25;11;1043
26;2025-11-25;12;1110
26;2025-11-25;13;1124
26;2025-11-25;14;1148
26;2025-11-25;15;1231
26;2025-11-25;16;1440
26;2025-11-25;17;1656
26;2025-11-25;18;1750
26;2025-11-25;19;1252
26;2025-11-25;20;771
26;2025-11-25;21;454
26;2025-11-25;22;235
26;2025-11-25;23;118
26;2025-11-26;0;32
26;2025-11-26;1;1
26;2025-11-26;2;0
26;2025-11-26;3;0
26;2025-11-26;4;2
26;2025-11-26;5;86
26;2025-11-26;6;502
26;2025-11-26;7;1028
26;2025-11-26;8;2096
26;2025-11-26;9;1403
26;2025-11-26;10;1161
26;2025-11-26;11;1064
26;2025-11-26;12;1097
26;2025-11-26;13;1136
26;2025-11-26;14;1226
26;2025-11-26;15;1276
26;2025-11-26;16;1425
26;2025-11-26;17;1562
26;2025-11-26;18;1728
26;2025-11-26;19;1180
26;2025-11-26;20;767
26;2025-11-26;21;484
26;2025-11-26;22;239
26;2025-11-26;23;129
26;2025-11-27;0;36
26;2025-11-27;1;1
26;2025-11-27;2;0
26;2025-11-27;3;0
26;2025-11-27;4;1
26;2025-11-27;5;83
26;2025-11-27;6;486
26;2025-11-27;7;1037
26;2025-11-27;8;2036
26;2025-11-27;9;1445
26;2025-11-27;10;1140
26;2025-11-27;11;1108
26;2025-11-27;12;1082
26;2025-11-27;13;1118
26;2025-11-27;14;1167
26;2025-11-27;15;1278
26;2025-11-27;16;1422
26;2025-11-27;17;1624
26;2025-11-27;18;1765
26;2025-11-27;19;1225
26;2025-11-27;20;766
26;2025-11-27;21;463
26;2025-11-27;22;241
26;2025-11-27;23;136
26;2025-11-28;0;35
26;2025-11-28;1;2
26;2025-11-28;2;0
26;2025-11-28;3;0
26;2025-11-28;4;1
26;2025-11-28;5;84
26;2025-11-28;6;495
26;2025-11-28;7;1030
26;2025-11-28;8;1985
26;2025-11-28;9;1356
26;2025-11-28;10;1160
26;2025-11-28;11;1046
26;2025-11-28;12;1095
26;2025-11-28;13;1154
26;2025-11-28;14;1174
26;2025-11-28;15;1312
26;2025-11-28;16;1533
26;2025-11-28;17;1626
26;2025-11-28;18;1425
26;2025-11-28;19;1092
26;2025-11-28;20;727
26;2025-11-28;21;448
26;2025-11-28;22;242
26;2025-11-28;23;155
26;2025-11-29;0;44
26;2025-11-29;1;2
26;2025-11-29;2;0
26;2025-11-29;3;0
26;2025-11-29;4;2
26;2025-11-29;5;53
26;2025-11-29;6;298
26;2025-11-29;7;473
26;2025-11-29;8;771
26;2025-11-29;9;787
26;2025-11-29;10;823
26;2025-11-29;11;958
26;2025-11-29;12;943
26;2025-11-29;13;988
26;2025-11-29;14;965
26;2025-11-29;15;945
26;2025-11-29;16;936
26;2025-11-29;17;994
26;2025-11-29;18;971
26;2025-11-29;19;834
26;2025-11-29;20;573
26;2025-11-29;21;377
26;2025-11-29;22;226
26;2025-11-29;23;143
26;2025-11-30;0;45
26;2025-11-30;1;4
26;2025-11-30;2;0
26;2025-11-30;3;0
26;2025-11-30;4;2
26;2025-11-30;5;39
26;2025-11-30;6;222
26;2025-11-30;7;395
26;2025-11-30;8;639
26;2025-11-30;9;644
26;2025-11-30;10;635
26;2025-11-30;11;763
26;2025-11-30;12;813
26;2025-11-30;13;826
26;2025-11-30;14;789
26;2025-11-30;15;796
26;2025-11-30;16;806
26;2025-11-30;17;858
26;2025-11-30;18;828
26;2025-11-30;19;663
26;2025-11-30;20;469
26;2025-11-30;21;312
26;2025-11-30;22;206
26;2025-11-30;23;112
26;2025-12-01;0;29
26;2025-12-01;1;3
26;2025-12-01;2;0
26;2025-12-01;3;0
26;2025-12-01;4;2
26;2025-12-01;5;84
26;2025-12-01;6;496
26;2025-12-01;7;1050
26;2025-12-01;8;1979
26;2025-12-01;9;1396
26;2025-12-01;10;1147
26;2025-12-01;11;1014
26;2025-12-01;12;1027
26;2025-12-01;13;1118
26;2025-12-01;14;1100
26;2025-12-01;15;1219
26;2025-12-01;16;1412
26;2025-12-01;17;1600
26;2025-12-01;18;1776
26;2025-12-01;19;1206
26;2025-12-01;20;745
26;2025-12-01;21;450
26;2025-12-01;22;227
26;2025-12-01;23;112
26;2025-12-02;0;30
26;2025-12-02;1;1
26;2025-12-02;2;0
26;2025-12-02;3;0
26;2025-12-02;4;2
26;2025-12-02;5;83
26;2025-12-02;6;508
26;2025-12-02;7;1056
26;2025-12-02;8;2124
26;2025-12-02;9;1420
26;2025-12-02;10;1147
26;2025-12-02;11;1043
26;2025-12-02;12;1110
26;2025-12-02;13;1124
26;2025-12-02;14;1148
26;2025-12-02;15;1231
26;2025-12-02;16;1440
26;2025-12-02;17;1656
26;2025-12-02;18;1750
26;2025-12-02;19;1252
26;2025-12-02;20;771
26;2025-12-02;21;454
26;2025-12-02;22;235
26;2025-12-02;23;118
26;2025-12-03;0;32
26;2025-12-03;1;1
26;2025-12-03;2;0
26;2025-12-03;3;0
26;2025-12-03;4;2
26;2025-12-03;5;86
26;2025-12-03;6;502
26;2025-12-03;7;1028
26;2025-12-03;8;2096
26;2025-12-03;9;1403
26;2025-12-03;10;1161
26;2025-12-03;11;1064
26;2025-12-03;12;1097
26;2025-12-03;13;1136
26;2025-12-03;14;1226
26;2025-12-03;15;1276
26;2025-12-03;16;1425
26;2025-12-03;17;1562
26;2025-12-03;18;1728
26;2025-12-03;19;1180
26;2025-12-03;20;767
26;2025-12-03;21;484
26;2025-12-03;22;239
26;2025-12-03;23;129
26;2025-12-04;0;36
26;2025-12-04;1;1
26;2025-12-04;2;0
26;2025-12-04;3;0
26;2025-12-04;4;1
26;2025-12-04;5;83
26;2025-12-04;6;486
26;2025-12-04;7;1037
26;2025-12-04;8;2036
26;2025-12-04;9;1445
26;2025-12-04;10;1140
26;2025-12-04;11;1108
26;2025-12-04;12;1082
26;2025-12-04;13;1118
26;2025-12-04;14;1167
26;2025-12-04;15;1278
26;2025-12-04;16;1422
26;2025-12-04;17;1624
26;2025-12-04;18;1765
26;2025-12-04;19;1225
26;2025-12-04;20;766
26;2025-12-04;21;463
26;2025-12-04;22;241
26;2025-12-04;23;136
26;2025-12-05;0;35
26;2025-12-05;1;2
26;2025-12-05;2;0
26;2025-12-05;3;0
26;2025-12-05;4;1
26;2025-12-05;5;84
26;2025-12-05;6;495
26;2025-12-05;7;1030
26;2025-12-05;8;1985
26;2025-12-05;9;1356
26;2025-12-05;10;1160
26;2025-12-05;11;1046
26;2025-12-05;12;1095
26;2025-12-05;13;1154
26;2025-12-05;14;1174
26;2025-12-05;15;1312
26;2025-12-05;16;1533
26;2025-12-05;17;1626
26;2025-12-05;18;1425
26;2025-12-05;19;1092
26;2025-12-05;20;727
26;2025-12-05;21;448
26;2025-12-05;22;242
26;2025-12-05;23;155
26;2025-12-06;0;44
26;2025-12-06;1;2
26;2025-12-06;2;0
26;2025-12-06;3;0
26;2025-12-06;4;2
26;2025-12-06;5;53
26;2025-12-06;6;298
26;2025-12-06;7;473
26;2025-12-06;8;771
26;2025-12-06;9;787
26;2025-12-06;10;823
26;2025-12-06;11;958
26;2025-12-06;12;943
26;2025-12-06;13;988
26;2025-12-06;14;965
26;2025-12-06;15;945
26;2025-12-06;16;936
26;2025-12-06;17;994
26;2025-12-06;18;971
26;2025-12-06;19;834
26;2025-12-06;20;573
26;2025-12-06;21;377
26;2025-12-06;22;226
26;2025-12-06;23;143
26;2025-12-07;0;45
26;2025-12-07;1;4
26;2025-12-07;2;0
26;2025-12-07;3;0
26;2025-12-07;4;2
26;2025-12-07;5;39
26;2025-12-07;6;222
26;2025-12-07;7;395
26;2025-12-07;8;639
26;2025-12-07;9;644
26;2025-12-07;10;635
26;2025-12-07;11;763
26;2025-12-07;12;813
26;2025-12-07;13;826
26;2025-12-07;14;789
26;2025-12-07;15;796
26;2025-12-07;16;806
26;2025-12-07;17;858
26;2025-12-07;18;828
26;2025-12-07;19;663
26;2025-12-07;20;469
26;2025-12-07;21;312
26;2025-12-07;22;206
26;2025-12-07;23;112
26;2025-12-08;0;29
26;2025-12-08;1;3
26;2025-12-08;2;0
26;2025-12-08;3;0
26;2025-12-08;4;2
26;2025-12-08;5;84
26;2025-12-08;6;496
26;2025-12-08;7;1050
26;2025-12-08;8;1979
26;2025-12-08;9;1396
26;2025-12-08;10;1147
26;2025-12-08;11;1014
26;2025-12-08;12;1027
26;2025-12-08;13;1118
26;2025-12-08;14;1100
26;2025-12-08;15;1219
26;2025-12-08;16;1412
26;2025-12-08;17;1600
26;2025-12-08;18;1776
26;2025-12-08;19;1206
26;2025-12-08;20;745
26;2025-12-08;21;450
26;2025-12-08;22;227
26;2025-12-08;23;112
26;2025-12-09;0;30
26;2025-12-09;1;1
26;2025-12-09;2;0
26;2025-12-09;3;0
26;2025-12-09;4;2
26;2025-12-09;5;83
26;2025-12-09;6;508
26;2025-12-09;7;1056
26;2025-12-09;8;2124
26;2025-12-09;9;1420
26;2025-12-09;10;1147
26;2025-12-09;11;1043
26;2025-12-09;12;1110
26;2025-12-09;13;1124
26;2025-12-09;14;1148
26;2025-12-09;15;1231
26;2025-12-09;16;1440
26;2025-12-09;17;1656
26;2025-12-09;18;1750
26;2025-12-09;19;1252
26;2025-12-09;20;771
26;2025-12-09;21;454
26;2025-12-09;22;235
26;2025-12-09;23;118
26;2025-12-10;0;32
26;2025-12-10;1;1
26;2025-12-10;2;0
26;2025-12-10;3;0
26;2025-12-10;4;2
26;2025-12-10;5;86
26;2025-12-10;6;502
26;2025-12-10;7;1028
26;2025-12-10;8;2096
26;2025-12-10;9;1403
26;2025-12-10;10;1161
26;2025-12-10;11;1064
26;2025-12-10;12;1097
26;2025-12-10;13;1136
26;2025-12-10;14;1226
26;2025-12-10;15;1276
26;2025-12-10;16;1425
26;2025-12-10;17;1562
26;2025-12-10;18;1728
26;2025-12-10;19;1180
26;2025-12-10;20;767
26;2025-12-10;21;484
26;2025-12-10;22;239
26;2025-12-10;23;129
26;2025-12-11;0;36
26;2025-12-11;1;1
26;2025-12-11;2;0
26;2025-12-11;3;0
26;2025-12-11;4;1
26;2025-12-11;5;83
26;2025-12-11;6;486
26;2025-12-11;7;1037
26;2025-12-11;8;2036
26;2025-12-11;9;1445
26;2025-12-11;10;1140
26;2025-12-11;11;1108
26;2025-12-11;12;1082
26;2025-12-11;13;1118
26;2025-12-11;14;1167
26;2025-12-11;15;1278
26;2025-12-11;16;1422
26;2025-12-11;17;1624
26;2025-12-11;18;1765
26;2025-12-11;19;1225
26;2025-12-11;20;766
26;2025-12-11;21;463
26;2025-12-11;22;241
26;2025-12-11;23;136
26;2025-12-12;0;35
26;2025-12-12;1;2
26;2025-12-12;2;0
26;2025-12-12;3;0
26;2025-12-12;4;1
26;2025-12-12;5;84
26;2025-12-12;6;495
26;2025-12-12;7;1030
26;2025-12-12;8;1985
26;2025-12-12;9;1356
26;2025-12-12;10;1160
26;2025-12-12;11;1046
26;2025-12-12;12;1095
26;2025-12-12;13;1154
26;2025-12-12;14;1174
26;2025-12-12;15;1312
26;2025-12-12;16;1533
26;2025-12-12;17;1626
26;2025-12-12;18;1425
26;2025-12-12;19;1092
26;2025-12-12;20;727
26;2025-12-12;21;448
26;2025-12-12;22;242
26;2025-12-12;23;155
26;2025-12-13;0;44
26;2025-12-13;1;2
26;2025-12-13;2;0
26;2025-12-13;3;0
26;2025-12-13;4;2
26;2025-12-13;5;53
26;2025-12-13;6;298
26;2025-12-13;7;473
26;2025-12-13;8;771
26;2025-12-13;9;787
26;2025-12-13;10;823
26;2025-12-13;11;958
26;2025-12-13;12;943
26;2025-12-13;13;988
26;2025-12-13;14;965
26;2025-12-13;15;945
26;2025-12-13;16;936
26;2025-12-13;17;994
26;2025-12-13;18;971
26;2025-12-13;19;834
26;2025-12-13;20;573
26;2025-12-13;21;377
26;2025-12-13;22;226
26;2025-12-13;23;143
26;2025-12-14;0;45
26;2025-12-14;1;4
26;2025-12-14;2;0
26;2025-12-14;3;0
26;2025-12-14;4;2
26;2025-12-14;5;39
26;2025-12-14;6;222
26;2025-12-14;7;395
26;2025-12-14;8;639
26;2025-12-14;9;644
26;2025-12-14;10;635
26;2025-12-14;11;763
26;2025-12-14;12;813
26;2025-12-14;13;826
26;2025-12-14;14;789
26;2025-12-14;15;796
26;2025-12-14;16;806
26;2025-12-14;17;858
26;2025-12-14;18;828
26;2025-12-14;19;663
26;2025-12-14;20;469
26;2025-12-14;21;312
26;2025-12-14;22;206
26;2025-12-14;23;112
26;2025-12-15;0;29
26;2025-12-15;1;3
26;2025-12-15;2;0
26;2025-12-15;3;0
26;2025-12-15;4;2
26;2025-12-15;5;84
26;2025-12-15;6;496
26;2025-12-15;7;1050
26;2025-12-15;8;1979
26;2025-12-15;9;1396
26;2025-12-15;10;1147
26;2025-12-15;11;1014
26;2025-12-15;12;1027
26;2025-12-15;13;1118
26;2025-12-15;14;1100
26;2025-12-15;15;1219
26;2025-12-15;16;1412
26;2025-12-15;17;1600
26;2025-12-15;18;1776
26;2025-12-15;19;1206
26;2025-12-15;20;745
26;2025-12-15;21;450
26;2025-12-15;22;227
26;2025-12-15;23;112
26;2025-12-16;0;30
26;2025-12-16;1;1
26;2025-12-16;2;0
26;2025-12-16;3;0
26;2025-12-16;4;2
26;2025-12-16;5;83
26;2025-12-16;6;508
26;2025-12-16;7;1056
26;2025-12-16;8;2124
26;2025-12-16;9;1420
26;2025-12-16;10;1147
26;2025-12-16;11;1043
26;2025-12-16;12;1110
26;2025-12-16;13;1124
26;2025-12-16;14;1148
26;2025-12-16;15;1231
26;2025-12-16;16;1440
26;2025-12-16;17;1656
26;2025-12-16;18;1750
26;2025-12-16;19;1252
26;2025-12-16;20;771
26;2025-12-16;21;454
26;2025-12-16;22;235
26;2025-12-16;23;118
26;2025-12-17;0;32
26;2025-12-17;1;1
26;2025-12-17;2;0
26;2025-12-17;3;0
26;2025-12-17;4;2
26;2025-12-17;5;86
26;2025-12-17;6;502
26;2025-12-17;7;1028
26;2025-12-17;8;2096
26;2025-12-17;9;1403
26;2025-12-17;10;1161
26;2025-12-17;11;1064
26;2025-12-17;12;1097
26;2025-12-17;13;1136
26;2025-12-17;14;1226
26;2025-12-17;15;1276
26;2025-12-17;16;1425
26;2025-12-17;17;1562
26;2025-12-17;18;1728
26;2025-12-17;19;1180
26;2025-12-17;20;767
26;2025-12-17;21;484
26;2025-12-17;22;239
26;2025-12-17;23;129
26;2025-12-18;0;36
26;2025-12-18;1;1
26;2025-12-18;2;0
26;2025-12-18;3;0
26;2025-12-18;4;1
26;2025-12-18;5;83
26;2025-12-18;6;486
26;2025-12-18;7;1037
26;2025-12-18;8;2036
26;2025-12-18;9;1445
26;2025-12-18;10;1140
26;2025-12-18;11;1108
26;2025-12-18;12;1082
26;2025-12-18;13;1118
26;2025-12-18;14;1167
26;2025-12-18;15;1278
26;2025-12-18;16;1422
26;2025-12-18;17;1624
26;2025-12-18;18;1765
26;2025-12-18;19;1225
26;2025-12-18;20;766
26;2025-12-18;21;463
26;2025-12-18;22;241
26;2025-12-18;23;136
26;2025-12-19;0;35
26;2025-12-19;1;2
26;2025-12-19;2;0
26;2025-12-19;3;0
26;2025-12-19;4;1
26;2025-12-19;5;84
26;2025-12-19;6;495
26;2025-12-19;7;1030
26;2025-12-19;8;1985
26;2025-12-19;9;1356
26;2025-12-19;10;1160
26;2025-12-19;11;1046
26;2025-12-19;12;1095
26;2025-12-19;13;1154
26;2025-12-19;14;1174
26;2025-12-19;15;1312
26;2025-12-19;16;1533
26;2025-12-19;17;1626
26;2025-12-19;18;1425
26;2025-12-19;19;1092
26;2025-12-19;20;727
26;2025-12-19;21;448
26;2025-12-19;22;242
26;2025-12-19;23;155
26;2025-12-20;0;44
26;2025-12-20;1;2
26;2025-12-20;2;0
26;2025-12-20;3;0
26;2025-12-20;4;2
26;2025-12-20;5;53
26;2025-12-20;6;298
26;2025-12-20;7;473
26;2025-12-20;8;771
26;2025-12-20;9;787
26;2025-12-20;10;823
26;2025-12-20;11;958
26;2025-12-20;12;943
26;2025-12-20;13;988
26;2025-12-20;14;965
26;2025-12-20;15;945
26;2025-12-20;16;936
26;2025-12-20;17;994
26;2025-12-20;18;971
26;2025-12-20;19;834
26;2025-12-20;20;573
26;2025-12-20;21;377
26;2025-12-20;22;226
26;2025-12-20;23;143
26;2025-12-21;0;45
26;2025-12-21;1;4
26;2025-12-21;2;0
26;2025-12-21;3;0
26;2025-12-21;4;2
26;2025-12-21;5;39
26;2025-12-21;6;222
26;2025-12-21;7;395
26;2025-12-21;8;639
26;2025-12-21;9;644
26;2025-12-21;10;635
26;2025-12-21;11;763
26;2025-12-21;12;813
26;2025-12-21;13;826
26;2025-12-21;14;789
26;2025-12-21;15;796
26;2025-12-21;16;806
26;2025-12-21;17;858
26;2025-12-21;18;828
26;2025-12-21;19;663
26;2025-12-21;20;469
26;2025-12-21;21;312
26;2025-12-21;22;206
26;2025-12-21;23;112
26;2025-12-22;0;29
26;2025-12-22;1;3
26;2025-12-22;2;0
26;2025-12-22;3;0
26;2025-12-22;4;2
26;2025-12-22;5;84
26;2025-12-22;6;496
26;2025-12-22;7;1050
26;2025-12-22;8;1979
26;2025-12-22;9;1396
26;2025-12-22;10;1147
26;2025-12-22;11;1014
26;2025-12-22;12;1027
26;2025-12-22;13;1118
26;2025-12-22;14;1100
26;2025-12-22;15;1219
26;2025-12-22;16;1412
26;2025-12-22;17;1600
26;2025-12-22;18;1776
26;2025-12-22;19;1206
26;2025-12-22;20;745
26;2025-12-22;21;450
26;2025-12-22;22;227
26;2025-12-22;23;112
26;2025-12-23;0;30
26;2025-12-23;1;1
26;2025-12-23;2;0
26;2025-12-23;3;0
26;2025-12-23;4;2
26;2025-12-23;5;83
26;2025-12-23;6;508
26;2025-12-23;7;1056
26;2025-12-23;8;2124
26;2025-12-23;9;1420
26;2025-12-23;10;1147
26;2025-12-23;11;1043
26;2025-12-23;12;1110
26;2025-12-23;13;1124
26;2025-12-23;14;1148
26;2025-12-23;15;1231
26;2025-12-23;16;1440
26;2025-12-23;17;1656
26;2025-12-23;18;1750
26;2025-12-23;19;1252
26;2025-12-23;20;771
26;2025-12-23;21;454
26;2025-12-23;22;235
26;2025-12-23;23;118
26;2025-12-24;0;32
26;2025-12-24;1;1
26;2025-12-24;2;0
26;2025-12-24;3;0
26;2025-12-24;4;2
26;2025-12-24;5;86
26;2025-12-24;6;502
26;2025-12-24;7;1028
26;2025-12-24;8;2096
26;2025-12-24;9;1403
26;2025-12-24;10;1161
26;2025-12-24;11;1064
26;2025-12-24;12;1097
26;2025-12-24;13;1136
26;2025-12-24;14;1226
26;2025-12-24;15;1276
26;2025-12-24;16;1425
26;2025-12-24;17;1562
26;2025-12-24;18;1728
26;2025-12-24;19;1180
26;2025-12-24;20;767
26;2025-12-24;21;484
26;2025-12-24;22;239
26;2025-12-24;23;129
26;2025-12-25;0;36
26;2025-12-25;1;1
26;2025-12-25;2;0
26;2025-12-25;3;0
26;2025-12-25;4;1
26;2025-12-25;5;83
26;2025-12-25;6;486
26;2025-12-25;7;1037
26;2025-12-25;8;2036
26;2025-12-25;9;1445
26;2025-12-25;10;1140
26;2025-12-25;11;1108
26;2025-12-25;12;1082
26;2025-12-25;13;1118
26;2025-12-25;14;1167
26;2025-12-25;15;1278
26;2025-12-25;16;1422
26;2025-12-25;17;1624
26;2025-12-25;18;1765
26;2025-12-25;19;1225
26;2025-12-25;20;766
26;2025-12-25;21;463
26;2025-12-25;22;241
26;2025-12-25;23;136
26;2025-12-26;0;35
26;2025-12-26;1;2
26;2025-12-26;2;0
26;2025-12-26;3;0
26;2025-12-26;4;1
26;2025-12-26;5;84
26;2025-12-26;6;495
26;2025-12-26;7;1030
26;2025-12-26;8;1985
26;2025-12-26;9;1356
26;2025-12-26;10;1160
26;2025-12-26;11;1046
26;2025-12-26;12;1095
26;2025-12-26;13;1154
26;2025-12-26;14;1174
26;2025-12-26;15;1312
26;2025-12-26;16;1533
26;2025-12-26;17;1626
26;2025-12-26;18;1425
26;2025-12-26;19;1092
26;2025-12-26;20;727
26;2025-12-26;21;448
26;2025-12-26;22;242
26;2025-12-26;23;155
26;2025-12-27;0;44
26;2025-12-27;1;2
26;2025-12-27;2;0
26;2025-12-27;3;0
26;2025-12-27;4;2
26;2025-12-27;5;53
26;2025-12-27;6;298
26;2025-12-27;7;473
26;2025-12-27;8;771
26;2025-12-27;9;787
26;2025-12-27;10;823
26;2025-12-27;11;958
26;2025-12-27;12;943
26;2025-12-27;13;988
26;2025-12-27;14;965
26;2025-12-27;15;945
26;2025-12-27;16;936
26;2025-12-27;17;994
26;2025-12-27;18;971
26;2025-12-27;19;834
26;2025-12-27;20;573
26;2025-12-27;21;377
26;2025-12-27;22;226
26;2025-12-27;23;143
26;2025-12-28;0;45
26;2025-12-28;1;4
26;2025-12-28;2;0
26;2025-12-28;3;0
26;2025-12-28;4;2
26;2025-12-28;5;39
26;2025-12-28;6;222
26;2025-12-28;7;395
26;2025-12-28;8;639
26;2025-12-28;9;644
26;2025-12-28;10;635
26;2025-12-28;11;763
26;2025-12-28;12;813
26;2025-12-28;13;826
26;2025-12-28;14;789
26;2025-12-28;15;796
26;2025-12-28;16;806
26;2025-12-28;17;858
26;2025-12-28;18;828
26;2025-12-28;19;663
26;2025-12-28;20;469
26;2025-12-28;21;312
26;2025-12-28;22;206
26;2025-12-28;23;112
26;2025-12-29;0;29
26;2025-12-29;1;3
26;2025-12-29;2;0
26;2025-12-29;3;0
26;2025-12-29;4;2
26;2025-12-29;5;84
26;2025-12-29;6;496
26;2025-12-29;7;1050
26;2025-12-29;8;1979
26;2025-12-29;9;1396
26;2025-12-29;10;1147
26;2025-12-29;11;1014
26;2025-12-29;12;1027
26;2025-12-29;13;1118
26;2025-12-29;14;1100
26;2025-12-29;15;1219
26;2025-12-29;16;1412
26;2025-12-29;17;1600
26;2025-12-29;18;1776
26;2025-12-29;19;1206
26;2025-12-29;20;745
26;2025-12-29;21;450
26;2025-12-29;22;227
26;2025-12-29;23;112
26;2025-12-30;0;30
26;2025-12-30;1;1
26;2025-12-30;2;0
26;2025-12-30;3;0
26;2025-12-30;4;2
26;2025-12-30;5;83
26;2025-12-30;6;508
26;2025-12-30;7;1056
26;2025-12-30;8;2124
26;2025-12-30;9;1420
26;2025-12-30;10;1147
26;2025-12-30;11;1043
26;2025-12-30;12;1110
26;2025-12-30;13;1124
26;2025-12-30;14;1148
26;2025-12-30;15;1231
26;2025-12-30;16;1440
26;2025-12-30;17;1656
26;2025-12-30;18;1750
26;2025-12-30;19;1252
26;2025-12-30;20;771
26;2025-12-30;21;454
26;2025-12-30;22;235
26;2025-12-30;23;118
26;2025-12-31;0;45
26;2025-12-31;1;4
26;2025-12-31;2;0
26;2025-12-31;3;0
26;2025-12-31;4;2
26;2025-12-31;5;39
26;2025-12-31;6;222
26;2025-12-31;7;395
26;2025-12-31;8;639
26;2025-12-31;9;644
26;2025-12-31;10;635
26;2025-12-31;11;763
26;2025-12-31;12;813
26;2025-12-31;13;826
26;2025-12-31;14;789
26;2025-12-31;15;796
26;2025-12-31;16;806
26;2025-12-31;17;858
26;2025-12-31;18;828
26;2025-12-31;19;663
26;2025-12-31;20;469
26;2025-12-31;21;312
26;2025-12-31;22;206
26;2025-12-31;23;112
28;2025-11-01;0;0
28;2025-11-01;1;0
28;2025-11-01;2;0
28;2025-11-01;3;0
28;2025-11-01;4;2
28;2025-11-01;5;76
28;2025-11-01;6;253
28;2025-11-01;7;753
28;2025-11-01;8;1088
28;2025-11-01;9;790
28;2025-11-01;10;598
28;2025-11-01;11;532
28;2025-11-01;12;664
28;2025-11-01;13;684
28;2025-11-01;14;671
28;2025-11-01;15;687
28;2025-11-01;16;918
28;2025-11-01;17;930
28;2025-11-01;18;802
28;2025-11-01;19;613
28;2025-11-01;20;456
28;2025-11-01;21;308
28;2025-11-01;22;144
28;2025-11-01;23;16
28;2025-11-02;0;0
28;2025-11-02;1;0
28;2025-11-02;2;0
28;2025-11-02;3;0
28;2025-11-02;4;0
28;2025-11-02;5;34
28;2025-11-02;6;94
28;2025-11-02;7;200
28;2025-11-02;8;302
28;2025-11-02;9;330
28;2025-11-02;10;346
28;2025-11-02;11;363
28;2025-11-02;12;428
28;2025-11-02;13;475
28;2025-11-02;14;461
28;2025-11-02;15;456
28;2025-11-02;16;454
28;2025-11-02;17;463
28;2025-11-02;18;430
28;2025-11-02;19;366
28;2025-11-02;20;296
28;2025-11-02;21;236
28;2025-11-02;22;111
28;2025-11-02;23;11
28;2025-11-03;0;0
28;2025-11-03;1;0
28;2025-11-03;2;0
28;2025-11-03;3;0
28;2025-11-03;4;0
28;2025-11-03;5;34
28;2025-11-03;6;94
28;2025-11-03;7;200
28;2025-11-03;8;302
28;2025-11-03;9;330
28;2025-11-03;10;346
28;2025-11-03;11;363
28;2025-11-03;12;428
28;2025-11-03;13;475
28;2025-11-03;14;461
28;2025-11-03;15;456
28;2025-11-03;16;454
28;2025-11-03;17;463
28;2025-11-03;18;430
28;2025-11-03;19;366
28;2025-11-03;20;296
28;2025-11-03;21;236
28;2025-11-03;22;111
28;2025-11-03;23;11
28;2025-11-04;0;0
28;2025-11-04;1;0
28;2025-11-04;2;0
28;2025-11-04;3;0
28;2025-11-04;4;0
28;2025-11-04;5;34
28;2025-11-04;6;94
28;2025-11-04;7;200
28;2025-11-04;8;302
28;2025-11-04;9;330
28;2025-11-04;10;346
28;2025-11-04;11;363
28;2025-11-04;12;428
28;2025-11-04;13;475
28;2025-11-04;14;461
28;2025-11-04;15;456
28;2025-11-04;16;454
28;2025-11-04;17;463
28;2025-11-04;18;430
28;2025-11-04;19;366
28;2025-11-04;20;296
28;2025-11-04;21;236
28;2025-11-04;22;111
28;2025-11-04;23;11
28;2025-11-05;0;0
28;2025-11-05;1;0
28;2025-11-05;2;0
28;2025-11-05;3;0
28;2025-11-05;4;2
28;2025-11-05;5;80
28;2025-11-05;6;273
28;2025-11-05;7;750
28;2025-11-05;8;1179
28;2025-11-05;9;806
28;2025-11-05;10;580
28;2025-11-05;11;573
28;2025-11-05;12;648
28;2025-11-05;13;696
28;2025-11-05;14;654
28;2025-11-05;15;676
28;2025-11-05;16;822
28;2025-11-05;17;966
28;2025-11-05;18;916
28;2025-11-05;19;708
28;2025-11-05;20;485
28;2025-11-05;21;310
28;2025-11-05;22;144
28;2025-11-05;23;16
28;2025-11-06;0;0
28;2025-11-06;1;0
28;2025-11-06;2;0
28;2025-11-06;3;0
28;2025-11-06;4;2
28;2025-11-06;5;74
28;2025-11-06;6;270
28;2025-11-06;7;799
28;2025-11-06;8;1223
28;2025-11-06;9;849
28;2025-11-06;10;614
28;2025-11-06;11;532
28;2025-11-06;12;676
28;2025-11-06;13;698
28;2025-11-06;14;645
28;2025-11-06;15;686
28;2025-11-06;16;807
28;2025-11-06;17;924
28;2025-11-06;18;972
28;2025-11-06;19;710
28;2025-11-06;20;524
28;2025-11-06;21;328
28;2025-11-06;22;144
28;2025-11-06;23;14
28;2025-11-07;0;0
28;2025-11-07;1;0
28;2025-11-07;2;0
28;2025-11-07;3;0
28;2025-11-07;4;2
28;2025-11-07;5;76
28;2025-11-07;6;253
28;2025-11-07;7;753
28;2025-11-07;8;1088
28;2025-11-07;9;790
28;2025-11-07;10;598
28;2025-11-07;11;532
28;2025-11-07;12;664
28;2025-11-07;13;684
28;2025-11-07;14;671
28;2025-11-07;15;687
28;2025-11-07;16;918
28;2025-11-07;17;930
28;2025-11-07;18;802
28;2025-11-07;19;613
28;2025-11-07;20;456
28;2025-11-07;21;308
28;2025-11-07;22;144
28;2025-11-07;23;16
28;2025-11-08;0;0
28;2025-11-08;1;0
28;2025-11-08;2;0
28;2025-11-08;3;0
28;2025-11-08;4;1
28;2025-11-08;5;41
28;2025-11-08;6;112
28;2025-11-08;7;252
28;2025-11-08;8;400
28;2025-11-08;9;469
28;2025-11-08;10;460
28;2025-11-08;11;439
28;2025-11-08;12;514
28;2025-11-08;13;559
28;2025-11-08;14;558
28;2025-11-08;15;538
28;2025-11-08;16;524
28;2025-11-08;17;534
28;2025-11-08;18;482
28;2025-11-08;19;414
28;2025-11-08;20;316
28;2025-11-08;21;268
28;2025-11-08;22;130
28;2025-11-08;23;13
28;2025-11-09;0;0
28;2025-11-09;1;0
28;2025-11-09;2;0
28;2025-11-09;3;0
28;2025-11-09;4;0
28;2025-11-09;5;34
28;2025-11-09;6;94
28;2025-11-09;7;200
28;2025-11-09;8;302
28;2025-11-09;9;330
28;2025-11-09;10;346
28;2025-11-09;11;363
28;2025-11-09;12;428
28;2025-11-09;13;475
28;2025-11-09;14;461
28;2025-11-09;15;456
28;2025-11-09;16;454
28;2025-11-09;17;463
28;2025-11-09;18;430
28;2025-11-09;19;366
28;2025-11-09;20;296
28;2025-11-09;21;236
28;2025-11-09;22;111
28;2025-11-09;23;11
28;2025-11-10;0;0
28;2025-11-10;1;0
28;2025-11-10;2;0
28;2025-11-10;3;0
28;2025-11-10;4;2
28;2025-11-10;5;77
28;2025-11-10;6;259
28;2025-11-10;7;743
28;2025-11-10;8;1147
28;2025-11-10;9;824
28;2025-11-10;10;591
28;2025-11-10;11;524
28;2025-11-10;12;637
28;2025-11-10;13;652
28;2025-11-10;14;604
28;2025-11-10;15;622
28;2025-11-10;16;816
28;2025-11-10;17;902
28;2025-11-10;18;911
28;2025-11-10;19;694
28;2025-11-10;20;472
28;2025-11-10;21;298
28;2025-11-10;22;124
28;2025-11-10;23;12
28;2025-11-11;0;0
28;2025-11-11;1;0
28;2025-11-11;2;0
28;2025-11-11;3;0
28;2025-11-11;4;2
28;2025-11-11;5;74
28;2025-11-11;6;256
28;2025-11-11;7;755
28;2025-11-11;8;1153
28;2025-11-11;9;838
28;2025-11-11;10;636
28;2025-11-11;11;540
28;2025-11-11;12;636
28;2025-11-11;13;696
28;2025-11-11;14;636
28;2025-11-11;15;660
28;2025-11-11;16;776
28;2025-11-11;17;922
28;2025-11-11;18;906
28;2025-11-11;19;706
28;2025-11-11;20;512
28;2025-11-11;21;306
28;2025-11-11;22;124
28;2025-11-11;23;14
28;2025-11-12;0;0
28;2025-11-12;1;0
28;2025-11-12;2;0
28;2025-11-12;3;0
28;2025-11-12;4;2
28;2025-11-12;5;80
28;2025-11-12;6;273
28;2025-11-12;7;750
28;2025-11-12;8;1179
28;2025-11-12;9;806
28;2025-11-12;10;580
28;2025-11-12;11;573
28;2025-11-12;12;648
28;2025-11-12;13;696
28;2025-11-12;14;654
28;2025-11-12;15;676
28;2025-11-12;16;822
28;2025-11-12;17;966
28;2025-11-12;18;916
28;2025-11-12;19;708
28;2025-11-12;20;485
28;2025-11-12;21;310
28;2025-11-12;22;144
28;2025-11-12;23;16
28;2025-11-13;0;0
28;2025-11-13;1;0
28;2025-11-13;2;0
28;2025-11-13;3;0
28;2025-11-13;4;2
28;2025-11-13;5;74
28;2025-11-13;6;270
28;2025-11-13;7;799
28;2025-11-13;8;1223
28;2025-11-13;9;849
28;2025-11-13;10;614
28;2025-11-13;11;532
28;2025-11-13;12;676
28;2025-11-13;13;698
28;2025-11-13;14;645
28;2025-11-13;15;686
28;2025-11-13;16;807
28;2025-11-13;17;924
28;2025-11-13;18;972
28;2025-11-13;19;710
28;2025-11-13;20;524
28;2025-11-13;21;328
28;2025-11-13;22;144
28;2025-11-13;23;14
28;2025-11-14;0;0
28;2025-11-14;1;0
28;2025-11-14;2;0
28;2025-11-14;3;0
28;2025-11-14;4;2
28;2025-11-14;5;76
28;2025-11-14;6;253
28;2025-11-14;7;753
28;2025-11-14;8;1088
28;2025-11-14;9;790
28;2025-11-14;10;598
28;2025-11-14;11;532
28;2025-11-14;12;664
28;2025-11-14;13;684
28;2025-11-14;14;671
28;2025-11-14;15;687
28;2025-11-14;16;918
28;2025-11-14;17;930
28;2025-11-14;18;802
28;2025-11-14;19;613
28;2025-11-14;20;456
28;2025-11-14;21;308
28;2025-11-14;22;144
28;2025-11-14;23;16
28;2025-11-15;0;0
28;2025-11-15;1;0
28;2025-11-15;2;0
28;2025-11-15;3;0
28;2025-11-15;4;1
28;2025-11-15;5;41
28;2025-11-15;6;112
28;2025-11-15;7;252
28;2025-11-15;8;400
28;2025-11-15;9;469
28;2025-11-15;10;460
28;2025-11-15;11;439
28;2025-11-15;12;514
28;2025-11-15;13;559
28;2025-11-15;14;558
28;2025-11-15;15;538
28;2025-11-15;16;524
28;2025-11-15;17;534
28;2025-11-15;18;482
28;2025-11-15;19;414
28;2025-11-15;20;316
28;2025-11-15;21;268
28;2025-11-15;22;130
28;2025-11-15;23;13
28;2025-11-16;0;0
28;2025-11-16;1;0
28;2025-11-16;2;0
28;2025-11-16;3;0
28;2025-11-16;4;0
28;2025-11-16;5;34
28;2025-11-16;6;94
28;2025-11-16;7;200
28;2025-11-16;8;302
28;2025-11-16;9;330
28;2025-11-16;10;346
28;2025-11-16;11;363
28;2025-11-16;12;428
28;2025-11-16;13;475
28;2025-11-16;14;461
28;2025-11-16;15;456
28;2025-11-16;16;454
28;2025-11-16;17;463
28;2025-11-16;18;430
28;2025-11-16;19;366
28;2025-11-16;20;296
28;2025-11-16;21;236
28;2025-11-16;22;111
28;2025-11-16;23;11
28;2025-11-17;0;0
28;2025-11-17;1;0
28;2025-11-17;2;0
28;2025-11-17;3;0
28;2025-11-17;4;2
28;2025-11-17;5;77
28;2025-11-17;6;259
28;2025-11-17;7;743
28;2025-11-17;8;1147
28;2025-11-17;9;824
28;2025-11-17;10;591
28;2025-11-17;11;524
28;2025-11-17;12;637
28;2025-11-17;13;652
28;2025-11-17;14;604
28;2025-11-17;15;622
28;2025-11-17;16;816
28;2025-11-17;17;902
28;2025-11-17;18;911
28;2025-11-17;19;694
28;2025-11-17;20;472
28;2025-11-17;21;298
28;2025-11-17;22;124
28;2025-11-17;23;12
28;2025-11-18;0;0
28;2025-11-18;1;0
28;2025-11-18;2;0
28;2025-11-18;3;0
28;2025-11-18;4;2
28;2025-11-18;5;74
28;2025-11-18;6;256
28;2025-11-18;7;755
28;2025-11-18;8;1153
28;2025-11-18;9;838
28;2025-11-18;10;636
28;2025-11-18;11;540
28;2025-11-18;12;636
28;2025-11-18;13;696
28;2025-11-18;14;636
28;2025-11-18;15;660
28;2025-11-18;16;776
28;2025-11-18;17;922
28;2025-11-18;18;906
28;2025-11-18;19;706
28;2025-11-18;20;512
28;2025-11-18;21;306
28;2025-11-18;22;124
28;2025-11-18;23;14
28;2025-11-19;0;0
28;2025-11-19;1;0
28;2025-11-19;2;0
28;2025-11-19;3;0
28;2025-11-19;4;2
28;2025-11-19;5;80
28;2025-11-19;6;273
28;2025-11-19;7;750
28;2025-11-19;8;1179
28;2025-11-19;9;806
28;2025-11-19;10;580
28;2025-11-19;11;573
28;2025-11-19;12;648
28;2025-11-19;13;696
28;2025-11-19;14;654
28;2025-11-19;15;676
28;2025-11-19;16;822
28;2025-11-19;17;966
28;2025-11-19;18;916
28;2025-11-19;19;708
28;2025-11-19;20;485
28;2025-11-19;21;310
28;2025-11-19;22;144
28;2025-11-19;23;16
28;2025-11-20;0;0
28;2025-11-20;1;0
28;2025-11-20;2;0
28;2025-11-20;3;0
28;2025-11-20;4;2
28;2025-11-20;5;74
28;2025-11-20;6;270
28;2025-11-20;7;799
28;2025-11-20;8;1223
28;2025-11-20;9;849
28;2025-11-20;10;614
28;2025-11-20;11;532
28;2025-11-20;12;676
28;2025-11-20;13;698
28;2025-11-20;14;645
28;2025-11-20;15;686
28;2025-11-20;16;807
28;2025-11-20;17;924
28;2025-11-20;18;972
28;2025-11-20;19;710
28;2025-11-20;20;524
28;2025-11-20;21;328
28;2025-11-20;22;144
28;2025-11-20;23;14
28;2025-11-21;0;0
28;2025-11-21;1;0
28;2025-11-21;2;0
28;2025-11-21;3;0
28;2025-11-21;4;2
28;2025-11-21;5;76
28;2025-11-21;6;253
28;2025-11-21;7;753
28;2025-11-21;8;1088
28;2025-11-21;9;790
28;2025-11-21;10;598
28;2025-11-21;11;532
28;2025-11-21;12;664
28;2025-11-21;13;684
28;2025-11-21;14;671
28;2025-11-21;15;687
28;2025-11-21;16;918
28;2025-11-21;17;930
28;2025-11-21;18;802
28;2025-11-21;19;613
28;2025-11-21;20;456
28;2025-11-21;21;308
28;2025-11-21;22;144
28;2025-11-21;23;16
28;2025-11-22;0;0
28;2025-11-22;1;0
28;2025-11-22;2;0
28;2025-11-22;3;0
28;2025-11-22;4;1
28;2025-11-22;5;41
28;2025-11-22;6;112
28;2025-11-22;7;252
28;2025-11-22;8;400
28;2025-11-22;9;469
28;2025-11-22;10;460
28;2025-11-22;11;439
28;2025-11-22;12;514
28;2025-11-22;13;559
28;2025-11-22;14;558
28;2025-11-22;15;538
28;2025-11-22;16;524
28;2025-11-22;17;534
28;2025-11-22;18;482
28;2025-11-22;19;414
28;2025-11-22;20;316
28;2025-11-22;21;268
28;2025-11-22;22;130
28;2025-11-22;23;13
28;2025-11-23;0;0
28;2025-11-23;1;0
28;2025-11-23;2;0
28;2025-11-23;3;0
28;2025-11-23;4;0
28;2025-11-23;5;34
28;2025-11-23;6;94
28;2025-11-23;7;200
28;2025-11-23;8;302
28;2025-11-23;9;330
28;2025-11-23;10;346
28;2025-11-23;11;363
28;2025-11-23;12;428
28;2025-11-23;13;475
28;2025-11-23;14;461
28;2025-11-23;15;456
28;2025-11-23;16;454
28;2025-11-23;17;463
28;2025-11-23;18;430
28;2025-11-23;19;366
28;2025-11-23;20;296
28;2025-11-23;21;236
28;2025-11-23;22;111
28;2025-11-23;23;11
28;2025-11-24;0;0
28;2025-11-24;1;0
28;2025-11-24;2;0
28;2025-11-24;3;0
28;2025-11-24;4;2
28;2025-11-24;5;77
28;2025-11-24;6;259
28;2025-11-24;7;743
28;2025-11-24;8;1147
28;2025-11-24;9;824
28;2025-11-24;10;591
28;2025-11-24;11;524
28;2025-11-24;12;637
28;2025-11-24;13;652
28;2025-11-24;14;604
28;2025-11-24;15;622
28;2025-11-24;16;816
28;2025-11-24;17;902
28;2025-11-24;18;911
28;2025-11-24;19;694
28;2025-11-24;20;472
28;2025-11-24;21;298
28;2025-11-24;22;124
28;2025-11-24;23;12
28;2025-11-25;0;0
28;2025-11-25;1;0
28;2025-11-25;2;0
28;2025-11-25;3;0
28;2025-11-25;4;2
28;2025-11-25;5;74
28;2025-11-25;6;256
28;2025-11-25;7;755
28;2025-11-25;8;1153
28;2025-11-25;9;838
28;2025-11-25;10;636
28;2025-11-25;11;540
28;2025-11-25;12;636
28;2025-11-25;13;696
28;2025-11-25;14;636
28;2025-11-25;15;660
28;2025-11-25;16;776
28;2025-11-25;17;922
28;2025-11-25;18;906
28;2025-11-25;19;706
28;2025-11-25;20;512
28;2025-11-25;21;306
28;2025-11-25;22;124
28;2025-11-25;23;14
28;2025-11-26;0;0
28;2025-11-26;1;0
28;2025-11-26;2;0
28;2025-11-26;3;0
28;2025-11-26;4;2
28;2025-11-26;5;80
28;2025-11-26;6;273
28;2025-11-26;7;750
28;2025-11-26;8;1179
28;2025-11-26;9;806
28;2025-11-26;10;580
28;2025-11-26;11;573
28;2025-11-26;12;648
28;2025-11-26;13;696
28;2025-11-26;14;654
28;2025-11-26;15;676
28;2025-11-26;16;822
28;2025-11-26;17;966
28;2025-11-26;18;916
28;2025-11-26;19;708
28;2025-11-26;20;485
28;2025-11-26;21;310
28;2025-11-26;22;144
28;2025-11-26;23;16
28;2025-11-27;0;0
28;2025-11-27;1;0
28;2025-11-27;2;0
28;2025-11-27;3;0
28;2025-11-27;4;2
28;2025-11-27;5;74
28;2025-11-27;6;270
28;2025-11-27;7;799
28;2025-11-27;8;1223
28;2025-11-27;9;849
28;2025-11-27;10;614
28;2025-11-27;11;532
28;2025-11-27;12;676
28;2025-11-27;13;698
28;2025-11-27;14;645
28;2025-11-27;15;686
28;2025-11-27;16;807
28;2025-11-27;17;924
28;2025-11-27;18;972
28;2025-11-27;19;710
28;2025-11-27;20;524
28;2025-11-27;21;328
28;2025-11-27;22;144
28;2025-11-27;23;14
28;2025-11-28;0;0
28;2025-11-28;1;0
28;2025-11-28;2;0
28;2025-11-28;3;0
28;2025-11-28;4;2
28;2025-11-28;5;76
28;2025-11-28;6;253
28;2025-11-28;7;753
28;2025-11-28;8;1088
28;2025-11-28;9;790
28;2025-11-28;10;598
28;2025-11-28;11;532
28;2025-11-28;12;664
28;2025-11-28;13;684
28;2025-11-28;14;671
28;2025-11-28;15;687
28;2025-11-28;16;918
28;2025-11-28;17;930
28;2025-11-28;18;802
28;2025-11-28;19;613
28;2025-11-28;20;456
28;2025-11-28;21;308
28;2025-11-28;22;144
28;2025-11-28;23;16
28;2025-11-29;0;0
28;2025-11-29;1;0
28;2025-11-29;2;0
28;2025-11-29;3;0
28;2025-11-29;4;1
28;2025-11-29;5;41
28;2025-11-29;6;112
28;2025-11-29;7;252
28;2025-11-29;8;400
28;2025-11-29;9;469
28;2025-11-29;10;460
28;2025-11-29;11;439
28;2025-11-29;12;514
28;2025-11-29;13;559
28;2025-11-29;14;558
28;2025-11-29;15;538
28;2025-11-29;16;524
28;2025-11-29;17;534
28;2025-11-29;18;482
28;2025-11-29;19;414
28;2025-11-29;20;316
28;2025-11-29;21;268
28;2025-11-29;22;130
28;2025-11-29;23;13
28;2025-11-30;0;0
28;2025-11-30;1;0
28;2025-11-30;2;0
28;2025-11-30;3;0
28;2025-11-30;4;0
28;2025-11-30;5;34
28;2025-11-30;6;94
28;2025-11-30;7;200
28;2025-11-30;8;302
28;2025-11-30;9;330
28;2025-11-30;10;346
28;2025-11-30;11;363
28;2025-11-30;12;428
28;2025-11-30;13;475
28;2025-11-30;14;461
28;2025-11-30;15;456
28;2025-11-30;16;454
28;2025-11-30;17;463
28;2025-11-30;18;430
28;2025-11-30;19;366
28;2025-11-30;20;296
28;2025-11-30;21;236
28;2025-11-30;22;111
28;2025-11-30;23;11
28;2025-12-01;0;0
28;2025-12-01;1;0
28;2025-12-01;2;0
28;2025-12-01;3;0
28;2025-12-01;4;2
28;2025-12-01;5;77
28;2025-12-01;6;259
28;2025-12-01;7;743
28;2025-12-01;8;1147
28;2025-12-01;9;824
28;2025-12-01;10;591
28;2025-12-01;11;524
28;2025-12-01;12;637
28;2025-12-01;13;652
28;2025-12-01;14;604
28;2025-12-01;15;622
28;2025-12-01;16;816
28;2025-12-01;17;902
28;2025-12-01;18;911
28;2025-12-01;19;694
28;2025-12-01;20;472
28;2025-12-01;21;298
28;2025-12-01;22;124
28;2025-12-01;23;12
28;2025-12-02;0;0
28;2025-12-02;1;0
28;2025-12-02;2;0
28;2025-12-02;3;0
28;2025-12-02;4;2
28;2025-12-02;5;74
28;2025-12-02;6;256
28;2025-12-02;7;755
28;2025-12-02;8;1153
28;2025-12-02;9;838
28;2025-12-02;10;636
28;2025-12-02;11;540
28;2025-12-02;12;636
28;2025-12-02;13;696
28;2025-12-02;14;636
28;2025-12-02;15;660
28;2025-12-02;16;776
28;2025-12-02;17;922
28;2025-12-02;18;906
28;2025-12-02;19;706
28;2025-12-02;20;512
28;2025-12-02;21;306
28;2025-12-02;22;124
28;2025-12-02;23;14
28;2025-12-03;0;0
28;2025-12-03;1;0
28;2025-12-03;2;0
28;2025-12-03;3;0
28;2025-12-03;4;2
28;2025-12-03;5;80
28;2025-12-03;6;273
28;2025-12-03;7;750
28;2025-12-03;8;1179
28;2025-12-03;9;806
28;2025-12-03;10;580
28;2025-12-03;11;573
28;2025-12-03;12;648
28;2025-12-03;13;696
28;2025-12-03;14;654
28;2025-12-03;15;676
28;2025-12-03;16;822
28;2025-12-03;17;966
28;2025-12-03;18;916
28;2025-12-03;19;708
28;2025-12-03;20;485
28;2025-12-03;21;310
28;2025-12-03;22;144
28;2025-12-03;23;16
28;2025-12-04;0;0
28;2025-12-04;1;0
28;2025-12-04;2;0
28;2025-12-04;3;0
28;2025-12-04;4;2
28;2025-12-04;5;74
28;2025-12-04;6;270
28;2025-12-04;7;799
28;2025-12-04;8;1223
28;2025-12-04;9;849
28;2025-12-04;10;614
28;2025-12-04;11;532
28;2025-12-04;12;676
28;2025-12-04;13;698
28;2025-12-04;14;645
28;2025-12-04;15;686
28;2025-12-04;16;807
28;2025-12-04;17;924
28;2025-12-04;18;972
28;2025-12-04;19;710
28;2025-12-04;20;524
28;2025-12-04;21;328
28;2025-12-04;22;144
28;2025-12-04;23;14
28;2025-12-05;0;0
28;2025-12-05;1;0
28;2025-12-05;2;0
28;2025-12-05;3;0
28;2025-12-05;4;2
28;2025-12-05;5;76
28;2025-12-05;6;253
28;2025-12-05;7;753
28;2025-12-05;8;1088
28;2025-12-05;9;790
28;2025-12-05;10;598
28;2025-12-05;11;532
28;2025-12-05;12;664
28;2025-12-05;13;684
28;2025-12-05;14;671
28;2025-12-05;15;687
28;2025-12-05;16;918
28;2025-12-05;17;930
28;2025-12-05;18;802
28;2025-12-05;19;613
28;2025-12-05;20;456
28;2025-12-05;21;308
28;2025-12-05;22;144
28;2025-12-05;23;16
28;2025-12-06;0;0
28;2025-12-06;1;0
28;2025-12-06;2;0
28;2025-12-06;3;0
28;2025-12-06;4;1
28;2025-12-06;5;41
28;2025-12-06;6;112
28;2025-12-06;7;252
28;2025-12-06;8;400
28;2025-12-06;9;469
28;2025-12-06;10;460
28;2025-12-06;11;439
28;2025-12-06;12;514
28;2025-12-06;13;559
28;2025-12-06;14;558
28;2025-12-06;15;538
28;2025-12-06;16;524
28;2025-12-06;17;534
28;2025-12-06;18;482
28;2025-12-06;19;414
28;2025-12-06;20;316
28;2025-12-06;21;268
28;2025-12-06;22;130
28;2025-12-06;23;13
28;2025-12-07;0;0
28;2025-12-07;1;0
28;2025-12-07;2;0
28;2025-12-07;3;0
28;2025-12-07;4;0
28;2025-12-07;5;34
28;2025-12-07;6;94
28;2025-12-07;7;200
28;2025-12-07;8;302
28;2025-12-07;9;330
28;2025-12-07;10;346
28;2025-12-07;11;363
28;2025-12-07;12;428
28;2025-12-07;13;475
28;2025-12-07;14;461
28;2025-12-07;15;456
28;2025-12-07;16;454
28;2025-12-07;17;463
28;2025-12-07;18;430
28;2025-12-07;19;366
28;2025-12-07;20;296
28;2025-12-07;21;236
28;2025-12-07;22;111
28;2025-12-07;23;11
28;2025-12-08;0;0
28;2025-12-08;1;0
28;2025-12-08;2;0
28;2025-12-08;3;0
28;2025-12-08;4;2
28;2025-12-08;5;77
28;2025-12-08;6;259
28;2025-12-08;7;743
28;2025-12-08;8;1147
28;2025-12-08;9;824
28;2025-12-08;10;591
28;2025-12-08;11;524
28;2025-12-08;12;637
28;2025-12-08;13;652
28;2025-12-08;14;604
28;2025-12-08;15;622
28;2025-12-08;16;816
28;2025-12-08;17;902
28;2025-12-08;18;911
28;2025-12-08;19;694
28;2025-12-08;20;472
28;2025-12-08;21;298
28;2025-12-08;22;124
28;2025-12-08;23;12
28;2025-12-09;0;0
28;2025-12-09;1;0
28;2025-12-09;2;0
28;2025-12-09;3;0
28;2025-12-09;4;2
28;2025-12-09;5;74
28;2025-12-09;6;256
28;2025-12-09;7;755
28;2025-12-09;8;1153
28;2025-12-09;9;838
28;2025-12-09;10;636
28;2025-12-09;11;540
28;2025-12-09;12;636
28;2025-12-09;13;696
28;2025-12-09;14;636
28;2025-12-09;15;660
28;2025-12-09;16;776
28;2025-12-09;17;922
28;2025-12-09;18;906
28;2025-12-09;19;706
28;2025-12-09;20;512
28;2025-12-09;21;306
28;2025-12-09;22;124
28;2025-12-09;23;14
28;2025-12-10;0;0
28;2025-12-10;1;0
28;2025-12-10;2;0
28;2025-12-10;3;0
28;2025-12-10;4;2
28;2025-12-10;5;80
28;2025-12-10;6;273
28;2025-12-10;7;750
28;2025-12-10;8;1179
28;2025-12-10;9;806
28;2025-12-10;10;580
28;2025-12-10;11;573
28;2025-12-10;12;648
28;2025-12-10;13;696
28;2025-12-10;14;654
28;2025-12-10;15;676
28;2025-12-10;16;822
28;2025-12-10;17;966
28;2025-12-10;18;916
28;2025-12-10;19;708
28;2025-12-10;20;485
28;2025-12-10;21;310
28;2025-12-10;22;144
28;2025-12-10;23;16
28;2025-12-11;0;0
28;2025-12-11;1;0
28;2025-12-11;2;0
28;2025-12-11;3;0
28;2025-12-11;4;2
28;2025-12-11;5;74
28;2025-12-11;6;270
28;2025-12-11;7;799
28;2025-12-11;8;1223
28;2025-12-11;9;849
28;2025-12-11;10;614
28;2025-12-11;11;532
28;2025-12-11;12;676
28;2025-12-11;13;698
28;2025-12-11;14;645
28;2025-12-11;15;686
28;2025-12-11;16;807
28;2025-12-11;17;924
28;2025-12-11;18;972
28;2025-12-11;19;710
28;2025-12-11;20;524
28;2025-12-11;21;328
28;2025-12-11;22;144
28;2025-12-11;23;14
28;2025-12-12;0;0
28;2025-12-12;1;0
28;2025-12-12;2;0
28;2025-12-12;3;0
28;2025-12-12;4;2
28;2025-12-12;5;76
28;2025-12-12;6;253
28;2025-12-12;7;753
28;2025-12-12;8;1088
28;2025-12-12;9;790
28;2025-12-12;10;598
28;2025-12-12;11;532
28;2025-12-12;12;664
28;2025-12-12;13;684
28;2025-12-12;14;671
28;2025-12-12;15;687
28;2025-12-12;16;918
28;2025-12-12;17;930
28;2025-12-12;18;802
28;2025-12-12;19;613
28;2025-12-12;20;456
28;2025-12-12;21;308
28;2025-12-12;22;144
28;2025-12-12;23;16
28;2025-12-13;0;0
28;2025-12-13;1;0
28;2025-12-13;2;0
28;2025-12-13;3;0
28;2025-12-13;4;1
28;2025-12-13;5;41
28;2025-12-13;6;112
28;2025-12-13;7;252
28;2025-12-13;8;400
28;2025-12-13;9;469
28;2025-12-13;10;460
28;2025-12-13;11;439
28;2025-12-13;12;514
28;2025-12-13;13;559
28;2025-12-13;14;558
28;2025-12-13;15;538
28;2025-12-13;16;524
28;2025-12-13;17;534
28;2025-12-13;18;482
28;2025-12-13;19;414
28;2025-12-13;20;316
28;2025-12-13;21;268
28;2025-12-13;22;130
28;2025-12-13;23;13
28;2025-12-14;0;0
28;2025-12-14;1;0
28;2025-12-14;2;0
28;2025-12-14;3;0
28;2025-12-14;4;0
28;2025-12-14;5;34
28;2025-12-14;6;94
28;2025-12-14;7;200
28;2025-12-14;8;302
28;2025-12-14;9;330
28;2025-12-14;10;346
28;2025-12-14;11;363
28;2025-12-14;12;428
28;2025-12-14;13;475
28;2025-12-14;14;461
28;2025-12-14;15;456
28;2025-12-14;16;454
28;2025-12-14;17;463
28;2025-12-14;18;430
28;2025-12-14;19;366
28;2025-12-14;20;296
28;2025-12-14;21;236
28;2025-12-14;22;111
28;2025-12-14;23;11
28;2025-12-15;0;0
28;2025-12-15;1;0
28;2025-12-15;2;0
28;2025-12-15;3;0
28;2025-12-15;4;2
28;2025-12-15;5;77
28;2025-12-15;6;259
28;2025-12-15;7;743
28;2025-12-15;8;1147
28;2025-12-15;9;824
28;2025-12-15;10;591
28;2025-12-15;11;524
28;2025-12-15;12;637
28;2025-12-15;13;652
28;2025-12-15;14;604
28;2025-12-15;15;622
28;2025-12-15;16;816
28;2025-12-15;17;902
28;2025-12-15;18;911
28;2025-12-15;19;694
28;2025-12-15;20;472
28;2025-12-15;21;298
28;2025-12-15;22;124
28;2025-12-15;23;12
28;2025-12-16;0;0
28;2025-12-16;1;0
28;2025-12-16;2;0
28;2025-12-16;3;0
28;2025-12-16;4;2
28;2025-12-16;5;74
28;2025-12-16;6;256
28;2025-12-16;7;755
28;2025-12-16;8;1153
28;2025-12-16;9;838
28;2025-12-16;10;636
28;2025-12-16;11;540
28;2025-12-16;12;636
28;2025-12-16;13;696
28;2025-12-16;14;636
28;2025-12-16;15;660
28;2025-12-16;16;776
28;2025-12-16;17;922
28;2025-12-16;18;906
28;2025-12-16;19;706
28;2025-12-16;20;512
28;2025-12-16;21;306
28;2025-12-16;22;124
28;2025-12-16;23;14
28;2025-12-17;0;0
28;2025-12-17;1;0
28;2025-12-17;2;0
28;2025-12-17;3;0
28;2025-12-17;4;2
28;2025-12-17;5;80
28;2025-12-17;6;273
28;2025-12-17;7;750
28;2025-12-17;8;1179
28;2025-12-17;9;806
28;2025-12-17;10;580
28;2025-12-17;11;573
28;2025-12-17;12;648
28;2025-12-17;13;696
28;2025-12-17;14;654
28;2025-12-17;15;676
28;2025-12-17;16;822
28;2025-12-17;17;966
28;2025-12-17;18;916
28;2025-12-17;19;708
28;2025-12-17;20;485
28;2025-12-17;21;310
28;2025-12-17;22;144
28;2025-12-17;23;16
28;2025-12-18;0;0
28;2025-12-18;1;0
28;2025-12-18;2;0
28;2025-12-18;3;0
28;2025-12-18;4;2
28;2025-12-18;5;74
28;2025-12-18;6;270
28;2025-12-18;7;799
28;2025-12-18;8;1223
28;2025-12-18;9;849
28;2025-12-18;10;614
28;2025-12-18;11;532
28;2025-12-18;12;676
28;2025-12-18;13;698
28;2025-12-18;14;645
28;2025-12-18;15;686
28;2025-12-18;16;807
28;2025-12-18;17;924
28;2025-12-18;18;972
28;2025-12-18;19;710
28;2025-12-18;20;524
28;2025-12-18;21;328
28;2025-12-18;22;144
28;2025-12-18;23;14
28;2025-12-19;0;0
28;2025-12-19;1;0
28;2025-12-19;2;0
28;2025-12-19;3;0
28;2025-12-19;4;2
28;2025-12-19;5;76
28;2025-12-19;6;253
28;2025-12-19;7;753
28;2025-12-19;8;1088
28;2025-12-19;9;790
28;2025-12-19;10;598
28;2025-12-19;11;532
28;2025-12-19;12;664
28;2025-12-19;13;684
28;2025-12-19;14;671
28;2025-12-19;15;687
28;2025-12-19;16;918
28;2025-12-19;17;930
28;2025-12-19;18;802
28;2025-12-19;19;613
28;2025-12-19;20;456
28;2025-12-19;21;308
28;2025-12-19;22;144
28;2025-12-19;23;16
28;2025-12-20;0;0
28;2025-12-20;1;0
28;2025-12-20;2;0
28;2025-12-20;3;0
28;2025-12-20;4;1
28;2025-12-20;5;41
28;2025-12-20;6;112
28;2025-12-20;7;252
28;2025-12-20;8;400
28;2025-12-20;9;469
28;2025-12-20;10;460
28;2025-12-20;11;439
28;2025-12-20;12;514
28;2025-12-20;13;559
28;2025-12-20;14;558
28;2025-12-20;15;538
28;2025-12-20;16;524
28;2025-12-20;17;534
28;2025-12-20;18;482
28;2025-12-20;19;414
28;2025-12-20;20;316
28;2025-12-20;21;268
28;2025-12-20;22;130
28;2025-12-20;23;13
28;2025-12-21;0;0
28;2025-12-21;1;0
28;2025-12-21;2;0
28;2025-12-21;3;0
28;2025-12-21;4;0
28;2025-12-21;5;34
28;2025-12-21;6;94
28;2025-12-21;7;200
28;2025-12-21;8;302
28;2025-12-21;9;330
28;2025-12-21;10;346
28;2025-12-21;11;363
28;2025-12-21;12;428
28;2025-12-21;13;475
28;2025-12-21;14;461
28;2025-12-21;15;456
28;2025-12-21;16;454
28;2025-12-21;17;463
28;2025-12-21;18;430
28;2025-12-21;19;366
28;2025-12-21;20;296
28;2025-12-21;21;236
28;2025-12-21;22;111
28;2025-12-21;23;11
28;2025-12-22;0;0
28;2025-12-22;1;0
28;2025-12-22;2;0
28;2025-12-22;3;0
28;2025-12-22;4;2
28;2025-12-22;5;77
28;2025-12-22;6;259
28;2025-12-22;7;743
28;2025-12-22;8;1147
28;2025-12-22;9;824
28;2025-12-22;10;591
28;2025-12-22;11;524
28;2025-12-22;12;637
28;2025-12-22;13;652
28;2025-12-22;14;604
28;2025-12-22;15;622
28;2025-12-22;16;816
28;2025-12-22;17;902
28;2025-12-22;18;911
28;2025-12-22;19;694
28;2025-12-22;20;472
28;2025-12-22;21;298
28;2025-12-22;22;124
28;2025-12-22;23;12
28;2025-12-23;0;0
28;2025-12-23;1;0
28;2025-12-23;2;0
28;2025-12-23;3;0
28;2025-12-23;4;2
28;2025-12-23;5;74
28;2025-12-23;6;256
28;2025-12-23;7;755
28;2025-12-23;8;1153
28;2025-12-23;9;838
28;2025-12-23;10;636
28;2025-12-23;11;540
28;2025-12-23;12;636
28;2025-12-23;13;696
28;2025-12-23;14;636
28;2025-12-23;15;660
28;2025-12-23;16;776
28;2025-12-23;17;922
28;2025-12-23;18;906
28;2025-12-23;19;706
28;2025-12-23;20;512
28;2025-12-23;21;306
28;2025-12-23;22;124
28;2025-12-23;23;14
28;2025-12-24;0;0
28;2025-12-24;1;0
28;2025-12-24;2;0
28;2025-12-24;3;0
28;2025-12-24;4;2
28;2025-12-24;5;80
28;2025-12-24;6;273
28;2025-12-24;7;750
28;2025-12-24;8;1179
28;2025-12-24;9;806
28;2025-12-24;10;580
28;2025-12-24;11;573
28;2025-12-24;12;648
28;2025-12-24;13;696
28;2025-12-24;14;654
28;2025-12-24;15;676
28;2025-12-24;16;822
28;2025-12-24;17;966
28;2025-12-24;18;916
28;2025-12-24;19;708
28;2025-12-24;20;485
28;2025-12-24;21;310
28;2025-12-24;22;144
28;2025-12-24;23;16
28;2025-12-25;0;0
28;2025-12-25;1;0
28;2025-12-25;2;0
28;2025-12-25;3;0
28;2025-12-25;4;2
28;2025-12-25;5;74
28;2025-12-25;6;270
28;2025-12-25;7;799
28;2025-12-25;8;1223
28;2025-12-25;9;849
28;2025-12-25;10;614
28;2025-12-25;11;532
28;2025-12-25;12;676
28;2025-12-25;13;698
28;2025-12-25;14;645
28;2025-12-25;15;686
28;2025-12-25;16;807
28;2025-12-25;17;924
28;2025-12-25;18;972
28;2025-12-25;19;710
28;2025-12-25;20;524
28;2025-12-25;21;328
28;2025-12-25;22;144
28;2025-12-25;23;14
28;2025-12-26;0;0
28;2025-12-26;1;0
28;2025-12-26;2;0
28;2025-12-26;3;0
28;2025-12-26;4;2
28;2025-12-26;5;76
28;2025-12-26;6;253
28;2025-12-26;7;753
28;2025-12-26;8;1088
28;2025-12-26;9;790
28;2025-12-26;10;598
28;2025-12-26;11;532
28;2025-12-26;12;664
28;2025-12-26;13;684
28;2025-12-26;14;671
28;2025-12-26;15;687
28;2025-12-26;16;918
28;2025-12-26;17;930
28;2025-12-26;18;802
28;2025-12-26;19;613
28;2025-12-26;20;456
28;2025-12-26;21;308
28;2025-12-26;22;144
28;2025-12-26;23;16
28;2025-12-27;0;0
28;2025-12-27;1;0
28;2025-12-27;2;0
28;2025-12-27;3;0
28;2025-12-27;4;1
28;2025-12-27;5;41
28;2025-12-27;6;112
28;2025-12-27;7;252
28;2025-12-27;8;400
28;2025-12-27;9;469
28;2025-12-27;10;460
28;2025-12-27;11;439
28;2025-12-27;12;514
28;2025-12-27;13;559
28;2025-12-27;14;558
28;2025-12-27;15;538
28;2025-12-27;16;524
28;2025-12-27;17;534
28;2025-12-27;18;482
28;2025-12-27;19;414
28;2025-12-27;20;316
28;2025-12-27;21;268
28;2025-12-27;22;130
28;2025-12-27;23;13
28;2025-12-28;0;0
28;2025-12-28;1;0
28;2025-12-28;2;0
28;2025-12-28;3;0
28;2025-12-28;4;0
28;2025-12-28;5;34
28;2025-12-28;6;94
28;2025-12-28;7;200
28;2025-12-28;8;302
28;2025-12-28;9;330
28;2025-12-28;10;346
28;2025-12-28;11;363
28;2025-12-28;12;428
28;2025-12-28;13;475
28;2025-12-28;14;461
28;2025-12-28;15;456
28;2025-12-28;16;454
28;2025-12-28;17;463
28;2025-12-28;18;430
28;2025-12-28;19;366
28;2025-12-28;20;296
28;2025-12-28;21;236
28;2025-12-28;22;111
28;2025-12-28;23;11
28;2025-12-29;0;0
28;2025-12-29;1;0
28;2025-12-29;2;0
28;2025-12-29;3;0
28;2025-12-29;4;2
28;2025-12-29;5;77
28;2025-12-29;6;259
28;2025-12-29;7;743
28;2025-12-29;8;1147
28;2025-12-29;9;824
28;2025-12-29;10;591
28;2025-12-29;11;524
28;2025-12-29;12;637
28;2025-12-29;13;652
28;2025-12-29;14;604
28;2025-12-29;15;622
28;2025-12-29;16;816
28;2025-12-29;17;902
28;2025-12-29;18;911
28;2025-12-29;19;694
28;2025-12-29;20;472
28;2025-12-29;21;298
28;2025-12-29;22;124
28;2025-12-29;23;12
28;2025-12-30;0;0
28;2025-12-30;1;0
28;2025-12-30;2;0
28;2025-12-30;3;0
28;2025-12-30;4;2
28;2025-12-30;5;74
28;2025-12-30;6;256
28;2025-12-30;7;755
28;2025-12-30;8;1153
28;2025-12-30;9;838
28;2025-12-30;10;636
28;2025-12-30;11;540
28;2025-12-30;12;636
28;2025-12-30;13;696
28;2025-12-30;14;636
28;2025-12-30;15;660
28;2025-12-30;16;776
28;2025-12-30;17;922
28;2025-12-30;18;906
28;2025-12-30;19;706
28;2025-12-30;20;512
28;2025-12-30;21;306
28;2025-12-30;22;124
28;2025-12-30;23;14
28;2025-12-31;0;0
28;2025-12-31;1;0
28;2025-12-31;2;0
28;2025-12-31;3;0
28;2025-12-31;4;0
28;2025-12-31;5;34
28;2025-12-31;6;94
28;2025-12-31;7;200
28;2025-12-31;8;302
28;2025-12-31;9;330
28;2025-12-31;10;346
28;2025-12-31;11;363
28;2025-12-31;12;428
28;2025-12-31;13;475
28;2025-12-31;14;461
28;2025-12-31;15;456
28;2025-12-31;16;454
28;2025-12-31;17;463
28;2025-12-31;18;430
28;2025-12-31;19;366
28;2025-12-31;20;296
28;2025-12-31;21;236
28;2025-12-31;22;111
28;2025-12-31;23;11
50;2025-11-01;0;39
50;2025-11-01;1;2
50;2025-11-01;2;0
50;2025-11-01;3;0
50;2025-11-01;4;2
50;2025-11-01;5;65
50;2025-11-01;6;544
50;2025-11-01;7;1655
50;2025-11-01;8;2549
50;2025-11-01;9;2012
50;2025-11-01;10;1514
50;2025-11-01;11;1593
50;2025-11-01;12;1502
50;2025-11-01;13;1456
50;2025-11-01;14;1421
50;2025-11-01;15;1744
50;2025-11-01;16;2044
50;2025-11-01;17;2167
50;2025-11-01;18;1780
50;2025-11-01;19;1231
50;2025-11-01;20;811
50;2025-11-01;21;556
50;2025-11-01;22;311
50;2025-11-01;23;179
50;2025-11-02;0;47
50;2025-11-02;1;4
50;2025-11-02;2;0
50;2025-11-02;3;0
50;2025-11-02;4;1
50;2025-11-02;5;27
50;2025-11-02;6;131
50;2025-11-02;7;232
50;2025-11-02;8;340
50;2025-11-02;9;453
50;2025-11-02;10;480
50;2025-11-02;11;621
50;2025-11-02;12;677
50;2025-11-02;13;739
50;2025-11-02;14;723
50;2025-11-02;15;672
50;2025-11-02;16;649
50;2025-11-02;17;670
50;2025-11-02;18;619
50;2025-11-02;19;548
50;2025-11-02;20;432
50;2025-11-02;21;339
50;2025-11-02;22;211
50;2025-11-02;23;117
50;2025-11-03;0;46
50;2025-11-03;1;4
50;2025-11-03;2;0
50;2025-11-03;3;0
50;2025-11-03;4;1
50;2025-11-03;5;26
50;2025-11-03;6;130
50;2025-11-03;7;231
50;2025-11-03;8;338
50;2025-11-03;9;433
50;2025-11-03;10;459
50;2025-11-03;11;575
50;2025-11-03;12;602
50;2025-11-03;13;643
50;2025-11-03;14;639
50;2025-11-03;15;614
50;2025-11-03;16;606
50;2025-11-03;17;620
50;2025-11-03;18;576
50;2025-11-03;19;502
50;2025-11-03;20;399
50;2025-11-03;21;314
50;2025-11-03;22;197
50;2025-11-03;23;109
50;2025-11-04;0;43
50;2025-11-04;1;3
50;2025-11-04;2;0
50;2025-11-04;3;0
50;2025-11-04;4;1
50;2025-11-04;5;23
50;2025-11-04;6;122
50;2025-11-04;7;214
50;2025-11-04;8;316
50;2025-11-04;9;405
50;2025-11-04;10;427
50;2025-11-04;11;531
50;2025-11-04;12;572
50;2025-11-04;13;657
50;2025-11-04;14;664
50;2025-11-04;15;622
50;2025-11-04;16;614
50;2025-11-04;17;628
50;2025-11-04;18;583
50;2025-11-04;19;514
50;2025-11-04;20;414
50;2025-11-04;21;327
50;2025-11-04;22;205
50;2025-11-04;23;113
50;2025-11-05;0;34
50;2025-11-05;1;3
50;2025-11-05;2;0
50;2025-11-05;3;0
50;2025-11-05;4;3
50;2025-11-05;5;70
50;2025-11-05;6;547
50;2025-11-05;7;1702
50;2025-11-05;8;2625
50;2025-11-05;9;2077
50;2025-11-05;10;1628
50;2025-11-05;11;1550
50;2025-11-05;12;1457
50;2025-11-05;13;1465
50;2025-11-05;14;1408
50;2025-11-05;15;1625
50;2025-11-05;16;1676
50;2025-11-05;17;2364
50;2025-11-05;18;2436
50;2025-11-05;19;1449
50;2025-11-05;20;859
50;2025-11-05;21;614
50;2025-11-05;22;290
50;2025-11-05;23;151
50;2025-11-06;0;39
50;2025-11-06;1;2
50;2025-11-06;2;0
50;2025-11-06;3;0
50;2025-11-06;4;2
50;2025-11-06;5;68
50;2025-11-06;6;555
50;2025-11-06;7;1752
50;2025-11-06;8;2648
50;2025-11-06;9;2077
50;2025-11-06;10;1672
50;2025-11-06;11;1519
50;2025-11-06;12;1464
50;2025-11-06;13;1455
50;2025-11-06;14;1344
50;2025-11-06;15;1485
50;2025-11-06;16;1716
50;2025-11-06;17;2283
50;2025-11-06;18;2437
50;2025-11-06;19;1456
50;2025-11-06;20;938
50;2025-11-06;21;661
50;2025-11-06;22;296
50;2025-11-06;23;154
50;2025-11-07;0;40
50;2025-11-07;1;3
50;2025-11-07;2;0
50;2025-11-07;3;0
50;2025-11-07;4;3
50;2025-11-07;5;66
50;2025-11-07;6;548
50;2025-11-07;7;1673
50;2025-11-07;8;2566
50;2025-11-07;9;2000
50;2025-11-07;10;1508
50;2025-11-07;11;1592
50;2025-11-07;12;1490
50;2025-11-07;13;1439
50;2025-11-07;14;1377
50;2025-11-07;15;1682
50;2025-11-07;16;1971
50;2025-11-07;17;2091
50;2025-11-07;18;1727
50;2025-11-07;19;1196
50;2025-11-07;20;789
50;2025-11-07;21;537
50;2025-11-07;22;300
50;2025-11-07;23;173
50;2025-11-08;0;57
50;2025-11-08;1;3
50;2025-11-08;2;0
50;2025-11-08;3;0
50;2025-11-08;4;1
50;2025-11-08;5;29
50;2025-11-08;6;159
50;2025-11-08;7;343
50;2025-11-08;8;516
50;2025-11-08;9;578
50;2025-11-08;10;598
50;2025-11-08;11;719
50;2025-11-08;12;744
50;2025-11-08;13;782
50;2025-11-08;14;783
50;2025-11-08;15;727
50;2025-11-08;16;694
50;2025-11-08;17;735
50;2025-11-08;18;647
50;2025-11-08;19;593
50;2025-11-08;20;452
50;2025-11-08;21;359
50;2025-11-08;22;227
50;2025-11-08;23;141
50;2025-11-09;0;46
50;2025-11-09;1;3
50;2025-11-09;2;0
50;2025-11-09;3;0
50;2025-11-09;4;1
50;2025-11-09;5;24
50;2025-11-09;6;126
50;2025-11-09;7;221
50;2025-11-09;8;322
50;2025-11-09;9;426
50;2025-11-09;10;458
50;2025-11-09;11;592
50;2025-11-09;12;652
50;2025-11-09;13;705
50;2025-11-09;14;689
50;2025-11-09;15;645
50;2025-11-09;16;624
50;2025-11-09;17;633
50;2025-11-09;18;578
50;2025-11-09;19;506
50;2025-11-09;20;413
50;2025-11-09;21;321
50;2025-11-09;22;199
50;2025-11-09;23;112
50;2025-11-10;0;34
50;2025-11-10;1;4
50;2025-11-10;2;0
50;2025-11-10;3;0
50;2025-11-10;4;4
50;2025-11-10;5;70
50;2025-11-10;6;546
50;2025-11-10;7;1762
50;2025-11-10;8;2786
50;2025-11-10;9;2188
50;2025-11-10;10;1684
50;2025-11-10;11;1551
50;2025-11-10;12;1408
50;2025-11-10;13;1438
50;2025-11-10;14;1380
50;2025-11-10;15;1575
50;2025-11-10;16;1656
50;2025-11-10;17;2369
50;2025-11-10;18;2529
50;2025-11-10;19;1508
50;2025-11-10;20;907
50;2025-11-10;21;614
50;2025-11-10;22;266
50;2025-11-10;23;128
50;2025-11-11;0;36
50;2025-11-11;1;3
50;2025-11-11;2;0
50;2025-11-11;3;0
50;2025-11-11;4;3
50;2025-11-11;5;69
50;2025-11-11;6;590
50;2025-11-11;7;1833
50;2025-11-11;8;2863
50;2025-11-11;9;2262
50;2025-11-11;10;1735
50;2025-11-11;11;1623
50;2025-11-11;12;1549
50;2025-11-11;13;1518
50;2025-11-11;14;1441
50;2025-11-11;15;1678
50;2025-11-11;16;1633
50;2025-11-11;17;2411
50;2025-11-11;18;2654
50;2025-11-11;19;1529
50;2025-11-11;20;976
50;2025-11-11;21;651
50;2025-11-11;22;291
50;2025-11-11;23;134
50;2025-11-12;0;37
50;2025-11-12;1;5
50;2025-11-12;2;0
50;2025-11-12;3;0
50;2025-11-12;4;4
50;2025-11-12;5;72
50;2025-11-12;6;570
50;2025-11-12;7;1772
50;2025-11-12;8;2731
50;2025-11-12;9;2172
50;2025-11-12;10;1696
50;2025-11-12;11;1614
50;2025-11-12;12;1517
50;2025-11-12;13;1517
50;2025-11-12;14;1460
50;2025-11-12;15;1684
50;2025-11-12;16;1733
50;2025-11-12;17;2457
50;2025-11-12;18;2538
50;2025-11-12;19;1511
50;2025-11-12;20;885
50;2025-11-12;21;635
50;2025-11-12;22;297
50;2025-11-12;23;155
50;2025-11-13;0;40
50;2025-11-13;1;3
50;2025-11-13;2;0
50;2025-11-13;3;0
50;2025-11-13;4;3
50;2025-11-13;5;70
50;2025-11-13;6;571
50;2025-11-13;7;1802
50;2025-11-13;8;2731
50;2025-11-13;9;2174
50;2025-11-13;10;1743
50;2025-11-13;11;1582
50;2025-11-13;12;1528
50;2025-11-13;13;1507
50;2025-11-13;14;1418
50;2025-11-13;15;1604
50;2025-11-13;16;1779
50;2025-11-13;17;2370
50;2025-11-13;18;2523
50;2025-11-13;19;1512
50;2025-11-13;20;969
50;2025-11-13;21;679
50;2025-11-13;22;304
50;2025-11-13;23;158
50;2025-11-14;0;41
50;2025-11-14;1;4
50;2025-11-14;2;0
50;2025-11-14;3;0
50;2025-11-14;4;3
50;2025-11-14;5;67
50;2025-11-14;6;558
50;2025-11-14;7;1712
50;2025-11-14;8;2635
50;2025-11-14;9;2052
50;2025-11-14;10;1544
50;2025-11-14;11;1626
50;2025-11-14;12;1528
50;2025-11-14;13;1474
50;2025-11-14;14;1407
50;2025-11-14;15;1724
50;2025-11-14;16;2020
50;2025-11-14;17;2147
50;2025-11-14;18;1775
50;2025-11-14;19;1226
50;2025-11-14;20;813
50;2025-11-14;21;551
50;2025-11-14;22;307
50;2025-11-14;23;176
50;2025-11-15;0;54
50;2025-11-15;1;3
50;2025-11-15;2;0
50;2025-11-15;3;0
50;2025-11-15;4;1
50;2025-11-15;5;26
50;2025-11-15;6;144
50;2025-11-15;7;313
50;2025-11-15;8;469
50;2025-11-15;9;508
50;2025-11-15;10;515
50;2025-11-15;11;626
50;2025-11-15;12;664
50;2025-11-15;13;707
50;2025-11-15;14;715
50;2025-11-15;15;669
50;2025-11-15;16;634
50;2025-11-15;17;677
50;2025-11-15;18;598
50;2025-11-15;19;554
50;2025-11-15;20;431
50;2025-11-15;21;343
50;2025-11-15;22;216
50;2025-11-15;23;135
50;2025-11-16;0;44
50;2025-11-16;1;3
50;2025-11-16;2;0
50;2025-11-16;3;0
50;2025-11-16;4;1
50;2025-11-16;5;24
50;2025-11-16;6;122
50;2025-11-16;7;224
50;2025-11-16;8;332
50;2025-11-16;9;447
50;2025-11-16;10;490
50;2025-11-16;11;635
50;2025-11-16;12;705
50;2025-11-16;13;772
50;2025-11-16;14;754
50;2025-11-16;15;678
50;2025-11-16;16;655
50;2025-11-16;17;671
50;2025-11-16;18;614
50;2025-11-16;19;539
50;2025-11-16;20;419
50;2025-11-16;21;327
50;2025-11-16;22;203
50;2025-11-16;23;114
50;2025-11-17;0;36
50;2025-11-17;1;5
50;2025-11-17;2;0
50;2025-11-17;3;0
50;2025-11-17;4;4
50;2025-11-17;5;70
50;2025-11-17;6;546
50;2025-11-17;7;1760
50;2025-11-17;8;2783
50;2025-11-17;9;2191
50;2025-11-17;10;1687
50;2025-11-17;11;1550
50;2025-11-17;12;1411
50;2025-11-17;13;1421
50;2025-11-17;14;1346
50;2025-11-17;15;1553
50;2025-11-17;16;1649
50;2025-11-17;17;2372
50;2025-11-17;18;2533
50;2025-11-17;19;1510
50;2025-11-17;20;902
50;2025-11-17;21;615
50;2025-11-17;22;263
50;2025-11-17;23;128
50;2025-11-18;0;35
50;2025-11-18;1;3
50;2025-11-18;2;0
50;2025-11-18;3;0
50;2025-11-18;4;2
50;2025-11-18;5;67
50;2025-11-18;6;569
50;2025-11-18;7;1778
50;2025-11-18;8;2761
50;2025-11-18;9;2189
50;2025-11-18;10;1693
50;2025-11-18;11;1571
50;2025-11-18;12;1427
50;2025-11-18;13;1435
50;2025-11-18;14;1342
50;2025-11-18;15;1579
50;2025-11-18;16;1542
50;2025-11-18;17;2282
50;2025-11-18;18;2510
50;2025-11-18;19;1447
50;2025-11-18;20;926
50;2025-11-18;21;622
50;2025-11-18;22;278
50;2025-11-18;23;129
50;2025-11-19;0;34
50;2025-11-19;1;3
50;2025-11-19;2;0
50;2025-11-19;3;0
50;2025-11-19;4;4
50;2025-11-19;5;71
50;2025-11-19;6;560
50;2025-11-19;7;1735
50;2025-11-19;8;2716
50;2025-11-19;9;2171
50;2025-11-19;10;1696
50;2025-11-19;11;1619
50;2025-11-19;12;1521
50;2025-11-19;13;1518
50;2025-11-19;14;1462
50;2025-11-19;15;1683
50;2025-11-19;16;1733
50;2025-11-19;17;2451
50;2025-11-19;18;2536
50;2025-11-19;19;1516
50;2025-11-19;20;896
50;2025-11-19;21;635
50;2025-11-19;22;298
50;2025-11-19;23;155
50;2025-11-20;0;41
50;2025-11-20;1;3
50;2025-11-20;2;0
50;2025-11-20;3;0
50;2025-11-20;4;3
50;2025-11-20;5;70
50;2025-11-20;6;571
50;2025-11-20;7;1799
50;2025-11-20;8;2726
50;2025-11-20;9;2174
50;2025-11-20;10;1746
50;2025-11-20;11;1588
50;2025-11-20;12;1531
50;2025-11-20;13;1509
50;2025-11-20;14;1420
50;2025-11-20;15;1606
50;2025-11-20;16;1784
50;2025-11-20;17;2378
50;2025-11-20;18;2539
50;2025-11-20;19;1528
50;2025-11-20;20;973
50;2025-11-20;21;687
50;2025-11-20;22;304
50;2025-11-20;23;159
50;2025-11-21;0;41
50;2025-11-21;1;4
50;2025-11-21;2;0
50;2025-11-21;3;0
50;2025-11-21;4;4
50;2025-11-21;5;69
50;2025-11-21;6;569
50;2025-11-21;7;1747
50;2025-11-21;8;2690
50;2025-11-21;9;2118
50;2025-11-21;10;1594
50;2025-11-21;11;1677
50;2025-11-21;12;1579
50;2025-11-21;13;1506
50;2025-11-21;14;1438
50;2025-11-21;15;1763
50;2025-11-21;16;2064
50;2025-11-21;17;2209
50;2025-11-21;18;1826
50;2025-11-21;19;1269
50;2025-11-21;20;833
50;2025-11-21;21;569
50;2025-11-21;22;313
50;2025-11-21;23;181
50;2025-11-22;0;58
50;2025-11-22;1;3
50;2025-11-22;2;0
50;2025-11-22;3;0
50;2025-11-22;4;1
50;2025-11-22;5;30
50;2025-11-22;6;161
50;2025-11-22;7;349
50;2025-11-22;8;527
50;2025-11-22;9;602
50;2025-11-22;10;616
50;2025-11-22;11;747
50;2025-11-22;12;771
50;2025-11-22;13;804
50;2025-11-22;14;806
50;2025-11-22;15;749
50;2025-11-22;16;715
50;2025-11-22;17;758
50;2025-11-22;18;667
50;2025-11-22;19;615
50;2025-11-22;20;463
50;2025-11-22;21;366
50;2025-11-22;22;222
50;2025-11-22;23;139
50;2025-11-23;0;43
50;2025-11-23;1;3
50;2025-11-23;2;0
50;2025-11-23;3;0
50;2025-11-23;4;1
50;2025-11-23;5;26
50;2025-11-23;6;129
50;2025-11-23;7;228
50;2025-11-23;8;332
50;2025-11-23;9;441
50;2025-11-23;10;473
50;2025-11-23;11;611
50;2025-11-23;12;671
50;2025-11-23;13;730
50;2025-11-23;14;715
50;2025-11-23;15;665
50;2025-11-23;16;642
50;2025-11-23;17;657
50;2025-11-23;18;606
50;2025-11-23;19;538
50;2025-11-23;20;432
50;2025-11-23;21;332
50;2025-11-23;22;206
50;2025-11-23;23;111
50;2025-11-24;0;35
50;2025-11-24;1;5
50;2025-11-24;2;0
50;2025-11-24;3;0
50;2025-11-24;4;3
50;2025-11-24;5;69
50;2025-11-24;6;536
50;2025-11-24;7;1710
50;2025-11-24;8;2724
50;2025-11-24;9;2146
50;2025-11-24;10;1655
50;2025-11-24;11;1524
50;2025-11-24;12;1369
50;2025-11-24;13;1402
50;2025-11-24;14;1296
50;2025-11-24;15;1548
50;2025-11-24;16;1626
50;2025-11-24;17;2334
50;2025-11-24;18;2493
50;2025-11-24;19;1490
50;2025-11-24;20;891
50;2025-11-24;21;602
50;2025-11-24;22;260
50;2025-11-24;23;126
50;2025-11-25;0;35
50;2025-11-25;1;2
50;2025-11-25;2;0
50;2025-11-25;3;0
50;2025-11-25;4;3
50;2025-11-25;5;69
50;2025-11-25;6;587
50;2025-11-25;7;1820
50;2025-11-25;8;2844
50;2025-11-25;9;2260
50;2025-11-25;10;1733
50;2025-11-25;11;1623
50;2025-11-25;12;1546
50;2025-11-25;13;1510
50;2025-11-25;14;1430
50;2025-11-25;15;1672
50;2025-11-25;16;1627
50;2025-11-25;17;2407
50;2025-11-25;18;2649
50;2025-11-25;19;1529
50;2025-11-25;20;975
50;2025-11-25;21;651
50;2025-11-25;22;289
50;2025-11-25;23;133
50;2025-11-26;0;36
50;2025-11-26;1;5
50;2025-11-26;2;0
50;2025-11-26;3;0
50;2025-11-26;4;4
50;2025-11-26;5;71
50;2025-11-26;6;563
50;2025-11-26;7;1761
50;2025-11-26;8;2724
50;2025-11-26;9;2173
50;2025-11-26;10;1698
50;2025-11-26;11;1609
50;2025-11-26;12;1499
50;2025-11-26;13;1489
50;2025-11-26;14;1414
50;2025-11-26;15;1648
50;2025-11-26;16;1698
50;2025-11-26;17;2428
50;2025-11-26;18;2501
50;2025-11-26;19;1491
50;2025-11-26;20;873
50;2025-11-26;21;626
50;2025-11-26;22;293
50;2025-11-26;23;153
50;2025-11-27;0;39
50;2025-11-27;1;2
50;2025-11-27;2;0
50;2025-11-27;3;0
50;2025-11-27;4;2
50;2025-11-27;5;69
50;2025-11-27;6;562
50;2025-11-27;7;1769
50;2025-11-27;8;2690
50;2025-11-27;9;2169
50;2025-11-27;10;1746
50;2025-11-27;11;1584
50;2025-11-27;12;1530
50;2025-11-27;13;1507
50;2025-11-27;14;1412
50;2025-11-27;15;1597
50;2025-11-27;16;1776
50;2025-11-27;17;2382
50;2025-11-27;18;2540
50;2025-11-27;19;1526
50;2025-11-27;20;959
50;2025-11-27;21;680
50;2025-11-27;22;302
50;2025-11-27;23;157
50;2025-11-28;0;40
50;2025-11-28;1;3
50;2025-11-28;2;0
50;2025-11-28;3;0
50;2025-11-28;4;3
50;2025-11-28;5;67
50;2025-11-28;6;560
50;2025-11-28;7;1709
50;2025-11-28;8;2635
50;2025-11-28;9;2073
50;2025-11-28;10;1559
50;2025-11-28;11;1641
50;2025-11-28;12;1541
50;2025-11-28;13;1479
50;2025-11-28;14;1415
50;2025-11-28;15;1732
50;2025-11-28;16;2035
50;2025-11-28;17;2173
50;2025-11-28;18;1796
50;2025-11-28;19;1247
50;2025-11-28;20;821
50;2025-11-28;21;558
50;2025-11-28;22;315
50;2025-11-28;23;180
50;2025-11-29;0;58
50;2025-11-29;1;3
50;2025-11-29;2;0
50;2025-11-29;3;0
50;2025-11-29;4;1
50;2025-11-29;5;31
50;2025-11-29;6;163
50;2025-11-29;7;354
50;2025-11-29;8;536
50;2025-11-29;9;611
50;2025-11-29;10;625
50;2025-11-29;11;751
50;2025-11-29;12;783
50;2025-11-29;13;815
50;2025-11-29;14;817
50;2025-11-29;15;759
50;2025-11-29;16;724
50;2025-11-29;17;768
50;2025-11-29;18;678
50;2025-11-29;19;625
50;2025-11-29;20;471
50;2025-11-29;21;371
50;2025-11-29;22;234
50;2025-11-29;23;146
50;2025-11-30;0;47
50;2025-11-30;1;5
50;2025-11-30;2;0
50;2025-11-30;3;0
50;2025-11-30;4;1
50;2025-11-30;5;26
50;2025-11-30;6;129
50;2025-11-30;7;228
50;2025-11-30;8;335
50;2025-11-30;9;447
50;2025-11-30;10;475
50;2025-11-30;11;617
50;2025-11-30;12;678
50;2025-11-30;13;737
50;2025-11-30;14;708
50;2025-11-30;15;658
50;2025-11-30;16;635
50;2025-11-30;17;651
50;2025-11-30;18;597
50;2025-11-30;19;534
50;2025-11-30;20;432
50;2025-11-30;21;337
50;2025-11-30;22;206
50;2025-11-30;23;115
50;2025-12-01;0;35
50;2025-12-01;1;5
50;2025-12-01;2;0
50;2025-12-01;3;0
50;2025-12-01;4;4
50;2025-12-01;5;70
50;2025-12-01;6;546
50;2025-12-01;7;1758
50;2025-12-01;8;2779
50;2025-12-01;9;2188
50;2025-12-01;10;1686
50;2025-12-01;11;1549
50;2025-12-01;12;1409
50;2025-12-01;13;1432
50;2025-12-01;14;1372
50;2025-12-01;15;1567
50;2025-12-01;16;1647
50;2025-12-01;17;2371
50;2025-12-01;18;2534
50;2025-12-01;19;1512
50;2025-12-01;20;903
50;2025-12-01;21;613
50;2025-12-01;22;263
50;2025-12-01;23;128
50;2025-12-02;0;35
50;2025-12-02;1;3
50;2025-12-02;2;0
50;2025-12-02;3;0
50;2025-12-02;4;3
50;2025-12-02;5;68
50;2025-12-02;6;588
50;2025-12-02;7;1824
50;2025-12-02;8;2848
50;2025-12-02;9;2261
50;2025-12-02;10;1733
50;2025-12-02;11;1619
50;2025-12-02;12;1549
50;2025-12-02;13;1509
50;2025-12-02;14;1425
50;2025-12-02;15;1662
50;2025-12-02;16;1620
50;2025-12-02;17;2407
50;2025-12-02;18;2649
50;2025-12-02;19;1530
50;2025-12-02;20;972
50;2025-12-02;21;650
50;2025-12-02;22;288
50;2025-12-02;23;134
50;2025-12-03;0;36
50;2025-12-03;1;5
50;2025-12-03;2;0
50;2025-12-03;3;0
50;2025-12-03;4;4
50;2025-12-03;5;72
50;2025-12-03;6;569
50;2025-12-03;7;1766
50;2025-12-03;8;2725
50;2025-12-03;9;2175
50;2025-12-03;10;1700
50;2025-12-03;11;1614
50;2025-12-03;12;1521
50;2025-12-03;13;1516
50;2025-12-03;14;1460
50;2025-12-03;15;1685
50;2025-12-03;16;1738
50;2025-12-03;17;2459
50;2025-12-03;18;2540
50;2025-12-03;19;1516
50;2025-12-03;20;888
50;2025-12-03;21;636
50;2025-12-03;22;298
50;2025-12-03;23;155
50;2025-12-04;0;41
50;2025-12-04;1;3
50;2025-12-04;2;0
50;2025-12-04;3;0
50;2025-12-04;4;3
50;2025-12-04;5;70
50;2025-12-04;6;571
50;2025-12-04;7;1802
50;2025-12-04;8;2727
50;2025-12-04;9;2173
50;2025-12-04;10;1748
50;2025-12-04;11;1591
50;2025-12-04;12;1532
50;2025-12-04;13;1512
50;2025-12-04;14;1421
50;2025-12-04;15;1608
50;2025-12-04;16;1789
50;2025-12-04;17;2386
50;2025-12-04;18;2545
50;2025-12-04;19;1529
50;2025-12-04;20;983
50;2025-12-04;21;690
50;2025-12-04;22;309
50;2025-12-04;23;161
50;2025-12-05;0;42
50;2025-12-05;1;4
50;2025-12-05;2;0
50;2025-12-05;3;0
50;2025-12-05;4;4
50;2025-12-05;5;69
50;2025-12-05;6;573
50;2025-12-05;7;1754
50;2025-12-05;8;2706
50;2025-12-05;9;2126
50;2025-12-05;10;1597
50;2025-12-05;11;1684
50;2025-12-05;12;1581
50;2025-12-05;13;1515
50;2025-12-05;14;1452
50;2025-12-05;15;1782
50;2025-12-05;16;2087
50;2025-12-05;17;2220
50;2025-12-05;18;1833
50;2025-12-05;19;1272
50;2025-12-05;20;839
50;2025-12-05;21;570
50;2025-12-05;22;317
50;2025-12-05;23;181
50;2025-12-06;0;59
50;2025-12-06;1;4
50;2025-12-06;2;0
50;2025-12-06;3;0
50;2025-12-06;4;1
50;2025-12-06;5;32
50;2025-12-06;6;163
50;2025-12-06;7;355
50;2025-12-06;8;538
50;2025-12-06;9;611
50;2025-12-06;10;626
50;2025-12-06;11;752
50;2025-12-06;12;784
50;2025-12-06;13;817
50;2025-12-06;14;819
50;2025-12-06;15;761
50;2025-12-06;16;726
50;2025-12-06;17;770
50;2025-12-06;18;678
50;2025-12-06;19;625
50;2025-12-06;20;477
50;2025-12-06;21;373
50;2025-12-06;22;234
50;2025-12-06;23;146
50;2025-12-07;0;47
50;2025-12-07;1;5
50;2025-12-07;2;0
50;2025-12-07;3;0
50;2025-12-07;4;1
50;2025-12-07;5;26
50;2025-12-07;6;129
50;2025-12-07;7;228
50;2025-12-07;8;334
50;2025-12-07;9;447
50;2025-12-07;10;476
50;2025-12-07;11;617
50;2025-12-07;12;678
50;2025-12-07;13;736
50;2025-12-07;14;721
50;2025-12-07;15;669
50;2025-12-07;16;646
50;2025-12-07;17;662
50;2025-12-07;18;607
50;2025-12-07;19;538
50;2025-12-07;20;433
50;2025-12-07;21;338
50;2025-12-07;22;210
50;2025-12-07;23;117
50;2025-12-08;0;36
50;2025-12-08;1;5
50;2025-12-08;2;0
50;2025-12-08;3;0
50;2025-12-08;4;4
50;2025-12-08;5;70
50;2025-12-08;6;547
50;2025-12-08;7;1763
50;2025-12-08;8;2786
50;2025-12-08;9;2191
50;2025-12-08;10;1688
50;2025-12-08;11;1554
50;2025-12-08;12;1411
50;2025-12-08;13;1441
50;2025-12-08;14;1383
50;2025-12-08;15;1579
50;2025-12-08;16;1660
50;2025-12-08;17;2372
50;2025-12-08;18;2536
50;2025-12-08;19;1513
50;2025-12-08;20;906
50;2025-12-08;21;613
50;2025-12-08;22;264
50;2025-12-08;23;128
50;2025-12-09;0;35
50;2025-12-09;1;3
50;2025-12-09;2;0
50;2025-12-09;3;0
50;2025-12-09;4;3
50;2025-12-09;5;69
50;2025-12-09;6;587
50;2025-12-09;7;1818
50;2025-12-09;8;2845
50;2025-12-09;9;2258
50;2025-12-09;10;1728
50;2025-12-09;11;1618
50;2025-12-09;12;1544
50;2025-12-09;13;1506
50;2025-12-09;14;1428
50;2025-12-09;15;1665
50;2025-12-09;16;1622
50;2025-12-09;17;2396
50;2025-12-09;18;2642
50;2025-12-09;19;1526
50;2025-12-09;20;975
50;2025-12-09;21;650
50;2025-12-09;22;289
50;2025-12-09;23;133
50;2025-12-10;0;36
50;2025-12-10;1;5
50;2025-12-10;2;0
50;2025-12-10;3;0
50;2025-12-10;4;4
50;2025-12-10;5;72
50;2025-12-10;6;566
50;2025-12-10;7;1759
50;2025-12-10;8;2716
50;2025-12-10;9;2171
50;2025-12-10;10;1697
50;2025-12-10;11;1614
50;2025-12-10;12;1518
50;2025-12-10;13;1510
50;2025-12-10;14;1457
50;2025-12-10;15;1676
50;2025-12-10;16;1726
50;2025-12-10;17;2448
50;2025-12-10;18;2532
50;2025-12-10;19;1511
50;2025-12-10;20;891
50;2025-12-10;21;634
50;2025-12-10;22;295
50;2025-12-10;23;155
50;2025-12-11;0;40
50;2025-12-11;1;3
50;2025-12-11;2;0
50;2025-12-11;3;0
50;2025-12-11;4;3
50;2025-12-11;5;70
50;2025-12-11;6;570
50;2025-12-11;7;1791
50;2025-12-11;8;2720
50;2025-12-11;9;2159
50;2025-12-11;10;1696
50;2025-12-11;11;1575
50;2025-12-11;12;1524
50;2025-12-11;13;1500
50;2025-12-11;14;1405
50;2025-12-11;15;1593
50;2025-12-11;16;1773
50;2025-12-11;17;2380
50;2025-12-11;18;2541
50;2025-12-11;19;1511
50;2025-12-11;20;973
50;2025-12-11;21;689
50;2025-12-11;22;305
50;2025-12-11;23;160
50;2025-12-12;0;41
50;2025-12-12;1;4
50;2025-12-12;2;0
50;2025-12-12;3;0
50;2025-12-12;4;4
50;2025-12-12;5;68
50;2025-12-12;6;563
50;2025-12-12;7;1719
50;2025-12-12;8;2685
50;2025-12-12;9;2115
50;2025-12-12;10;1592
50;2025-12-12;11;1675
50;2025-12-12;12;1577
50;2025-12-12;13;1511
50;2025-12-12;14;1368
50;2025-12-12;15;1695
50;2025-12-12;16;1988
50;2025-12-12;17;2144
50;2025-12-12;18;1774
50;2025-12-12;19;1236
50;2025-12-12;20;820
50;2025-12-12;21;563
50;2025-12-12;22;314
50;2025-12-12;23;180
50;2025-12-13;0;57
50;2025-12-13;1;3
50;2025-12-13;2;0
50;2025-12-13;3;0
50;2025-12-13;4;1
50;2025-12-13;5;29
50;2025-12-13;6;157
50;2025-12-13;7;340
50;2025-12-13;8;515
50;2025-12-13;9;587
50;2025-12-13;10;601
50;2025-12-13;11;721
50;2025-12-13;12;751
50;2025-12-13;13;778
50;2025-12-13;14;776
50;2025-12-13;15;725
50;2025-12-13;16;702
50;2025-12-13;17;748
50;2025-12-13;18;660
50;2025-12-13;19;612
50;2025-12-13;20;461
50;2025-12-13;21;363
50;2025-12-13;22;227
50;2025-12-13;23;142
50;2025-12-14;0;46
50;2025-12-14;1;4
50;2025-12-14;2;0
50;2025-12-14;3;0
50;2025-12-14;4;1
50;2025-12-14;5;25
50;2025-12-14;6;128
50;2025-12-14;7;224
50;2025-12-14;8;339
50;2025-12-14;9;454
50;2025-12-14;10;469
50;2025-12-14;11;606
50;2025-12-14;12;662
50;2025-12-14;13;715
50;2025-12-14;14;696
50;2025-12-14;15;657
50;2025-12-14;16;656
50;2025-12-14;17;672
50;2025-12-14;18;620
50;2025-12-14;19;551
50;2025-12-14;20;442
50;2025-12-14;21;344
50;2025-12-14;22;213
50;2025-12-14;23;118
50;2025-12-15;0;36
50;2025-12-15;1;5
50;2025-12-15;2;0
50;2025-12-15;3;0
50;2025-12-15;4;4
50;2025-12-15;5;70
50;2025-12-15;6;547
50;2025-12-15;7;1760
50;2025-12-15;8;2781
50;2025-12-15;9;2194
50;2025-12-15;10;1689
50;2025-12-15;11;1554
50;2025-12-15;12;1408
50;2025-12-15;13;1437
50;2025-12-15;14;1376
50;2025-12-15;15;1571
50;2025-12-15;16;1650
50;2025-12-15;17;2366
50;2025-12-15;18;2525
50;2025-12-15;19;1509
50;2025-12-15;20;907
50;2025-12-15;21;611
50;2025-12-15;22;264
50;2025-12-15;23;128
50;2025-12-16;0;35
50;2025-12-16;1;3
50;2025-12-16;2;0
50;2025-12-16;3;0
50;2025-12-16;4;3
50;2025-12-16;5;69
50;2025-12-16;6;587
50;2025-12-16;7;1817
50;2025-12-16;8;2844
50;2025-12-16;9;2267
50;2025-12-16;10;1737
50;2025-12-16;11;1600
50;2025-12-16;12;1511
50;2025-12-16;13;1486
50;2025-12-16;14;1418
50;2025-12-16;15;1653
50;2025-12-16;16;1612
50;2025-12-16;17;2407
50;2025-12-16;18;2645
50;2025-12-16;19;1525
50;2025-12-16;20;969
50;2025-12-16;21;651
50;2025-12-16;22;287
50;2025-12-16;23;133
50;2025-12-17;0;36
50;2025-12-17;1;5
50;2025-12-17;2;0
50;2025-12-17;3;0
50;2025-12-17;4;4
50;2025-12-17;5;72
50;2025-12-17;6;568
50;2025-12-17;7;1766
50;2025-12-17;8;2727
50;2025-12-17;9;2172
50;2025-12-17;10;1698
50;2025-12-17;11;1611
50;2025-12-17;12;1519
50;2025-12-17;13;1519
50;2025-12-17;14;1461
50;2025-12-17;15;1683
50;2025-12-17;16;1733
50;2025-12-17;17;2450
50;2025-12-17;18;2534
50;2025-12-17;19;1512
50;2025-12-17;20;886
50;2025-12-17;21;635
50;2025-12-17;22;296
50;2025-12-17;23;155
50;2025-12-18;0;40
50;2025-12-18;1;3
50;2025-12-18;2;0
50;2025-12-18;3;0
50;2025-12-18;4;3
50;2025-12-18;5;70
50;2025-12-18;6;570
50;2025-12-18;7;1795
50;2025-12-18;8;2722
50;2025-12-18;9;2172
50;2025-12-18;10;1745
50;2025-12-18;11;1585
50;2025-12-18;12;1530
50;2025-12-18;13;1506
50;2025-12-18;14;1414
50;2025-12-18;15;1598
50;2025-12-18;16;1768
50;2025-12-18;17;2374
50;2025-12-18;18;2536
50;2025-12-18;19;1525
50;2025-12-18;20;978
50;2025-12-18;21;688
50;2025-12-18;22;306
50;2025-12-18;23;160
50;2025-12-19;0;42
50;2025-12-19;1;4
50;2025-12-19;2;0
50;2025-12-19;3;0
50;2025-12-19;4;4
50;2025-12-19;5;69
50;2025-12-19;6;572
50;2025-12-19;7;1750
50;2025-12-19;8;2698
50;2025-12-19;9;2123
50;2025-12-19;10;1595
50;2025-12-19;11;1682
50;2025-12-19;12;1579
50;2025-12-19;13;1508
50;2025-12-19;14;1446
50;2025-12-19;15;1773
50;2025-12-19;16;2076
50;2025-12-19;17;2210
50;2025-12-19;18;1828
50;2025-12-19;19;1271
50;2025-12-19;20;838
50;2025-12-19;21;568
50;2025-12-19;22;315
50;2025-12-19;23;180
50;2025-12-20;0;59
50;2025-12-20;1;4
50;2025-12-20;2;0
50;2025-12-20;3;0
50;2025-12-20;4;1
50;2025-12-20;5;31
50;2025-12-20;6;163
50;2025-12-20;7;354
50;2025-12-20;8;536
50;2025-12-20;9;611
50;2025-12-20;10;624
50;2025-12-20;11;742
50;2025-12-20;12;751
50;2025-12-20;13;815
50;2025-12-20;14;815
50;2025-12-20;15;729
50;2025-12-20;16;721
50;2025-12-20;17;734
50;2025-12-20;18;651
50;2025-12-20;19;600
50;2025-12-20;20;454
50;2025-12-20;21;359
50;2025-12-20;22;225
50;2025-12-20;23;141
50;2025-12-21;0;46
50;2025-12-21;1;5
50;2025-12-21;2;0
50;2025-12-21;3;0
50;2025-12-21;4;1
50;2025-12-21;5;25
50;2025-12-21;6;127
50;2025-12-21;7;223
50;2025-12-21;8;328
50;2025-12-21;9;441
50;2025-12-21;10;468
50;2025-12-21;11;606
50;2025-12-21;12;666
50;2025-12-21;13;724
50;2025-12-21;14;708
50;2025-12-21;15;656
50;2025-12-21;16;634
50;2025-12-21;17;650
50;2025-12-21;18;602
50;2025-12-21;19;528
50;2025-12-21;20;424
50;2025-12-21;21;332
50;2025-12-21;22;206
50;2025-12-21;23;114
50;2025-12-22;0;35
50;2025-12-22;1;5
50;2025-12-22;2;0
50;2025-12-22;3;0
50;2025-12-22;4;4
50;2025-12-22;5;69
50;2025-12-22;6;546
50;2025-12-22;7;1762
50;2025-12-22;8;2781
50;2025-12-22;9;2190
50;2025-12-22;10;1687
50;2025-12-22;11;1550
50;2025-12-22;12;1410
50;2025-12-22;13;1433
50;2025-12-22;14;1370
50;2025-12-22;15;1557
50;2025-12-22;16;1645
50;2025-12-22;17;2352
50;2025-12-22;18;2524
50;2025-12-22;19;1506
50;2025-12-22;20;904
50;2025-12-22;21;613
50;2025-12-22;22;264
50;2025-12-22;23;128
50;2025-12-23;0;35
50;2025-12-23;1;3
50;2025-12-23;2;0
50;2025-12-23;3;0
50;2025-12-23;4;3
50;2025-12-23;5;69
50;2025-12-23;6;587
50;2025-12-23;7;1817
50;2025-12-23;8;2837
50;2025-12-23;9;2266
50;2025-12-23;10;1737
50;2025-12-23;11;1628
50;2025-12-23;12;1549
50;2025-12-23;13;1514
50;2025-12-23;14;1429
50;2025-12-23;15;1666
50;2025-12-23;16;1625
50;2025-12-23;17;2407
50;2025-12-23;18;2636
50;2025-12-23;19;1526
50;2025-12-23;20;973
50;2025-12-23;21;649
50;2025-12-23;22;289
50;2025-12-23;23;133
50;2025-12-24;0;37
50;2025-12-24;1;5
50;2025-12-24;2;0
50;2025-12-24;3;0
50;2025-12-24;4;4
50;2025-12-24;5;72
50;2025-12-24;6;568
50;2025-12-24;7;1760
50;2025-12-24;8;2714
50;2025-12-24;9;2182
50;2025-12-24;10;1704
50;2025-12-24;11;1621
50;2025-12-24;12;1520
50;2025-12-24;13;1507
50;2025-12-24;14;1452
50;2025-12-24;15;1672
50;2025-12-24;16;1729
50;2025-12-24;17;2453
50;2025-12-24;18;2520
50;2025-12-24;19;1511
50;2025-12-24;20;888
50;2025-12-24;21;633
50;2025-12-24;22;297
50;2025-12-24;23;155
50;2025-12-25;0;40
50;2025-12-25;1;3
50;2025-12-25;2;0
50;2025-12-25;3;0
50;2025-12-25;4;3
50;2025-12-25;5;70
50;2025-12-25;6;572
50;2025-12-25;7;1796
50;2025-12-25;8;2722
50;2025-12-25;9;2180
50;2025-12-25;10;1750
50;2025-12-25;11;1592
50;2025-12-25;12;1529
50;2025-12-25;13;1504
50;2025-12-25;14;1412
50;2025-12-25;15;1596
50;2025-12-25;16;1776
50;2025-12-25;17;2376
50;2025-12-25;18;2532
50;2025-12-25;19;1526
50;2025-12-25;20;972
50;2025-12-25;21;675
50;2025-12-25;22;298
50;2025-12-25;23;156
50;2025-12-26;0;39
50;2025-12-26;1;2
50;2025-12-26;2;0
50;2025-12-26;3;0
50;2025-12-26;4;2
50;2025-12-26;5;67
50;2025-12-26;6;553
50;2025-12-26;7;1693
50;2025-12-26;8;2607
50;2025-12-26;9;2055
50;2025-12-26;10;1546
50;2025-12-26;11;1624
50;2025-12-26;12;1529
50;2025-12-26;13;1458
50;2025-12-26;14;1396
50;2025-12-26;15;1716
50;2025-12-26;16;2018
50;2025-12-26;17;2143
50;2025-12-26;18;1777
50;2025-12-26;19;1236
50;2025-12-26;20;807
50;2025-12-26;21;551
50;2025-12-26;22;306
50;2025-12-26;23;176
50;2025-12-27;0;54
50;2025-12-27;1;3
50;2025-12-27;2;0
50;2025-12-27;3;0
50;2025-12-27;4;1
50;2025-12-27;5;29
50;2025-12-27;6;156
50;2025-12-27;7;337
50;2025-12-27;8;506
50;2025-12-27;9;579
50;2025-12-27;10;614
50;2025-12-27;11;738
50;2025-12-27;12;770
50;2025-12-27;13;807
50;2025-12-27;14;803
50;2025-12-27;15;746
50;2025-12-27;16;711
50;2025-12-27;17;755
50;2025-12-27;18;666
50;2025-12-27;19;614
50;2025-12-27;20;462
50;2025-12-27;21;365
50;2025-12-27;22;229
50;2025-12-27;23;143
50;2025-12-28;0;46
50;2025-12-28;1;4
50;2025-12-28;2;0
50;2025-12-28;3;0
50;2025-12-28;4;1
50;2025-12-28;5;25
50;2025-12-28;6;127
50;2025-12-28;7;223
50;2025-12-28;8;328
50;2025-12-28;9;440
50;2025-12-28;10;467
50;2025-12-28;11;605
50;2025-12-28;12;665
50;2025-12-28;13;723
50;2025-12-28;14;707
50;2025-12-28;15;656
50;2025-12-28;16;631
50;2025-12-28;17;647
50;2025-12-28;18;594
50;2025-12-28;19;527
50;2025-12-28;20;423
50;2025-12-28;21;332
50;2025-12-28;22;205
50;2025-12-28;23;114
50;2025-12-29;0;35
50;2025-12-29;1;5
50;2025-12-29;2;0
50;2025-12-29;3;0
50;2025-12-29;4;4
50;2025-12-29;5;69
50;2025-12-29;6;545
50;2025-12-29;7;1758
50;2025-12-29;8;2779
50;2025-12-29;9;2189
50;2025-12-29;10;1687
50;2025-12-29;11;1554
50;2025-12-29;12;1407
50;2025-12-29;13;1433
50;2025-12-29;14;1375
50;2025-12-29;15;1569
50;2025-12-29;16;1650
50;2025-12-29;17;2367
50;2025-12-29;18;2525
50;2025-12-29;19;1509
50;2025-12-29;20;902
50;2025-12-29;21;611
50;2025-12-29;22;262
50;2025-12-29;23;128
50;2025-12-30;0;35
50;2025-12-30;1;3
50;2025-12-30;2;0
50;2025-12-30;3;0
50;2025-12-30;4;3
50;2025-12-30;5;68
50;2025-12-30;6;587
50;2025-12-30;7;1816
50;2025-12-30;8;2837
50;2025-12-30;9;2264
50;2025-12-30;10;1736
50;2025-12-30;11;1623
50;2025-12-30;12;1545
50;2025-12-30;13;1502
50;2025-12-30;14;1421
50;2025-12-30;15;1656
50;2025-12-30;16;1615
50;2025-12-30;17;2396
50;2025-12-30;18;2636
50;2025-12-30;19;1525
50;2025-12-30;20;975
50;2025-12-30;21;648
50;2025-12-30;22;288
50;2025-12-30;23;133
50;2025-12-31;0;45
50;2025-12-31;1;3
50;2025-12-31;2;0
50;2025-12-31;3;0
50;2025-12-31;4;1
50;2025-12-31;5;25
50;2025-12-31;6;128
50;2025-12-31;7;226
50;2025-12-31;8;331
50;2025-12-31;9;441
50;2025-12-31;10;455
50;2025-12-31;11;589
50;2025-12-31;12;647
50;2025-12-31;13;703
50;2025-12-31;14;687
50;2025-12-31;15;637
50;2025-12-31;16;624
50;2025-12-31;17;641
50;2025-12-31;18;595
50;2025-12-31;19;529
50;2025-12-31;20;422
50;2025-12-31;21;329
50;2025-12-31;22;206
50;2025-12-31;23;113
